image_name,Chromatic_Score,Chromatic_Score_to_MOS_scale
fastfading_bikes_img152.bmp,3.4000758665684074,3.5273131712264134
fastfading_bikes_img31.bmp,3.185062431913813,2.0941004856064493
fastfading_bikes_img32.bmp,3.386701526350937,3.4381639787944684
fastfading_bikes_img33.bmp,3.407248053155524,3.575120736445777
fastfading_bikes_img34.bmp,3.4042919719742213,3.555416418640838
fastfading_bikes_img35.bmp,3.374627676323973,3.3576834495163044
fastfading_building2_img156.bmp,3.551527532579026,4.536842874955827
fastfading_building2_img51.bmp,3.5131678318721864,4.281149040019672
fastfading_building2_img52.bmp,3.6002802942713807,4.861813622150004
fastfading_building2_img53.bmp,3.607075144015083,4.907105977323996
fastfading_building2_img54.bmp,3.5654995233785294,4.629975820296579
fastfading_building2_img55.bmp,3.5673127853021773,4.642062460350019
fastfading_buildings_img159.bmp,3.3617565075776104,3.2718882416230097
fastfading_buildings_img66.bmp,3.3481075365296618,3.1809084454860637
fastfading_buildings_img67.bmp,3.318258361942647,2.9819431308669184
fastfading_buildings_img68.bmp,3.4987828379505608,4.185263144311995
fastfading_buildings_img69.bmp,3.281112211140445,2.734338442177617
fastfading_buildings_img70.bmp,3.3687071760149125,3.3182192357484825
fastfading_caps_img163.bmp,3.571985075741073,4.67320649532013
fastfading_caps_img86.bmp,3.5478056073370343,4.512033678822009
fastfading_caps_img87.bmp,3.5566319700441675,4.570867467603942
fastfading_caps_img88.bmp,3.564062144506632,4.620394699765413
fastfading_caps_img89.bmp,3.570657050253048,4.664354290436646
fastfading_caps_img90.bmp,3.572298466467052,4.675295460434102
fastfading_carnivaldolls_img101.bmp,3.5529075246029764,4.54604147260605
fastfading_carnivaldolls_img102.bmp,3.5569352801291227,4.5728892382999575
fastfading_carnivaldolls_img103.bmp,3.5564420504313894,4.569601522530701
fastfading_carnivaldolls_img104.bmp,3.548864616962492,4.519092707630314
fastfading_carnivaldolls_img105.bmp,3.556495854179176,4.569960161580327
fastfading_carnivaldolls_img166.bmp,3.554758206319446,4.558377541360778
fastfading_cemetry_img116.bmp,3.4402491572131537,3.7950958326570436
fastfading_cemetry_img117.bmp,3.5384164165977587,4.449448253418929
fastfading_cemetry_img118.bmp,3.567826182532495,4.645484606619323
fastfading_cemetry_img119.bmp,3.5892067318192598,4.788000698753472
fastfading_cemetry_img120.bmp,3.5150989815977334,4.294021483497131
fastfading_cemetry_img169.bmp,3.5826552403133696,4.7443304939076345
fastfading_churchandcapitol_img131.bmp,3.604343041982194,4.888894634864231
fastfading_churchandcapitol_img132.bmp,3.483029648222394,4.080257280870689
fastfading_churchandcapitol_img133.bmp,3.5452843888059906,4.49522802020018
fastfading_churchandcapitol_img134.bmp,3.5434084113482367,4.482723337901099
fastfading_churchandcapitol_img135.bmp,3.5329113073503318,4.41275290728016
fastfading_churchandcapitol_img172.bmp,3.532169969419213,4.4078113791895195
fastfading_coinsinfountain_img1.bmp,3.586207330480684,4.768007622252844
fastfading_coinsinfountain_img146.bmp,3.5784349573774232,4.716199400376571
fastfading_coinsinfountain_img2.bmp,3.586152239864305,4.767640405337399
fastfading_coinsinfountain_img3.bmp,3.588367695888784,4.782407946183472
fastfading_coinsinfountain_img4.bmp,3.584866643129112,4.759071017324831
fastfading_coinsinfountain_img5.bmp,3.588363041550473,4.782376921811805
fastfading_dancers_img149.bmp,3.5818610395637167,4.7390365987091325
fastfading_dancers_img16.bmp,3.5818520492830825,4.738976672294428
fastfading_dancers_img17.bmp,3.5801087173973074,4.727356164125009
fastfading_dancers_img18.bmp,3.563087900015792,4.613900688982273
fastfading_dancers_img19.bmp,3.584116400447064,4.754070132933897
fastfading_dancers_img20.bmp,3.587689610469365,4.777888039664113
fastfading_flowersonih35_img153.bmp,3.572962123915278,4.679719194584628
fastfading_flowersonih35_img36.bmp,3.5885232743557114,4.783444983858667
fastfading_flowersonih35_img37.bmp,3.5607287060789385,4.598175035915208
fastfading_flowersonih35_img38.bmp,3.5807705338951967,4.731767627073133
fastfading_flowersonih35_img39.bmp,3.6019487784325497,4.872935218665053
fastfading_flowersonih35_img40.bmp,3.580218146724347,4.728085585986222
fastfading_house_img160.bmp,3.439301299406,3.788777707301021
fastfading_house_img71.bmp,3.249162830543825,2.5213738074684633
fastfading_house_img72.bmp,3.442740460596685,3.8117020862092494
fastfading_house_img73.bmp,3.439390405220234,3.789371658946546
fastfading_house_img74.bmp,3.436927194420083,3.7729526618182776
fastfading_house_img75.bmp,3.4372902357687902,3.7753725825418716
fastfading_lighthouse2_img106.bmp,3.3789886652731256,3.386752445571432
fastfading_lighthouse2_img107.bmp,3.386935863303944,3.4397259960437574
fastfading_lighthouse2_img108.bmp,3.39026001895538,3.4618837837944
fastfading_lighthouse2_img109.bmp,3.4051027395491245,3.560820743144129
fastfading_lighthouse2_img110.bmp,3.418839063114315,3.652382803994128
fastfading_lighthouse2_img167.bmp,3.4165556495091325,3.6371622790500853
fastfading_lighthouse_img164.bmp,3.508038233959371,4.246956735652334
fastfading_lighthouse_img91.bmp,3.483236180831948,4.081633963013747
fastfading_lighthouse_img92.bmp,3.453028549392463,3.880279286497131
fastfading_lighthouse_img93.bmp,3.497911651377388,4.179456085556717
fastfading_lighthouse_img94.bmp,3.502786622870804,4.211951129401877
fastfading_lighthouse_img95.bmp,3.485290324854373,4.095326248222621
fastfading_manfishing_img121.bmp,3.404402079553959,3.556150361523601
fastfading_manfishing_img122.bmp,3.473810553491878,4.0188056625616575
fastfading_manfishing_img123.bmp,3.443721061454609,3.818238466558525
fastfading_manfishing_img124.bmp,3.4318301644391087,3.738977445155873
fastfading_manfishing_img125.bmp,3.4293477505002623,3.7224304458772934
fastfading_manfishing_img170.bmp,3.408779919967354,3.5853316841985143
fastfading_monarch_img136.bmp,3.22164464545698,2.3379461439131073
fastfading_monarch_img137.bmp,3.2353401795507386,2.4292363148321847
fastfading_monarch_img138.bmp,3.245301172744181,2.4956331975625585
fastfading_monarch_img139.bmp,3.246221733224711,2.5017693674288517
fastfading_monarch_img140.bmp,3.2432657913306047,2.4820659780690457
fastfading_monarch_img173.bmp,3.2492604294401457,2.5220243713578046
fastfading_ocean_img10.bmp,3.309158665652255,2.921287385426502
fastfading_ocean_img147.bmp,3.310419331976852,2.9296905950754635
fastfading_ocean_img6.bmp,3.369437357476013,3.3230863982796732
fastfading_ocean_img7.bmp,3.2983275612241307,2.849090611812799
fastfading_ocean_img8.bmp,3.2947051334459574,2.8249446348288014
fastfading_ocean_img9.bmp,3.3444517925904984,3.156540393334327
fastfading_paintedhouse_img150.bmp,3.384061112208461,3.420563799297006
fastfading_paintedhouse_img21.bmp,3.3382714640968683,3.115344245695466
fastfading_paintedhouse_img22.bmp,3.390584343934093,3.4640456332365117
fastfading_paintedhouse_img23.bmp,3.42062449801559,3.6642839577707154
fastfading_paintedhouse_img24.bmp,3.353805327224437,3.21888814622838
fastfading_paintedhouse_img25.bmp,3.388109030919346,3.4475459665095713
fastfading_parrots_img154.bmp,3.5770155246848683,4.70673790349559
fastfading_parrots_img41.bmp,3.575117428688954,4.694085785900061
fastfading_parrots_img42.bmp,3.572953835615264,4.67966394735442
fastfading_parrots_img43.bmp,3.5762586297725165,4.7016926774063155
fastfading_parrots_img44.bmp,3.581485190620304,4.736531306542429
fastfading_parrots_img45.bmp,3.577102998886771,4.707320979320748
fastfading_plane_img157.bmp,3.340472735657113,3.130017237314364
fastfading_plane_img56.bmp,3.4604463808827024,3.929724244244451
fastfading_plane_img57.bmp,3.381990907200734,3.4067644565551225
fastfading_plane_img58.bmp,3.4491393645938078,3.8543551901767916
fastfading_plane_img59.bmp,3.3428516405475137,3.1458742774676116
fastfading_plane_img60.bmp,3.3427057789247,3.144902009253313
fastfading_rapids_img161.bmp,3.5644573054500346,4.623028719717962
fastfading_rapids_img76.bmp,3.488512041440602,4.116801209023434
fastfading_rapids_img77.bmp,3.586296429356609,4.768601527649755
fastfading_rapids_img78.bmp,3.5635490280316318,4.6169744249237405
fastfading_rapids_img79.bmp,3.5665821566622413,4.637192317063783
fastfading_rapids_img80.bmp,3.564270332985122,4.621782419415823
fastfading_sailing1_img100.bmp,3.3951528993902755,3.494498203073731
fastfading_sailing1_img165.bmp,3.413655010571871,3.6178275220012295
fastfading_sailing1_img96.bmp,3.4583123181433604,3.9154992457235576
fastfading_sailing1_img97.bmp,3.4326012238862,3.744117087628509
fastfading_sailing1_img98.bmp,3.416973980487551,3.6399507432501044
fastfading_sailing1_img99.bmp,3.4004754973869598,3.5299769859765657
fastfading_sailing2_img111.bmp,3.387540784889185,3.4437582151986468
fastfading_sailing2_img112.bmp,3.371564253327755,3.3372636245567486
fastfading_sailing2_img113.bmp,3.3865711770989275,3.43729511121956
fastfading_sailing2_img114.bmp,3.408648121615589,3.584453157375311
fastfading_sailing2_img115.bmp,3.4047207805086317,3.5582747229705483
fastfading_sailing2_img168.bmp,3.406776067196664,3.5719746248329867
fastfading_sailing3_img126.bmp,3.2559040618779904,2.56630875899996
fastfading_sailing3_img127.bmp,3.293088971162565,2.8141717996787587
fastfading_sailing3_img128.bmp,3.2939857078744117,2.8201491677122696
fastfading_sailing3_img129.bmp,3.296118866748955,2.8343681413515203
fastfading_sailing3_img130.bmp,3.2962145861699765,2.835006177243038
fastfading_sailing3_img171.bmp,3.2988938526897447,2.852865334604331
fastfading_sailing4_img141.bmp,3.431626487806141,3.7376198000645195
fastfading_sailing4_img142.bmp,3.466009298778728,3.9668049248561266
fastfading_sailing4_img143.bmp,3.4450670191395782,3.8272102018898755
fastfading_sailing4_img144.bmp,3.431167453443962,3.7345600197672213
fastfading_sailing4_img145.bmp,3.4760017136619945,4.033411254798631
fastfading_sailing4_img174.bmp,3.454985011534825,3.8933204546728453
fastfading_statue_img11.bmp,3.3361107817595137,3.1009418092129915
fastfading_statue_img12.bmp,3.3362655419945417,3.1019733928088162
fastfading_statue_img13.bmp,3.3429115820519204,3.146273828894009
fastfading_statue_img14.bmp,3.339753625156618,3.1252238703634676
fastfading_statue_img148.bmp,3.345290783267014,3.1621328442555003
fastfading_statue_img15.bmp,3.34265735155916,3.1445792074956715
fastfading_stream_img151.bmp,3.4797253693397505,4.058231985479084
fastfading_stream_img26.bmp,3.4418488215103147,3.8057586973617883
fastfading_stream_img27.bmp,3.487325914965811,4.108894858831171
fastfading_stream_img28.bmp,3.491286872247585,4.1352973682025365
fastfading_stream_img29.bmp,3.489318414464213,4.122176240814529
fastfading_stream_img30.bmp,3.485923299336857,4.099545459266002
fastfading_studentsculpture_img155.bmp,3.462686444208995,3.9446558097114752
fastfading_studentsculpture_img46.bmp,3.3758751355196845,3.3659986245515716
fastfading_studentsculpture_img47.bmp,3.466372506525184,3.969225954735362
fastfading_studentsculpture_img48.bmp,3.4153503471759388,3.6291281085494576
fastfading_studentsculpture_img49.bmp,3.47368431357864,4.0179641865609845
fastfading_studentsculpture_img50.bmp,3.468558272138422,3.983795588533906
fastfading_womanhat_img162.bmp,3.294490014774473,2.823510720667202
fastfading_womanhat_img81.bmp,3.2794637954559285,2.72335061588658
fastfading_womanhat_img82.bmp,3.29011722302828,2.7943630508377053
fastfading_womanhat_img83.bmp,3.2940779619176026,2.820764104472911
fastfading_womanhat_img84.bmp,3.29150520887986,2.8036149328568047
fastfading_womanhat_img85.bmp,3.2740927457391207,2.6875488688860236
fastfading_woman_img158.bmp,3.399161109470496,3.5212156849037863
fastfading_woman_img61.bmp,3.3313030278781097,3.0688948170646357
fastfading_woman_img62.bmp,3.363304640060673,3.2822076112815166
fastfading_woman_img63.bmp,3.415831456829228,3.6323350358718183
fastfading_woman_img64.bmp,3.4016252727045395,3.53764103066017
fastfading_woman_img65.bmp,3.29825532679327,2.848609119561794
gblur_bikes_img112.bmp,3.3512050950286736,3.2015558070910046
gblur_bikes_img129.bmp,3.348518649586905,3.1836487972683214
gblur_bikes_img152.bmp,3.4000758665684074,3.5273131712264134
gblur_bikes_img26.bmp,3.335313027545752,3.095624227727878
gblur_bikes_img40.bmp,3.292453819130895,2.8099380737697293
gblur_bikes_img60.bmp,3.365348390397364,3.295830615413752
gblur_building2_img137.bmp,3.525830979452042,4.365557643512204
gblur_building2_img156.bmp,3.551527532579026,4.536842874955827
gblur_building2_img25.bmp,3.485784898931219,4.098622925204936
gblur_building2_img33.bmp,3.5104286214704,4.262890315383563
gblur_building2_img8.bmp,3.5171201777351047,4.30749414835112
gblur_building2_img80.bmp,3.5047132170134363,4.2247932067804275
gblur_buildings_img134.bmp,3.323295925104862,3.0155219602098216
gblur_buildings_img159.bmp,3.3617565075776104,3.2718882416230097
gblur_buildings_img45.bmp,3.349028266771408,3.187045746927831
gblur_buildings_img62.bmp,3.337618207649621,3.1109898413827226
gblur_buildings_img7.bmp,3.3398654673022445,3.12596937532299
gblur_buildings_img73.bmp,3.299997795912903,2.860223876800433
gblur_caps_img1.bmp,3.565391242522074,4.6292540537831
gblur_caps_img115.bmp,3.5622599003738893,4.6083815008795845
gblur_caps_img163.bmp,3.571985075741073,4.67320649532013
gblur_caps_img28.bmp,3.5682308285238,4.648181850951312
gblur_caps_img70.bmp,3.5401557320131363,4.461041989045812
gblur_caps_img88.bmp,3.554705456255757,4.558025925841646
gblur_carnivaldolls_img166.bmp,3.554758206319446,4.558377541360778
gblur_carnivaldolls_img27.bmp,3.5578601643804344,4.5790542290775775
gblur_carnivaldolls_img52.bmp,3.559602500586998,4.590668100359032
gblur_carnivaldolls_img59.bmp,3.5585932149491417,4.583940516187776
gblur_carnivaldolls_img6.bmp,3.559188358696072,4.587907559313423
gblur_carnivaldolls_img95.bmp,3.55623135771966,4.568197110440344
gblur_cemetry_img109.bmp,3.5576943617201984,4.577949040109541
gblur_cemetry_img13.bmp,3.5665392518358447,4.636906326834547
gblur_cemetry_img135.bmp,3.5513068400226144,4.535371807010798
gblur_cemetry_img143.bmp,3.5625984633701053,4.610638256518309
gblur_cemetry_img169.bmp,3.5826552403133696,4.7443304939076345
gblur_cemetry_img83.bmp,3.534860341622407,4.425744563582629
gblur_churchandcapitol_img104.bmp,3.4570500076374717,3.907085076473449
gblur_churchandcapitol_img142.bmp,3.507860691629417,4.245773293697027
gblur_churchandcapitol_img172.bmp,3.532169969419213,4.4078113791895195
gblur_churchandcapitol_img2.bmp,3.505309328956737,4.228766703601965
gblur_churchandcapitol_img66.bmp,3.499096710060823,4.187355318183886
gblur_churchandcapitol_img91.bmp,3.5016901614322458,4.204642458455064
gblur_coinsinfountain_img101.bmp,3.556296521584432,4.568631472496769
gblur_coinsinfountain_img123.bmp,3.543888416281161,4.485922901501079
gblur_coinsinfountain_img146.bmp,3.5784349573774232,4.716199400376571
gblur_coinsinfountain_img19.bmp,3.548789141923196,4.51858961449132
gblur_coinsinfountain_img22.bmp,3.5506630692412986,4.531080631197084
gblur_coinsinfountain_img32.bmp,3.561782334606837,4.60519819600072
gblur_dancers_img128.bmp,3.560973902334684,4.599809437899276
gblur_dancers_img149.bmp,3.5818610395637167,4.7390365987091325
gblur_dancers_img21.bmp,3.567433709358794,4.6428685025037
gblur_dancers_img41.bmp,3.5536560503086427,4.551030912166405
gblur_dancers_img51.bmp,3.571807507372799,4.672022879801481
gblur_dancers_img93.bmp,3.56675996502464,4.638377532308628
gblur_flowersonih35_img107.bmp,3.5633534839999306,4.615670989223169
gblur_flowersonih35_img153.bmp,3.572962123915278,4.679719194584628
gblur_flowersonih35_img65.bmp,3.5693138115586684,4.655400679050952
gblur_flowersonih35_img85.bmp,3.5685893260451005,4.650571483934556
gblur_flowersonih35_img87.bmp,3.5696164111536266,4.65741771384161
gblur_flowersonih35_img90.bmp,3.570410095120897,4.662708164329471
gblur_house_img113.bmp,3.4139554165259485,3.619829934664008
gblur_house_img122.bmp,3.4183187171065392,3.648914339335379
gblur_house_img138.bmp,3.3950105949901275,3.4935496461994155
gblur_house_img160.bmp,3.439301299406,3.788777707301021
gblur_house_img49.bmp,3.419173190858899,3.6546099956248517
gblur_house_img94.bmp,3.4291661658783514,3.721220059260968
gblur_lighthouse2_img118.bmp,3.3519899259789825,3.2067872461211135
gblur_lighthouse2_img133.bmp,3.392059823681004,3.473880722351039
gblur_lighthouse2_img167.bmp,3.4165556495091325,3.6371622790500853
gblur_lighthouse2_img53.bmp,3.366910330903387,3.3062420250589772
gblur_lighthouse2_img55.bmp,3.3723138243399413,3.3422600318052735
gblur_lighthouse2_img75.bmp,3.376449911150617,3.3698299001505188
gblur_lighthouse_img102.bmp,3.481353303590806,4.069083288904455
gblur_lighthouse_img15.bmp,3.47457005260118,4.023868247417888
gblur_lighthouse_img164.bmp,3.508038233959371,4.246956735652334
gblur_lighthouse_img24.bmp,3.4088759415078966,3.585971733924801
gblur_lighthouse_img4.bmp,3.4975054793667093,4.176748669254181
gblur_lighthouse_img97.bmp,3.469158926081783,3.9877993609152727
gblur_manfishing_img14.bmp,3.3873513822073287,3.442495715826162
gblur_manfishing_img16.bmp,3.375487136986913,3.3634123470007604
gblur_manfishing_img170.bmp,3.408779919967354,3.5853316841985143
gblur_manfishing_img47.bmp,3.3831870059339084,3.414737278720366
gblur_manfishing_img67.bmp,3.3935157525282027,3.4835854912484674
gblur_manfishing_img78.bmp,3.372233811426,3.341726690605185
gblur_monarch_img103.bmp,3.213617096289444,2.284436997752857
gblur_monarch_img11.bmp,3.0651222953925474,1.2946168372780824
gblur_monarch_img173.bmp,3.2492604294401457,2.5220243713578046
gblur_monarch_img3.bmp,3.210432401871888,2.2632088152144187
gblur_monarch_img37.bmp,3.189030780506399,2.1205522631569678
gblur_monarch_img96.bmp,3.2304684709668035,2.39676302052685
gblur_ocean_img106.bmp,3.289458929586236,2.789975071484169
gblur_ocean_img117.bmp,3.228261769125329,2.382053832342108
gblur_ocean_img119.bmp,3.283977729587119,2.753439096958787
gblur_ocean_img147.bmp,3.310419331976852,2.9296905950754635
gblur_ocean_img57.bmp,3.278090749780152,2.71419832043295
gblur_ocean_img92.bmp,3.296005787606365,2.8336143909549487
gblur_paintedhouse_img110.bmp,3.3445229102859653,3.1570144417745043
gblur_paintedhouse_img116.bmp,3.281240511058637,2.7351936495306477
gblur_paintedhouse_img150.bmp,3.384061112208461,3.420563799297006
gblur_paintedhouse_img23.bmp,3.363816903628705,3.285622200910596
gblur_paintedhouse_img39.bmp,3.350578421121873,3.1973785937256327
gblur_paintedhouse_img81.bmp,3.341743474599296,3.138487587899543
gblur_parrots_img105.bmp,3.5696895484217883,4.65790522412528
gblur_parrots_img12.bmp,3.576555376105128,4.703670696170552
gblur_parrots_img154.bmp,3.5770155246848683,4.70673790349559
gblur_parrots_img31.bmp,3.5740662962128784,4.687079263719719
gblur_parrots_img56.bmp,3.575813447658033,4.698725231884067
gblur_parrots_img69.bmp,3.558311904452678,4.5820653879067095
gblur_plane_img139.bmp,3.3348471396021635,3.0925187635883873
gblur_plane_img157.bmp,3.340472735657113,3.130017237314364
gblur_plane_img30.bmp,3.336468223096226,3.1033244019982464
gblur_plane_img5.bmp,3.332800913284341,3.0788792553359654
gblur_plane_img63.bmp,3.3387732462603323,3.118688969541443
gblur_plane_img86.bmp,3.337277666988097,3.1087199032421147
gblur_rapids_img141.bmp,3.5449774209307594,4.493181867811769
gblur_rapids_img161.bmp,3.5644573054500346,4.623028719717962
gblur_rapids_img17.bmp,3.50082338183278,4.198864775215938
gblur_rapids_img29.bmp,3.552450556357284,4.542995464398684
gblur_rapids_img34.bmp,3.5494751359829806,4.523162237547746
gblur_rapids_img9.bmp,3.5564723574214083,4.569803539500607
gblur_sailing1_img125.bmp,3.380550025677749,3.397159988441142
gblur_sailing1_img130.bmp,3.388673648510077,3.451309531771715
gblur_sailing1_img165.bmp,3.413655010571871,3.6178275220012295
gblur_sailing1_img35.bmp,3.396329300822491,3.5023397291567
gblur_sailing1_img46.bmp,3.399784253126315,3.5253693667140316
gblur_sailing1_img74.bmp,3.390912135858072,3.4662305922575403
gblur_sailing2_img10.bmp,3.2992063780946914,2.8549485317574192
gblur_sailing2_img168.bmp,3.406776067196664,3.5719746248329867
gblur_sailing2_img43.bmp,3.386519480569751,3.436950518233836
gblur_sailing2_img48.bmp,3.3709600349738533,3.333236092923261
gblur_sailing2_img72.bmp,3.3807463604569694,3.3984686950187513
gblur_sailing2_img84.bmp,3.3929341963943203,3.4797090189256132
gblur_sailing3_img111.bmp,3.288099447911851,2.7809131894453714
gblur_sailing3_img114.bmp,3.2670115367330523,2.6403477319276423
gblur_sailing3_img124.bmp,3.24699479480355,2.506922355489051
gblur_sailing3_img144.bmp,3.231473172460466,2.4034600482185935
gblur_sailing3_img171.bmp,3.2988938526897447,2.852865334604331
gblur_sailing3_img79.bmp,3.277689322567553,2.7115225314787677
gblur_sailing4_img121.bmp,3.359724800636956,3.258345515023226
gblur_sailing4_img127.bmp,3.4032559936652023,3.5485109094251075
gblur_sailing4_img136.bmp,3.426609435285375,3.7041776882786466
gblur_sailing4_img174.bmp,3.454985011534825,3.8933204546728453
gblur_sailing4_img76.bmp,3.414241810443886,3.6217389474516586
gblur_sailing4_img89.bmp,3.4221970870986125,3.6747663475184797
gblur_statue_img120.bmp,3.294041119258755,2.8205185227672036
gblur_statue_img131.bmp,3.3098526902860934,2.9259135377920398
gblur_statue_img148.bmp,3.345290783267014,3.1621328442555003
gblur_statue_img54.bmp,3.3066969346008697,2.9048782518433005
gblur_statue_img77.bmp,3.315138944214865,2.961150062441278
gblur_statue_img98.bmp,3.322029125641378,3.0070778689644606
gblur_stream_img126.bmp,3.4311606038817435,3.7345143627157076
gblur_stream_img151.bmp,3.4797253693397505,4.058231985479084
gblur_stream_img18.bmp,3.4340081713258703,3.7534953616967113
gblur_stream_img50.bmp,3.425525420123842,3.696951980343655
gblur_stream_img58.bmp,3.394906400331828,3.4928551170120246
gblur_stream_img71.bmp,3.464232285437145,3.9549599065773196
gblur_studentsculpture_img100.bmp,3.3974913624998235,3.5100856708933232
gblur_studentsculpture_img108.bmp,3.440645674922883,3.7977388963919663
gblur_studentsculpture_img155.bmp,3.462686444208995,3.9446558097114752
gblur_studentsculpture_img20.bmp,3.418035700586206,3.647027839229778
gblur_studentsculpture_img38.bmp,3.406074521432826,3.567298338953964
gblur_studentsculpture_img44.bmp,3.432436598927884,3.7430197488552057
gblur_womanhat_img132.bmp,3.2452126685160416,2.4950432559028464
gblur_womanhat_img162.bmp,3.294490014774473,2.823510720667202
gblur_womanhat_img36.bmp,3.263049374940945,2.613937193665002
gblur_womanhat_img42.bmp,3.2696726520367543,2.658085898927718
gblur_womanhat_img61.bmp,3.2771087265792422,2.7076524591876847
gblur_womanhat_img82.bmp,3.283212701157163,2.74833965537071
gblur_woman_img140.bmp,3.355367331439054,3.2292999805352816
gblur_woman_img145.bmp,3.370319860518073,3.3289688890970996
gblur_woman_img158.bmp,3.399161109470496,3.5212156849037863
gblur_woman_img64.bmp,3.3582690609079084,3.2486420067285753
gblur_woman_img68.bmp,3.329424656181,3.0563741755106246
gblur_woman_img99.bmp,3.338047420507344,3.113850840805889
jp2k_bikes_img115.bmp,3.376834039948681,3.3723903832532662
jp2k_bikes_img129.bmp,3.405898128992405,3.566122561804665
jp2k_bikes_img133.bmp,3.393403469117896,3.482837044955821
jp2k_bikes_img15.bmp,3.4058391588171784,3.565729484956497
jp2k_bikes_img188.bmp,3.4000758665684074,3.5273131712264134
jp2k_bikes_img225.bmp,3.340487696853592,3.130116963997119
jp2k_bikes_img73.bmp,3.4000758665684074,3.5273131712264134
jp2k_bikes_img78.bmp,3.4046349702977703,3.557702738792165
jp2k_building2_img107.bmp,3.55753491932552,4.576886246693653
jp2k_building2_img119.bmp,3.551527532579026,4.536842874955827
jp2k_building2_img132.bmp,3.5739095182301064,4.686034230444957
jp2k_building2_img163.bmp,3.56955705551644,4.657022067623896
jp2k_building2_img216.bmp,3.572394259640994,4.675933987939651
jp2k_building2_img24.bmp,3.551527532579026,4.536842874955827
jp2k_building2_img30.bmp,3.5575978797957983,4.577305921607643
jp2k_building2_img41.bmp,3.5751151816300206,4.694070807704051
jp2k_buildings_img1.bmp,3.3617565075776104,3.2718882416230097
jp2k_buildings_img123.bmp,3.3617565075776104,3.2718882416230097
jp2k_buildings_img13.bmp,3.3698220681527724,3.325650760004842
jp2k_buildings_img156.bmp,3.364962472744656,3.2932582083622837
jp2k_buildings_img199.bmp,3.36873549205582,3.318407981670804
jp2k_buildings_img222.bmp,3.3682900904855635,3.3154390733246237
jp2k_buildings_img29.bmp,3.366531756149964,3.30371856349048
jp2k_buildings_img33.bmp,3.370659533248296,3.331233041877584
jp2k_caps_img122.bmp,3.565918480763097,4.632768459925171
jp2k_caps_img153.bmp,3.571985075741073,4.67320649532013
jp2k_caps_img193.bmp,3.562780175238436,4.611849491319694
jp2k_caps_img25.bmp,3.571985075741073,4.67320649532013
jp2k_caps_img49.bmp,3.572041003322497,4.673579291184264
jp2k_caps_img68.bmp,3.571274936031554,4.668472924871937
jp2k_caps_img83.bmp,3.5687344668527743,4.651538947419306
jp2k_carnivaldolls_img108.bmp,3.5530931332009885,4.547278681795598
jp2k_carnivaldolls_img124.bmp,3.5474695068699944,4.5097933376369195
jp2k_carnivaldolls_img148.bmp,3.556828354749637,4.572176506974403
jp2k_carnivaldolls_img161.bmp,3.554758206319446,4.558377541360778
jp2k_carnivaldolls_img18.bmp,3.556116555794949,4.567431876513943
jp2k_carnivaldolls_img181.bmp,3.529754161497797,4.39170835490847
jp2k_carnivaldolls_img67.bmp,3.554758206319446,4.558377541360778
jp2k_carnivaldolls_img79.bmp,3.535314241751381,4.428770120678146
jp2k_cemetry_img118.bmp,3.5826552403133696,4.7443304939076345
jp2k_cemetry_img125.bmp,3.5913177855517446,4.8020723263905225
jp2k_cemetry_img178.bmp,3.591385651628176,4.802524700549473
jp2k_cemetry_img46.bmp,3.5883004346659826,4.78195960379071
jp2k_cemetry_img48.bmp,3.5874682907997517,4.776412791577515
jp2k_cemetry_img9.bmp,3.5826552403133696,4.7443304939076345
jp2k_cemetry_img98.bmp,3.591266143730646,4.801728098071832
jp2k_churchandcapitol_img110.bmp,3.532169969419213,4.4078113791895195
jp2k_churchandcapitol_img128.bmp,3.532169969419213,4.4078113791895195
jp2k_churchandcapitol_img176.bmp,3.5475048263623634,4.510028766388588
jp2k_churchandcapitol_img194.bmp,3.54245243383533,4.476351089111779
jp2k_churchandcapitol_img198.bmp,3.5444703774796587,4.489802073858682
jp2k_churchandcapitol_img45.bmp,3.544083790807224,4.487225207329781
jp2k_churchandcapitol_img5.bmp,3.547883317295763,4.512551669238878
jp2k_churchandcapitol_img7.bmp,3.544210330656744,4.488068682612431
jp2k_coinsinfountain_img168.bmp,3.6069100762628814,4.906005687024358
jp2k_coinsinfountain_img177.bmp,3.621011291158387,5.0
jp2k_coinsinfountain_img182.bmp,3.601972459390878,4.8730930685684255
jp2k_coinsinfountain_img21.bmp,3.5979345423522204,4.846177569392376
jp2k_coinsinfountain_img224.bmp,3.5784349573774232,4.716199400376571
jp2k_coinsinfountain_img28.bmp,3.613750061577707,4.9515989018781665
jp2k_coinsinfountain_img54.bmp,3.5784349573774232,4.716199400376571
jp2k_coinsinfountain_img77.bmp,3.5809836213474773,4.733188001759233
jp2k_dancers_img165.bmp,3.588072976842017,4.7804434406761835
jp2k_dancers_img170.bmp,3.586928611255333,4.772815455576287
jp2k_dancers_img184.bmp,3.5818610395637167,4.7390365987091325
jp2k_dancers_img205.bmp,3.58696868814266,4.773082595643184
jp2k_dancers_img4.bmp,3.587403656901486,4.775981962113004
jp2k_dancers_img6.bmp,3.586638689383236,4.770882926543415
jp2k_dancers_img65.bmp,3.583175036352222,4.747795292644583
jp2k_dancers_img84.bmp,3.5818610395637167,4.7390365987091325
jp2k_flowersonih35_img111.bmp,3.580975688399509,4.733135123195245
jp2k_flowersonih35_img167.bmp,3.58445926744623,4.756355577717731
jp2k_flowersonih35_img192.bmp,3.5834981085110464,4.749948791178951
jp2k_flowersonih35_img201.bmp,3.579891596941443,4.725908906691293
jp2k_flowersonih35_img209.bmp,3.572962123915278,4.679719194584628
jp2k_flowersonih35_img44.bmp,3.583704274425572,4.751323029046994
jp2k_flowersonih35_img86.bmp,3.581136905788552,4.7342097481715415
jp2k_flowersonih35_img89.bmp,3.572962123915278,4.679719194584628
jp2k_house_img131.bmp,3.439301299406,3.788777707301021
jp2k_house_img144.bmp,3.4245532171295925,3.6904715775418753
jp2k_house_img179.bmp,3.4168141744998453,3.6388855262361717
jp2k_house_img187.bmp,3.434539313259393,3.7570357886389276
jp2k_house_img20.bmp,3.439301299406,3.788777707301021
jp2k_house_img212.bmp,3.439012367826774,3.78685177925244
jp2k_house_img27.bmp,3.4289612557344444,3.7198541919693193
jp2k_house_img47.bmp,3.429092116440469,3.7207264687376287
jp2k_house_img80.bmp,3.43603461438411,3.767003000893403
jp2k_lighthouse2_img103.bmp,3.417318358550457,3.642246260314882
jp2k_lighthouse2_img11.bmp,3.4165556495091325,3.6371622790500853
jp2k_lighthouse2_img114.bmp,3.41834745008076,3.6491058644054983
jp2k_lighthouse2_img137.bmp,3.419564860554226,3.6572207440035145
jp2k_lighthouse2_img151.bmp,3.4165556495091325,3.6371622790500853
jp2k_lighthouse2_img164.bmp,3.4299271008710326,3.726292215269241
jp2k_lighthouse2_img211.bmp,3.4215480610113493,3.6704401414697365
jp2k_lighthouse2_img74.bmp,3.426423453577403,3.702937992054144
jp2k_lighthouse_img106.bmp,3.5100145795400817,4.260130440644274
jp2k_lighthouse_img149.bmp,3.512027605266748,4.273548644081526
jp2k_lighthouse_img174.bmp,3.513109295385497,4.280758854004414
jp2k_lighthouse_img180.bmp,3.508038233959371,4.246956735652334
jp2k_lighthouse_img202.bmp,3.495581507221046,4.16392406929198
jp2k_lighthouse_img51.bmp,3.5117601990401925,4.271766197339401
jp2k_lighthouse_img72.bmp,3.508038233959371,4.246956735652334
jp2k_lighthouse_img91.bmp,3.510430956426225,4.262905879472912
jp2k_manfishing_img121.bmp,3.443247188543229,3.8150797771070843
jp2k_manfishing_img143.bmp,3.427984964137804,3.713346535815569
jp2k_manfishing_img157.bmp,3.408779919967354,3.5853316841985143
jp2k_manfishing_img200.bmp,3.4305809015873234,3.7306502475101597
jp2k_manfishing_img26.bmp,3.4271588140418467,3.707839676210938
jp2k_manfishing_img36.bmp,3.408779919967354,3.5853316841985143
jp2k_manfishing_img63.bmp,3.4258072437055374,3.6988305286913046
jp2k_manfishing_img94.bmp,3.426061978324382,3.7005285104373358
jp2k_monarch_img105.bmp,3.2478779586980524,2.5128092513433296
jp2k_monarch_img160.bmp,3.237751103808913,2.445306786132897
jp2k_monarch_img204.bmp,3.2492604294401457,2.5220243713578046
jp2k_monarch_img208.bmp,3.250980822265588,2.533491974885157
jp2k_monarch_img22.bmp,3.2492604294401457,2.5220243713578046
jp2k_monarch_img56.bmp,3.249036382618512,2.5205309449239897
jp2k_monarch_img61.bmp,3.249937283749394,2.526536071679644
jp2k_ocean_img120.bmp,3.296940457531876,2.83984460999341
jp2k_ocean_img140.bmp,3.310419331976852,2.9296905950754635
jp2k_ocean_img16.bmp,3.310419331976852,2.9296905950754635
jp2k_ocean_img219.bmp,3.283770391294756,2.7520570443846912
jp2k_ocean_img31.bmp,3.306247952168769,2.901885474585727
jp2k_ocean_img37.bmp,3.304224632099633,2.8883986522631426
jp2k_ocean_img69.bmp,3.310336418223752,2.9291379177837125
jp2k_paintedhouse_img117.bmp,3.384061112208461,3.420563799297006
jp2k_paintedhouse_img14.bmp,3.377276706671725,3.375341061958472
jp2k_paintedhouse_img196.bmp,3.372236152013267,3.3417422922319755
jp2k_paintedhouse_img210.bmp,3.383628034583422,3.417677038536865
jp2k_paintedhouse_img215.bmp,3.363692555158496,3.2847933326809087
jp2k_paintedhouse_img35.bmp,3.384061112208461,3.420563799297006
jp2k_paintedhouse_img40.bmp,3.370808914957127,3.332228773890518
jp2k_paintedhouse_img82.bmp,3.384422633246512,3.422973586102585
jp2k_parrots_img101.bmp,3.577682687158075,4.711185001052566
jp2k_parrots_img127.bmp,3.5720087659447315,4.673364406849996
jp2k_parrots_img145.bmp,3.5770155246848683,4.70673790349559
jp2k_parrots_img158.bmp,3.573342702238622,4.6822560113271035
jp2k_parrots_img197.bmp,3.575722967251892,4.698122117636396
jp2k_parrots_img50.bmp,3.5770155246848683,4.70673790349559
jp2k_parrots_img85.bmp,3.577611479115395,4.710710350385964
jp2k_parrots_img96.bmp,3.576986212517858,4.706542517706467
jp2k_plane_img113.bmp,3.358828128324641,3.2523685762569636
jp2k_plane_img139.bmp,3.340472735657113,3.130017237314364
jp2k_plane_img173.bmp,3.360208558171229,3.2615700922967235
jp2k_plane_img203.bmp,3.360024429909288,3.2603427505670357
jp2k_plane_img220.bmp,3.3687270052810283,3.3183514114694526
jp2k_plane_img53.bmp,3.3646187191691803,3.290966853936498
jp2k_plane_img57.bmp,3.340472735657113,3.130017237314364
jp2k_plane_img58.bmp,3.3493509128446126,3.1891964053079684
jp2k_rapids_img126.bmp,3.56516314173836,4.627733604898852
jp2k_rapids_img135.bmp,3.557602140573348,4.577334322625673
jp2k_rapids_img146.bmp,3.562810010551781,4.612048364239586
jp2k_rapids_img189.bmp,3.5644573054500346,4.623028719717962
jp2k_rapids_img3.bmp,3.5644374604457654,4.622896439091356
jp2k_rapids_img32.bmp,3.5669381360810712,4.6395651651590955
jp2k_rapids_img64.bmp,3.5644573054500346,4.623028719717962
jp2k_rapids_img81.bmp,3.562948989315184,4.612974753453641
jp2k_sailing1_img136.bmp,3.42079572001515,3.665425270369255
jp2k_sailing1_img159.bmp,3.413655010571871,3.6178275220012295
jp2k_sailing1_img19.bmp,3.416859574913811,3.6391881512760094
jp2k_sailing1_img213.bmp,3.4107902023308307,3.5987316012299386
jp2k_sailing1_img214.bmp,3.4201660550914177,3.66122811981523
jp2k_sailing1_img43.bmp,3.4142056296240604,3.621497777359039
jp2k_sailing1_img66.bmp,3.413655010571871,3.6178275220012295
jp2k_sailing1_img88.bmp,3.4153774029284283,3.629308453781137
jp2k_sailing2_img138.bmp,3.3963362331108486,3.5023859376349304
jp2k_sailing2_img141.bmp,3.404093478695191,3.554093324174795
jp2k_sailing2_img185.bmp,3.402298646375212,3.5421295301277533
jp2k_sailing2_img206.bmp,3.406776067196664,3.5719746248329867
jp2k_sailing2_img55.bmp,3.401110705807207,3.534211087754315
jp2k_sailing2_img59.bmp,3.40503945283388,3.560398893582658
jp2k_sailing2_img62.bmp,3.404753280740514,3.5584913594086105
jp2k_sailing2_img93.bmp,3.406776067196664,3.5719746248329867
jp2k_sailing3_img100.bmp,3.2988938526897447,2.852865334604331
jp2k_sailing3_img109.bmp,3.290298050936263,2.7955683934343303
jp2k_sailing3_img12.bmp,3.290304057213277,2.7956084294089365
jp2k_sailing3_img130.bmp,3.285490607427305,2.7635234701321725
jp2k_sailing3_img147.bmp,3.2988938526897447,2.852865334604331
jp2k_sailing3_img154.bmp,3.2680383060014506,2.6471918565426327
jp2k_sailing3_img183.bmp,3.296770910117925,2.8387144596617375
jp2k_sailing3_img38.bmp,3.27632457895057,2.7024255749670902
jp2k_sailing4_img166.bmp,3.454985011534825,3.8933204546728453
jp2k_sailing4_img172.bmp,3.4577861197556112,3.911991770920012
jp2k_sailing4_img221.bmp,3.4663684496134497,3.9691989126234533
jp2k_sailing4_img39.bmp,3.449380315062794,3.855961291066776
jp2k_sailing4_img52.bmp,3.4490732188468063,3.8539142831987947
jp2k_sailing4_img70.bmp,3.454985011534825,3.8933204546728453
jp2k_sailing4_img90.bmp,3.4499868283058386,3.8600041197175727
jp2k_statue_img102.bmp,3.3442549348887685,3.1552282011178985
jp2k_statue_img116.bmp,3.355479409162325,3.230047055782114
jp2k_statue_img162.bmp,3.350888691710954,3.1994467609774153
jp2k_statue_img169.bmp,3.363965524181727,3.286612859295625
jp2k_statue_img207.bmp,3.345290783267014,3.1621328442555003
jp2k_statue_img227.bmp,3.317147348159647,2.9745374585178763
jp2k_statue_img92.bmp,3.354529010086734,3.2237119911210317
jp2k_statue_img95.bmp,3.345290783267014,3.1621328442555003
jp2k_stream_img112.bmp,3.4797253693397505,4.058231985479084
jp2k_stream_img17.bmp,3.4792215449725643,4.054873648938226
jp2k_stream_img175.bmp,3.448664928628153,3.851192747580667
jp2k_stream_img217.bmp,3.4912203501105683,4.1348539523257575
jp2k_stream_img223.bmp,3.4797253693397505,4.058231985479084
jp2k_stream_img71.bmp,3.4674904988860216,3.9766781441139134
jp2k_stream_img8.bmp,3.4834977417908317,4.083377447019467
jp2k_studentsculpture_img142.bmp,3.4512174197621235,3.8682068596477373
jp2k_studentsculpture_img171.bmp,3.4665754506687474,3.9705787172801528
jp2k_studentsculpture_img190.bmp,3.462686444208995,3.9446558097114752
jp2k_studentsculpture_img2.bmp,3.473703155637238,4.018089781863666
jp2k_studentsculpture_img218.bmp,3.404910172423806,3.559537150575678
jp2k_studentsculpture_img34.bmp,3.476623453177937,4.037555577049153
jp2k_studentsculpture_img60.bmp,3.4208387578709383,3.665712147331043
jp2k_studentsculpture_img87.bmp,3.462686444208995,3.9446558097114752
jp2k_womanhat_img186.bmp,3.294490014774473,2.823510720667202
jp2k_womanhat_img191.bmp,3.2604991603945197,2.596938256622482
jp2k_womanhat_img195.bmp,3.293589661151913,2.817509243431747
jp2k_womanhat_img226.bmp,3.275360127015312,2.6959968383139468
jp2k_womanhat_img42.bmp,3.282450709606428,2.7432604566750447
jp2k_womanhat_img75.bmp,3.295757618719173,2.8319601743341525
jp2k_womanhat_img97.bmp,3.294490014774473,2.823510720667202
jp2k_womanhat_img99.bmp,3.2831547700011154,2.747953504301252
jp2k_woman_img10.bmp,3.3935692347283464,3.4839419869615096
jp2k_woman_img104.bmp,3.392253072844752,3.4751688611755465
jp2k_woman_img134.bmp,3.399161109470496,3.5212156849037863
jp2k_woman_img150.bmp,3.4047588729827094,3.558528635555883
jp2k_woman_img152.bmp,3.379785174352284,3.3920617273765226
jp2k_woman_img155.bmp,3.3703055038699663,3.328873192145778
jp2k_woman_img23.bmp,3.398567787391797,3.5172607844520263
jp2k_woman_img76.bmp,3.399161109470496,3.5212156849037863
jpeg_bikes_img179.bmp,3.4000758665684074,3.5273131712264134
jpeg_bikes_img183.bmp,3.4286502698431995,3.717781256735774
jpeg_bikes_img188.bmp,3.4305219612555025,3.7302573695888515
jpeg_bikes_img203.bmp,3.414660550041117,3.6245301353776007
jpeg_bikes_img226.bmp,3.415068576665835,3.627249913960532
jpeg_bikes_img29.bmp,3.4845836074362166,4.0906154897043105
jpeg_bikes_img42.bmp,3.4000758665684074,3.5273131712264134
jpeg_bikes_img77.bmp,3.4771850413765044,4.041298949325282
jpeg_bikes_img81.bmp,3.4227115647661943,3.6781956956465676
jpeg_building2_img113.bmp,3.551527532579026,4.536842874955827
jpeg_building2_img171.bmp,3.5826499532746414,4.7442952521517565
jpeg_building2_img192.bmp,3.519338049984256,4.322277794999408
jpeg_building2_img205.bmp,3.5190852004011157,4.320592378315132
jpeg_building2_img224.bmp,3.551527532579026,4.536842874955827
jpeg_building2_img225.bmp,3.59084706895352,4.798934675940952
jpeg_building2_img36.bmp,3.5772512109944934,4.70830891513644
jpeg_building2_img60.bmp,3.5956657868421398,4.831054750751573
jpeg_building2_img62.bmp,3.5772512109944934,4.70830891513644
jpeg_buildings_img157.bmp,3.369491164886604,3.3234450617444167
jpeg_buildings_img162.bmp,3.422492303186081,3.6767341661445068
jpeg_buildings_img163.bmp,3.377748420247853,3.3784853579526826
jpeg_buildings_img204.bmp,3.422353911456532,3.67581168991555
jpeg_buildings_img227.bmp,3.3617565075776104,3.2718882416230097
jpeg_buildings_img43.bmp,3.401990854614313,3.540077885973711
jpeg_buildings_img66.bmp,3.3617565075776104,3.2718882416230097
jpeg_buildings_img84.bmp,3.401990854614313,3.540077885973711
jpeg_buildings_img90.bmp,3.401990854614313,3.540077885973711
jpeg_caps_img105.bmp,3.5663821450113176,4.635859101602916
jpeg_caps_img12.bmp,3.571985075741073,4.67320649532013
jpeg_caps_img126.bmp,3.549483671323822,4.52321913147528
jpeg_caps_img136.bmp,3.571985075741073,4.67320649532013
jpeg_caps_img159.bmp,3.549483671323822,4.52321913147528
jpeg_caps_img207.bmp,3.524900301657584,4.359354034777777
jpeg_caps_img24.bmp,3.5706701156196186,4.6644413801068385
jpeg_caps_img63.bmp,3.5712143021010125,4.668068757948273
jpeg_carnivaldolls_img104.bmp,3.518327508743223,4.315541841367871
jpeg_carnivaldolls_img14.bmp,3.5546423009033687,4.5576049519041195
jpeg_carnivaldolls_img153.bmp,3.554758206319446,4.558377541360778
jpeg_carnivaldolls_img176.bmp,3.540085670590199,4.460574981389812
jpeg_carnivaldolls_img216.bmp,3.537455340170589,4.443042016852909
jpeg_carnivaldolls_img5.bmp,3.554758206319446,4.558377541360778
jpeg_carnivaldolls_img80.bmp,3.518327508743223,4.315541841367871
jpeg_cemetry_img117.bmp,3.5930497540667323,4.813617089864314
jpeg_cemetry_img123.bmp,3.5826552403133696,4.7443304939076345
jpeg_cemetry_img128.bmp,3.5936347925479573,4.8175167744315335
jpeg_cemetry_img213.bmp,3.5710535754587243,4.66699740413722
jpeg_cemetry_img46.bmp,3.552552342550462,4.543673939506615
jpeg_cemetry_img55.bmp,3.596129571189488,4.834146192972749
jpeg_cemetry_img78.bmp,3.552552342550462,4.543673939506615
jpeg_cemetry_img82.bmp,3.5826552403133696,4.7443304939076345
jpeg_churchandcapitol_img118.bmp,3.532169969419213,4.4078113791895195
jpeg_churchandcapitol_img132.bmp,3.555754283799794,4.565017084061859
jpeg_churchandcapitol_img195.bmp,3.537244630030992,4.4416374885938055
jpeg_churchandcapitol_img2.bmp,3.555396889931796,4.562634807688287
jpeg_churchandcapitol_img21.bmp,3.553186315807424,4.547899808070042
jpeg_churchandcapitol_img22.bmp,3.532169969419213,4.4078113791895195
jpeg_churchandcapitol_img4.bmp,3.5684102531787785,4.649377839899822
jpeg_coinsinfountain_img101.bmp,3.597677990847556,4.844467476850529
jpeg_coinsinfountain_img112.bmp,3.5784349573774232,4.716199400376571
jpeg_coinsinfountain_img129.bmp,3.555122279441693,4.560804339565902
jpeg_coinsinfountain_img182.bmp,3.5784349573774232,4.716199400376571
jpeg_coinsinfountain_img184.bmp,3.4845532869890903,4.0904133830335105
jpeg_coinsinfountain_img230.bmp,3.4845532869890903,4.0904133830335105
jpeg_coinsinfountain_img49.bmp,3.61006432187906,4.927030907322477
jpeg_coinsinfountain_img73.bmp,3.611690250823934,4.937868844000498
jpeg_dancers_img119.bmp,3.593460032572096,4.816351878783291
jpeg_dancers_img155.bmp,3.5818610395637167,4.7390365987091325
jpeg_dancers_img186.bmp,3.554670818059853,4.557795038400327
jpeg_dancers_img187.bmp,3.554670818059853,4.557795038400327
jpeg_dancers_img39.bmp,3.5770398520749938,4.706900062312279
jpeg_dancers_img41.bmp,3.569870288898631,4.659109983933113
jpeg_dancers_img61.bmp,3.588689110746051,4.784550397661084
jpeg_dancers_img68.bmp,3.5818610395637167,4.7390365987091325
jpeg_flowersonih35_img115.bmp,3.572962123915278,4.679719194584628
jpeg_flowersonih35_img125.bmp,3.572962123915278,4.679719194584628
jpeg_flowersonih35_img134.bmp,3.555201390431238,4.561331668818466
jpeg_flowersonih35_img198.bmp,3.582694214786589,4.744590285624944
jpeg_flowersonih35_img229.bmp,3.557870723347828,4.5791246118703555
jpeg_flowersonih35_img27.bmp,3.5750621680973254,4.693717435982464
jpeg_flowersonih35_img74.bmp,3.581738278989504,4.738218314900317
jpeg_flowersonih35_img79.bmp,3.526329772538834,4.368882443102693
jpeg_house_img120.bmp,3.43930767093721,3.7888201779465036
jpeg_house_img140.bmp,3.439301299406,3.788777707301021
jpeg_house_img147.bmp,3.540645114226706,4.464304058682211
jpeg_house_img151.bmp,3.4393298389426814,3.7889679429766625
jpeg_house_img160.bmp,3.540645114226706,4.464304058682211
jpeg_house_img50.bmp,3.451481283176225,3.869965691103868
jpeg_house_img51.bmp,3.434169349595122,3.7545697259126443
jpeg_house_img54.bmp,3.439301299406,3.788777707301021
jpeg_house_img75.bmp,3.4494529992855902,3.8564457814909354
jpeg_lighthouse2_img133.bmp,3.4165556495091325,3.6371622790500853
jpeg_lighthouse2_img141.bmp,3.431698080419721,3.738097014161139
jpeg_lighthouse2_img181.bmp,3.5186138846849166,4.317450734331472
jpeg_lighthouse2_img232.bmp,3.5092963490740745,4.255342939729581
jpeg_lighthouse2_img64.bmp,3.4276673240457143,3.711229245748666
jpeg_lighthouse2_img69.bmp,3.446536048249167,3.837002293062177
jpeg_lighthouse2_img95.bmp,3.4165556495091325,3.6371622790500853
jpeg_lighthouse2_img97.bmp,3.426659232200709,3.7045096190292806
jpeg_lighthouse_img131.bmp,3.544807383109184,4.4920484485753915
jpeg_lighthouse_img161.bmp,3.544696020287318,4.491306138638986
jpeg_lighthouse_img202.bmp,3.508038233959371,4.246956735652334
jpeg_lighthouse_img231.bmp,3.516146703744768,4.301005273484705
jpeg_lighthouse_img3.bmp,3.508038233959371,4.246956735652334
jpeg_lighthouse_img44.bmp,3.507895369808369,4.2460044476529095
jpeg_lighthouse_img57.bmp,3.5144442298824874,4.289657112192939
jpeg_lighthouse_img86.bmp,3.501787969326781,4.205294415461503
jpeg_manfishing_img114.bmp,3.408779919967354,3.5853316841985143
jpeg_manfishing_img135.bmp,3.43672520624624,3.771606271470336
jpeg_manfishing_img148.bmp,3.4354339250071995,3.762998992323016
jpeg_manfishing_img174.bmp,3.447813879535887,3.8455199190103
jpeg_manfishing_img193.bmp,3.408779919967354,3.5853316841985143
jpeg_manfishing_img33.bmp,3.453215872169852,3.881527921873293
jpeg_manfishing_img92.bmp,3.4476762714421705,3.844602666254094
jpeg_manfishing_img93.bmp,3.439163039753125,3.7878561114541003
jpeg_monarch_img170.bmp,3.4454655512826093,3.829866693210695
jpeg_monarch_img178.bmp,3.257262409163972,2.575363079558457
jpeg_monarch_img18.bmp,3.261967430988636,2.6067252917665464
jpeg_monarch_img209.bmp,3.4454655512826093,3.829866693210695
jpeg_monarch_img211.bmp,3.2492604294401457,2.5220243713578046
jpeg_monarch_img48.bmp,3.2492604294401457,2.5220243713578046
jpeg_monarch_img94.bmp,3.2539567652715293,2.553328685436054
jpeg_monarch_img96.bmp,3.24743878334275,2.509881845009664
jpeg_ocean_img143.bmp,3.312828041487058,2.945746303555013
jpeg_ocean_img156.bmp,3.3575432622981225,3.2438040589211665
jpeg_ocean_img164.bmp,3.313349485762542,2.949222088924741
jpeg_ocean_img169.bmp,3.310419331976852,2.9296905950754635
jpeg_ocean_img194.bmp,3.3094880599146075,2.9234830251367936
jpeg_ocean_img28.bmp,3.310419331976852,2.9296905950754635
jpeg_ocean_img30.bmp,3.31221395936523,2.94165302311219
jpeg_ocean_img8.bmp,3.313361338793084,2.9493010975400082
jpeg_ocean_img98.bmp,3.312348768633268,2.942551619766867
jpeg_paintedhouse_img152.bmp,3.410040234827713,3.5937325510961733
jpeg_paintedhouse_img172.bmp,3.384061112208461,3.420563799297006
jpeg_paintedhouse_img20.bmp,3.384061112208461,3.420563799297006
jpeg_paintedhouse_img215.bmp,3.4230436762813232,3.6804094477187945
jpeg_paintedhouse_img228.bmp,3.3861341968452576,3.434382336750694
jpeg_paintedhouse_img23.bmp,3.448586899980306,3.8506726328812495
jpeg_paintedhouse_img56.bmp,3.393452790543619,3.4831658062405877
jpeg_paintedhouse_img91.bmp,3.448586899980306,3.8506726328812495
jpeg_parrots_img103.bmp,3.5732580772330587,4.681691927358633
jpeg_parrots_img109.bmp,3.5770155246848683,4.70673790349559
jpeg_parrots_img142.bmp,3.5770155246848683,4.70673790349559
jpeg_parrots_img149.bmp,3.576582320587845,4.703850299712533
jpeg_parrots_img196.bmp,3.5803268992650805,4.7288104966004045
jpeg_parrots_img233.bmp,3.5803268992650805,4.7288104966004045
jpeg_parrots_img32.bmp,3.572761465520786,4.678381668132275
jpeg_parrots_img72.bmp,3.576424130979348,4.70279585697971
jpeg_plane_img165.bmp,3.36166520209875,3.27127962769719
jpeg_plane_img17.bmp,3.3534296134889696,3.216383755315792
jpeg_plane_img191.bmp,3.340472735657113,3.130017237314364
jpeg_plane_img201.bmp,3.4011961343859927,3.53478052809197
jpeg_plane_img25.bmp,3.367843052398814,3.3124592564684625
jpeg_plane_img40.bmp,3.3595950121657987,3.2574803854390724
jpeg_plane_img76.bmp,3.340472735657113,3.130017237314364
jpeg_rapids_img110.bmp,3.5691730874175014,4.654462655691539
jpeg_rapids_img139.bmp,3.5644573054500346,4.623028719717962
jpeg_rapids_img146.bmp,3.5705969944964777,4.663953977440858
jpeg_rapids_img199.bmp,3.5687295154054874,4.651505942611607
jpeg_rapids_img31.bmp,3.5644573054500346,4.623028719717962
jpeg_rapids_img35.bmp,3.569571169718709,4.657116148506666
jpeg_rapids_img9.bmp,3.578345066247266,4.7156002140593385
jpeg_sailing1_img102.bmp,3.4254897095281818,3.696713944619081
jpeg_sailing1_img106.bmp,3.41882094291376,3.6522620203726643
jpeg_sailing1_img121.bmp,3.4221455107347256,3.6744225555172054
jpeg_sailing1_img122.bmp,3.413655010571871,3.6178275220012295
jpeg_sailing1_img175.bmp,3.469259910427908,3.988472491160123
jpeg_sailing1_img210.bmp,3.495541670586889,4.163658530677994
jpeg_sailing1_img71.bmp,3.425495698813089,3.696753867329588
jpeg_sailing1_img88.bmp,3.413655010571871,3.6178275220012295
jpeg_sailing2_img111.bmp,3.411299057895961,3.602123474171574
jpeg_sailing2_img124.bmp,3.4302397610995667,3.7283763111144324
jpeg_sailing2_img144.bmp,3.4040861659010897,3.554044579363615
jpeg_sailing2_img177.bmp,3.430665371265256,3.7312132961129505
jpeg_sailing2_img219.bmp,3.406776067196664,3.5719746248329867
jpeg_sailing2_img52.bmp,3.406776067196664,3.5719746248329867
jpeg_sailing2_img67.bmp,3.404675436405797,3.5579724732831965
jpeg_sailing2_img99.bmp,3.4145352354726946,3.6236948274376815
jpeg_sailing3_img108.bmp,3.308657021912262,2.9179435842683326
jpeg_sailing3_img145.bmp,3.306213468574161,2.901655617668564
jpeg_sailing3_img19.bmp,3.2988938526897447,2.852865334604331
jpeg_sailing3_img206.bmp,3.2947643856327784,2.825339591478552
jpeg_sailing3_img222.bmp,3.2988938526897447,2.852865334604331
jpeg_sailing3_img223.bmp,3.306213468574161,2.901655617668564
jpeg_sailing3_img38.bmp,3.293838491119022,2.819167866605669
jpeg_sailing3_img83.bmp,3.293439058407816,2.8165053723774767
jpeg_sailing4_img15.bmp,3.47008996893077,3.9940054029896555
jpeg_sailing4_img166.bmp,3.4184487684876403,3.649781221395451
jpeg_sailing4_img173.bmp,3.454985011534825,3.8933204546728453
jpeg_sailing4_img197.bmp,3.4184487684876403,3.649781221395451
jpeg_sailing4_img214.bmp,3.458873860809613,3.919242314495437
jpeg_sailing4_img37.bmp,3.480002951968381,4.060082264952549
jpeg_sailing4_img47.bmp,3.491805995981581,4.138757685564402
jpeg_sailing4_img6.bmp,3.454985011534825,3.8933204546728453
jpeg_statue_img11.bmp,3.3444494951040635,3.156525079004277
jpeg_statue_img13.bmp,3.3449652346027614,3.1599628381061513
jpeg_statue_img130.bmp,3.34125282475622,3.1352170686390908
jpeg_statue_img208.bmp,3.345290783267014,3.1621328442555003
jpeg_statue_img218.bmp,3.2486124256304603,2.5177049794934625
jpeg_statue_img221.bmp,3.2486124256304603,2.5177049794934625
jpeg_statue_img70.bmp,3.345484656287608,3.1634251415157237
jpeg_statue_img87.bmp,3.345290783267014,3.1621328442555003
jpeg_stream_img100.bmp,3.5402249116901787,4.461503119257902
jpeg_stream_img137.bmp,3.4967108093963475,4.171451646376362
jpeg_stream_img16.bmp,3.504235951271614,4.221611901776438
jpeg_stream_img185.bmp,3.497836216449264,4.178953259786319
jpeg_stream_img212.bmp,3.4797253693397505,4.058231985479084
jpeg_stream_img217.bmp,3.53771512021616,4.444773629844354
jpeg_stream_img7.bmp,3.4797253693397505,4.058231985479084
jpeg_stream_img85.bmp,3.49865127884064,4.18438621220052
jpeg_studentsculpture_img127.bmp,3.436049351657967,3.7671012349775985
jpeg_studentsculpture_img158.bmp,3.462686444208995,3.9446558097114752
jpeg_studentsculpture_img180.bmp,3.436049351657967,3.7671012349775985
jpeg_studentsculpture_img200.bmp,3.476861747710584,4.039143974293504
jpeg_studentsculpture_img34.bmp,3.462686444208995,3.9446558097114752
jpeg_studentsculpture_img45.bmp,3.453663945223111,3.8845146374943282
jpeg_studentsculpture_img53.bmp,3.478521994379021,4.0502106622438845
jpeg_studentsculpture_img59.bmp,3.4602897582217254,3.92868024629647
jpeg_womanhat_img1.bmp,3.288118733838025,2.781041743431268
jpeg_womanhat_img107.bmp,3.290297439146085,2.795564315431272
jpeg_womanhat_img138.bmp,3.423835377255088,3.685686680188664
jpeg_womanhat_img154.bmp,3.42446363662838,3.6898744617805828
jpeg_womanhat_img168.bmp,3.291496082915387,2.8035541020158288
jpeg_womanhat_img190.bmp,3.294490014774473,2.823510720667202
jpeg_womanhat_img26.bmp,3.294490014774473,2.823510720667202
jpeg_womanhat_img89.bmp,3.2857000540763703,2.76491957635634
jpeg_woman_img10.bmp,3.399161109470496,3.5212156849037863
jpeg_woman_img116.bmp,3.4057130373408917,3.5648887984197066
jpeg_woman_img150.bmp,3.4035602410925363,3.550538928153904
jpeg_woman_img167.bmp,3.4107501998420933,3.598464957080902
jpeg_woman_img189.bmp,3.399161109470496,3.5212156849037863
jpeg_woman_img220.bmp,3.4186222195105165,3.6509373919701837
jpeg_woman_img58.bmp,3.406246884518093,3.5684472576749444
jpeg_woman_img65.bmp,3.4129820043343586,3.6133414717288206
wn_bikes_img152.bmp,3.4000758665684074,3.5273131712264134
wn_bikes_img29.bmp,3.435654140213747,3.764466878402307
wn_bikes_img68.bmp,3.490817395178724,4.132167980070207
wn_bikes_img87.bmp,3.0244688031850133,1.0236333015739556
wn_bikes_img95.bmp,3.4301356384732835,3.72768226207006
wn_bikes_img97.bmp,3.485310957298839,4.095463777680682
wn_building2_img102.bmp,3.554442259404308,4.556271537484855
wn_building2_img118.bmp,3.3621422069145117,3.274459193449207
wn_building2_img121.bmp,3.34631786412115,3.168979045804117
wn_building2_img136.bmp,3.0580068545467336,1.2471875215221568
wn_building2_img156.bmp,3.551527532579026,4.536842874955827
wn_building2_img36.bmp,3.429177943747414,3.721298566873189
wn_building2_img48.bmp,3.5820122940857004,4.740044814312091
wn_buildings_img103.bmp,3.4172090283637164,3.6415174992920663
wn_buildings_img130.bmp,3.4872194861799795,4.108185437644473
wn_buildings_img159.bmp,3.3617565075776104,3.2718882416230097
wn_buildings_img4.bmp,3.036000709241703,1.1005014008923832
wn_buildings_img46.bmp,3.491791785695268,4.138662964215278
wn_buildings_img61.bmp,3.3782640498177194,3.381922384303155
wn_caps_img110.bmp,3.5626481972220123,4.610969766907752
wn_caps_img132.bmp,3.5665602713557822,4.63704643641732
wn_caps_img144.bmp,3.5817624916242754,4.738379708793506
wn_caps_img163.bmp,3.571985075741073,4.67320649532013
wn_caps_img64.bmp,3.5723732782240627,4.675794132339666
wn_caps_img80.bmp,3.1067990274277486,1.5724209714429516
wn_carnivaldolls_img135.bmp,3.4517304400453663,3.871626493305072
wn_carnivaldolls_img14.bmp,3.539088670199965,4.453929286858459
wn_carnivaldolls_img166.bmp,3.554758206319446,4.558377541360778
wn_carnivaldolls_img47.bmp,3.045719868798785,1.1652862958137225
wn_carnivaldolls_img71.bmp,3.472207890449732,4.008122809155463
wn_carnivaldolls_img90.bmp,3.52010371993429,4.327381512760811
wn_cemetry_img169.bmp,3.5826552403133696,4.7443304939076345
wn_cemetry_img23.bmp,3.0328989795026366,1.0798262350985053
wn_cemetry_img45.bmp,3.5994653892076163,4.8563817184327345
wn_cemetry_img63.bmp,3.6077939146955935,4.911897079140559
wn_cemetry_img65.bmp,3.5379387799787456,4.44626447626293
wn_cemetry_img9.bmp,3.5979404969946773,4.846217261187084
wn_churchandcapitol_img13.bmp,3.5547804570211965,4.558525857618615
wn_churchandcapitol_img172.bmp,3.532169969419213,4.4078113791895195
wn_churchandcapitol_img18.bmp,3.5718298880159365,4.672172062208191
wn_churchandcapitol_img20.bmp,3.03866452600209,1.1182575749625605
wn_churchandcapitol_img62.bmp,3.564525550125832,4.623483617502542
wn_churchandcapitol_img93.bmp,3.498681314954725,4.184586423595693
wn_coinsinfountain_img124.bmp,3.5057681687266204,4.23182518680754
wn_coinsinfountain_img146.bmp,3.5784349573774232,4.716199400376571
wn_coinsinfountain_img24.bmp,3.1154793951154787,1.6302816028304075
wn_coinsinfountain_img31.bmp,3.5921441422367995,4.807580563053827
wn_coinsinfountain_img8.bmp,3.599603236959476,4.857300568675591
wn_coinsinfountain_img92.bmp,3.45565093291012,3.8977592794571287
wn_dancers_img149.bmp,3.5818610395637167,4.7390365987091325
wn_dancers_img15.bmp,3.2382080917367837,2.448352925535543
wn_dancers_img27.bmp,3.5710582189144726,4.66702835596911
wn_dancers_img30.bmp,3.5939338864583146,4.819510441418922
wn_dancers_img50.bmp,3.367955619114193,3.313209591184613
wn_dancers_img51.bmp,3.459998000848154,3.926735482381614
wn_flowersonih35_img122.bmp,3.475362435711822,4.029150026800035
wn_flowersonih35_img133.bmp,3.574781676062429,4.691847763311662
wn_flowersonih35_img153.bmp,3.572962123915278,4.679719194584628
wn_flowersonih35_img49.bmp,3.442507835139479,3.8101514772586906
wn_flowersonih35_img53.bmp,3.190093342812524,2.1276349730297106
wn_flowersonih35_img72.bmp,3.566693338637376,4.63793342153212
wn_house_img109.bmp,3.568382031168011,4.649189720753172
wn_house_img160.bmp,3.439301299406,3.788777707301021
wn_house_img38.bmp,3.5875397328411074,4.776889002006516
wn_house_img54.bmp,3.440467502997951,3.796551257752343
wn_house_img70.bmp,3.461912355468437,3.939495974910706
wn_house_img83.bmp,3.545192720154664,4.494616985479649
wn_lighthouse2_img108.bmp,3.5937675993237024,4.818402023095366
wn_lighthouse2_img125.bmp,3.4253445377985825,3.695746275018392
wn_lighthouse2_img137.bmp,3.034357051130808,1.0895452871074869
wn_lighthouse2_img167.bmp,3.4165556495091325,3.6371622790500853
wn_lighthouse2_img32.bmp,3.607142228548052,4.907553141957287
wn_lighthouse2_img6.bmp,3.4495279429699424,3.8569453327831287
wn_lighthouse_img114.bmp,3.511460795584287,4.269770467017658
wn_lighthouse_img164.bmp,3.508038233959371,4.246956735652334
wn_lighthouse_img40.bmp,3.530747190283216,4.398327575957308
wn_lighthouse_img43.bmp,3.5055655733788256,4.230474749226866
wn_lighthouse_img66.bmp,3.113417430558334,1.6165371883693023
wn_lighthouse_img96.bmp,3.592972081016603,4.8130993454686894
wn_manfishing_img143.bmp,3.5032877508069884,4.215291492372275
wn_manfishing_img170.bmp,3.408779919967354,3.5853316841985143
wn_manfishing_img37.bmp,3.517050443822276,4.30702932377565
wn_manfishing_img41.bmp,3.04283435185842,1.1460523372931974
wn_manfishing_img59.bmp,3.4617840108960127,3.938640469906453
wn_manfishing_img73.bmp,3.4642892730550274,3.955339768314813
wn_monarch_img1.bmp,3.290303351159351,2.79560372307305
wn_monarch_img140.bmp,3.502637013138436,4.2109538774549655
wn_monarch_img17.bmp,3.4646587647391844,3.9578026849684425
wn_monarch_img173.bmp,3.2492604294401457,2.5220243713578046
wn_monarch_img34.bmp,3.106989160847075,1.5736883416841505
wn_monarch_img82.bmp,3.27536599723124,2.696035967347669
wn_ocean_img120.bmp,3.596943404749818,4.839570954381365
wn_ocean_img147.bmp,3.310419331976852,2.9296905950754635
wn_ocean_img21.bmp,3.5557846130321527,4.565219249292284
wn_ocean_img42.bmp,3.0305702143408144,1.064303410782364
wn_ocean_img99.bmp,3.3171597650931424,2.9746202259348538
wn_paintedhouse_img111.bmp,3.464629657539833,3.957608665429989
wn_paintedhouse_img142.bmp,3.3962454000622024,3.5017804727819906
wn_paintedhouse_img150.bmp,3.384061112208461,3.420563799297006
wn_paintedhouse_img26.bmp,3.582205442918281,4.7413322843602375
wn_paintedhouse_img39.bmp,3.549240216365905,4.521596336440987
wn_paintedhouse_img94.bmp,3.031071871078035,1.0676472985760084
wn_parrots_img104.bmp,3.107691241458092,1.5783681926881297
wn_parrots_img154.bmp,3.5770155246848683,4.70673790349559
wn_parrots_img22.bmp,3.571207651431947,4.6680244266566575
wn_parrots_img67.bmp,3.574583557996521,4.6905271698996
wn_parrots_img69.bmp,3.5833716962363606,4.7491061662704706
wn_parrots_img75.bmp,3.576479578261649,4.7031654513192676
wn_plane_img10.bmp,3.430006729870205,3.726822997412879
wn_plane_img105.bmp,3.1450694207316965,1.8275195110062856
wn_plane_img129.bmp,3.437805843744817,3.778809464954525
wn_plane_img139.bmp,3.450026419471228,3.8602680221130923
wn_plane_img157.bmp,3.340472735657113,3.130017237314364
wn_plane_img78.bmp,3.405170604613167,3.56127311055481
wn_rapids_img101.bmp,3.5657624570544733,4.631728454407302
wn_rapids_img107.bmp,3.5614937600598484,4.603274647817997
wn_rapids_img116.bmp,3.5019119787891677,4.206121023970479
wn_rapids_img161.bmp,3.5644573054500346,4.623028719717962
wn_rapids_img74.bmp,3.563775136467454,4.618481593436567
wn_rapids_img77.bmp,3.1064222644666977,1.5699095867189348
wn_sailing1_img141.bmp,3.580278653686792,4.728488906580045
wn_sailing1_img165.bmp,3.413655010571871,3.6178275220012295
wn_sailing1_img52.bmp,3.035311324656597,1.0959061776486239
wn_sailing1_img56.bmp,3.483516635622292,4.083503387423946
wn_sailing1_img76.bmp,3.43777008772164,3.7785711264242523
wn_sailing1_img79.bmp,3.584535026774777,4.756860565840459
wn_sailing2_img113.bmp,3.115722634654737,1.6319029619509182
wn_sailing2_img117.bmp,3.426184079868739,3.701342401358091
wn_sailing2_img12.bmp,3.468166228182768,3.981182345452298
wn_sailing2_img128.bmp,3.567260854610654,4.641716306510916
wn_sailing2_img168.bmp,3.406776067196664,3.5719746248329867
wn_sailing2_img81.bmp,3.416429926474323,3.6363242484002654
wn_sailing3_img123.bmp,3.5979746437630045,4.8464448729250105
wn_sailing3_img171.bmp,3.2988938526897447,2.852865334604331
wn_sailing3_img5.bmp,3.320127769266636,2.9944040186976526
wn_sailing3_img58.bmp,3.0351491213394057,1.0948249807819195
wn_sailing3_img84.bmp,3.3467268204928,3.1717050217909426
wn_sailing3_img89.bmp,3.536106396530884,4.434050378075929
wn_sailing4_img100.bmp,3.5105143284660247,4.2634616115612785
wn_sailing4_img126.bmp,3.57762004088296,4.710767420465819
wn_sailing4_img127.bmp,3.4677312553562003,3.9782829518681804
wn_sailing4_img134.bmp,3.504255328147716,4.221741062006269
wn_sailing4_img174.bmp,3.454985011534825,3.8933204546728453
wn_sailing4_img86.bmp,3.568578765239504,4.6505010888888885
wn_statue_img145.bmp,3.10736232259302,1.576175721828258
wn_statue_img148.bmp,3.345290783267014,3.1621328442555003
wn_statue_img25.bmp,3.490243412091723,4.128341987322626
wn_statue_img55.bmp,3.4639984058351514,3.953400937887649
wn_statue_img85.bmp,3.380966189034001,3.399934003945932
wn_statue_img91.bmp,3.4977040769353813,4.178072458882542
wn_stream_img106.bmp,3.4775856882258687,4.043969536620838
wn_stream_img131.bmp,3.300515047459785,2.8636717147452506
wn_stream_img138.bmp,3.5072569863172323,4.241749181840068
wn_stream_img151.bmp,3.4797253693397505,4.058231985479084
wn_stream_img2.bmp,3.5866727628206507,4.771110049480285
wn_stream_img88.bmp,3.5456692498586104,4.4977933842840665
wn_studentsculpture_img112.bmp,3.521042060338111,4.333636198066156
wn_studentsculpture_img155.bmp,3.462686444208995,3.9446558097114752
wn_studentsculpture_img16.bmp,3.5573348504101503,4.575552649525797
wn_studentsculpture_img19.bmp,3.4963103714043937,4.168782451259348
wn_studentsculpture_img44.bmp,3.3526044095731424,3.2108832026536445
wn_studentsculpture_img57.bmp,3.0400144788714965,1.1272559409508545
wn_womanhat_img11.bmp,3.3091017301058248,2.9209078707811136
wn_womanhat_img119.bmp,3.5157332393076537,4.298249248135514
wn_womanhat_img162.bmp,3.294490014774473,2.823510720667202
wn_womanhat_img28.bmp,3.465720875773845,3.964882386805949
wn_womanhat_img3.bmp,3.3485555703441263,3.1838948995534984
wn_womanhat_img60.bmp,3.105977006767576,1.5669416373729963
wn_woman_img115.bmp,3.4442893878785545,3.8220267537494177
wn_woman_img158.bmp,3.399161109470496,3.5212156849037863
wn_woman_img33.bmp,3.0209232879976105,1.0
wn_woman_img35.bmp,3.3580218158071515,3.2469939477808567
wn_woman_img7.bmp,3.461526419245164,3.9369234440736287
wn_woman_img98.bmp,3.3800121279525226,3.3935745294924984
