image_name,niqe_score,translated_brisque_score,transformed_mos
fastfading_bikes_img152.bmp,13.7261160693012,30.775812913237385,3.7689674834705045
fastfading_bikes_img32.bmp,25.16645662637693,81.34274591203352,1.7462901635186592
fastfading_bikes_img33.bmp,13.773702533712193,30.98614769702422,3.760554092119031
fastfading_bikes_img34.bmp,13.488849107282588,29.72707992217249,3.8109168031131
fastfading_bikes_img35.bmp,22.40911466014382,69.15514312471595,2.2337942750113617
fastfading_building2_img156.bmp,12.034928211483898,23.300669785462834,4.067973208581487
fastfading_building2_img51.bmp,18.35609532780468,51.2405752848224,2.950376988607104
fastfading_building2_img52.bmp,16.5329400859841,43.18212907864492,3.2727148368542034
fastfading_building2_img53.bmp,22.73585996881744,70.59937531771223,2.1760249872915107
fastfading_building2_img54.bmp,13.393405697081567,29.30521481206205,3.827791407517518
fastfading_building2_img55.bmp,13.17800965706022,28.353152496292186,3.865873900148313
fastfading_buildings_img159.bmp,9.737729901946391,13.146927209024785,4.474122911639009
fastfading_buildings_img66.bmp,19.773395334346795,57.50511908161367,2.6997952367354534
fastfading_buildings_img67.bmp,16.454427242349812,42.835098001747085,3.2865960799301166
fastfading_buildings_img68.bmp,18.528195137758043,52.001265888008575,2.919949364479657
fastfading_buildings_img69.bmp,17.03191211822837,45.387612839979596,3.184495486400816
fastfading_buildings_img70.bmp,13.08893557723388,27.959440175925796,3.8816223929629685
fastfading_caps_img163.bmp,9.713740987440426,13.040894890626124,4.478364204374955
fastfading_caps_img86.bmp,16.18399669596776,41.63978014809531,3.3344087940761877
fastfading_caps_img87.bmp,15.342517876348667,37.92039759306574,3.48318409627737
fastfading_caps_img88.bmp,14.003671941916014,32.002625099807744,3.71989499600769
fastfading_caps_img89.bmp,12.20827898014083,24.06688969475945,4.037324412209622
fastfading_caps_img90.bmp,9.827057915308158,13.541761929551203,4.458329522817952
fastfading_carnivaldolls_img101.bmp,14.916010406794726,36.03521117498475,3.55859155300061
fastfading_carnivaldolls_img102.bmp,16.84550249618122,44.56367208215319,3.2174531167138722
fastfading_carnivaldolls_img103.bmp,15.149976299234089,37.069353257378225,3.517225869704871
fastfading_carnivaldolls_img104.bmp,11.739147789287795,21.993304089754115,4.120267836409836
fastfading_carnivaldolls_img105.bmp,11.83964436138268,22.437504452704648,4.102499821891814
fastfading_carnivaldolls_img166.bmp,9.246139161092684,10.974069160651094,4.5610372335739555
fastfading_cemetry_img117.bmp,15.194329312905404,37.26539601147482,3.5093841595410074
fastfading_cemetry_img118.bmp,20.06124569440992,58.77743346756863,2.648902661297255
fastfading_cemetry_img119.bmp,17.894288973370987,49.19936585870755,3.032025365651698
fastfading_cemetry_img120.bmp,20.14105325418795,59.13018726086344,2.6347925095654627
fastfading_cemetry_img169.bmp,15.587851776683262,39.00478689412374,3.4398085242350502
fastfading_churchandcapitol_img133.bmp,14.366770742736136,33.6075417228237,3.655698331087052
fastfading_churchandcapitol_img134.bmp,15.946140861198918,40.58844430716269,3.3764622277134926
fastfading_churchandcapitol_img135.bmp,14.20952269255116,32.91249671273637,3.683500131490545
fastfading_churchandcapitol_img172.bmp,12.047900765581536,23.358009186384148,4.065679632544634
fastfading_coinsinfountain_img1.bmp,20.28659346485913,59.77348297788548,2.609060680884581
fastfading_coinsinfountain_img2.bmp,21.054429117855825,63.167358695611085,2.4733056521755565
fastfading_coinsinfountain_img3.bmp,20.59012159905973,61.11509398577445,2.555396240569022
fastfading_coinsinfountain_img4.bmp,18.73483098121187,52.914607654274164,2.8834156938290336
fastfading_coinsinfountain_img5.bmp,19.04847047742501,54.30091143707344,2.8279635425170624
fastfading_dancers_img149.bmp,11.675893992228362,21.713718835987738,4.1314512465604905
fastfading_dancers_img16.bmp,18.82152892398163,53.29781731847078,2.868087307261169
fastfading_dancers_img17.bmp,16.615743241185747,43.54812356808176,3.2580750572767294
fastfading_dancers_img18.bmp,18.432857895222444,51.579870044804764,2.9368051982078094
fastfading_dancers_img19.bmp,17.365118929828057,46.86040523045462,3.1255837907818154
fastfading_dancers_img20.bmp,13.526597830379108,29.893931349548158,3.804242746018074
fastfading_flowersonih35_img153.bmp,13.821060443535286,31.19547225699164,3.7521811097203344
fastfading_flowersonih35_img36.bmp,15.367396382987677,38.030361957504766,3.4787855216998094
fastfading_flowersonih35_img37.bmp,19.255665361885946,55.21672419526527,2.7913310321893894
fastfading_flowersonih35_img38.bmp,16.65341316792145,43.714626711219026,3.251414931551239
fastfading_flowersonih35_img39.bmp,13.364289617523427,29.176520142802975,3.832939194287881
fastfading_flowersonih35_img40.bmp,14.53788681681514,34.36388415946719,3.625444633621312
fastfading_house_img160.bmp,8.560856484353975,7.945082127703923,4.682196714891843
fastfading_house_img71.bmp,16.445297609500187,42.79474452360476,3.2882102190558093
fastfading_house_img72.bmp,16.432737700480526,42.73922903657012,3.290430838537195
fastfading_house_img73.bmp,13.059308130676472,27.82848523647102,3.886860590541159
fastfading_house_img74.bmp,14.67473820553341,34.968774806697866,3.6012490077320853
fastfading_house_img75.bmp,16.37281994729243,42.47438927976526,3.3010244288093897
fastfading_lighthouse2_img106.bmp,14.534847513398647,34.350450271598376,3.625981989136065
fastfading_lighthouse2_img107.bmp,13.71810118695209,30.740386693474196,3.770384532261032
fastfading_lighthouse2_img108.bmp,12.26980663768555,24.338845317156757,4.02644618731373
fastfading_lighthouse2_img109.bmp,16.887410964970556,44.748909813738194,3.2100436074504723
fastfading_lighthouse2_img110.bmp,18.90057949762186,53.647225191500354,2.8541109923399857
fastfading_lighthouse2_img167.bmp,8.462290088356216,7.509413249012301,4.6996234700395085
fastfading_lighthouse_img164.bmp,8.4456431629081,7.435832925107501,4.7025666829957
fastfading_lighthouse_img91.bmp,16.55046807680636,43.25960375984788,3.269615849606085
fastfading_lighthouse_img92.bmp,14.467929301688295,34.05466810400689,3.6378132758397244
fastfading_lighthouse_img93.bmp,15.101985582275772,36.85723165515071,3.5257107337939715
fastfading_lighthouse_img94.bmp,13.61091461356789,30.26661615774157,3.7893353536903374
fastfading_lighthouse_img95.bmp,16.697033259039227,43.9074299074132,3.243702803703472
fastfading_manfishing_img121.bmp,15.275713656958189,37.625119277782915,3.4949952288886834
fastfading_manfishing_img122.bmp,15.96054649090736,40.65211798091724,3.3739152807633106
fastfading_manfishing_img123.bmp,15.01947797613875,36.492543508796416,3.5402982596481434
fastfading_manfishing_img124.bmp,18.705578208011843,52.78530879161751,2.8885876483352995
fastfading_manfishing_img125.bmp,17.235735537537234,46.288523537205506,3.1484590585117798
fastfading_manfishing_img170.bmp,17.214153967463865,46.19313181329096,3.1522747274683613
fastfading_monarch_img136.bmp,15.248622546796058,37.505375084365156,3.4997849966253938
fastfading_monarch_img137.bmp,14.271923073457463,33.188309820278604,3.672467607188856
fastfading_monarch_img138.bmp,15.14834425126199,37.06213951579036,3.5175144193683856
fastfading_monarch_img139.bmp,19.06720022082865,54.38369793062678,2.8246520827749286
fastfading_monarch_img140.bmp,17.943547113802524,49.4170895422308,3.023316418310768
fastfading_monarch_img173.bmp,8.196275675050158,6.333614945871592,4.746655402165136
fastfading_ocean_img10.bmp,14.276327075422174,33.20777575061214,3.671688969975514
fastfading_ocean_img147.bmp,9.97219451022728,14.183273642802565,4.4326690542878975
fastfading_ocean_img6.bmp,15.485460204863871,38.55221052841142,3.457911578863543
fastfading_ocean_img7.bmp,15.685787579059069,39.437668514405374,3.422493259423785
fastfading_ocean_img8.bmp,15.039136908768018,36.57943706971206,3.5368225172115175
fastfading_ocean_img9.bmp,8.839787632890188,9.17797310930887,4.632881075627646
fastfading_paintedhouse_img150.bmp,7.530805672426356,3.3922010196424672,4.864311959214302
fastfading_paintedhouse_img21.bmp,16.296803975970356,42.13839451549188,3.3144642193803246
fastfading_paintedhouse_img22.bmp,11.251232453666375,19.83669153417824,4.20653233863287
fastfading_paintedhouse_img23.bmp,9.240952078675708,10.951141971750562,4.561954321129978
fastfading_paintedhouse_img24.bmp,17.150708770630416,45.91270056202124,3.16349197751915
fastfading_paintedhouse_img25.bmp,10.567286140827193,16.813611302993852,4.3274555478802466
fastfading_parrots_img41.bmp,14.404177825212894,33.77288307991404,3.6490846768034384
fastfading_parrots_img42.bmp,14.646897992856232,34.84571953906001,3.6061712184375994
fastfading_parrots_img43.bmp,10.559253206158688,16.778105290988403,4.328875788360463
fastfading_parrots_img44.bmp,14.098238375557742,32.420613925406016,3.7031754429837593
fastfading_parrots_img45.bmp,9.696310968658464,12.96385325121705,4.481445869951318
fastfading_plane_img56.bmp,12.410001918735478,24.958516151974212,4.001659353921031
fastfading_plane_img57.bmp,11.045897559281094,18.929100034179275,4.242835998632829
fastfading_plane_img58.bmp,12.337791186236943,24.639340752096015,4.014426369916159
fastfading_plane_img59.bmp,9.824714055683629,13.531401941402176,4.458743922343913
fastfading_plane_img60.bmp,10.083412231829286,14.674862074848757,4.41300551700605
fastfading_rapids_img161.bmp,11.91759019912025,22.782029332427133,4.088718826702914
fastfading_rapids_img76.bmp,15.89162849063952,40.34749663817239,3.3861001344731045
fastfading_rapids_img77.bmp,20.00477777022805,58.52784214426491,2.6588863142294037
fastfading_rapids_img78.bmp,21.27732052563,64.15255094812258,2.433897962075097
fastfading_rapids_img79.bmp,20.76815473182532,61.9020102013547,2.5239195919458117
fastfading_rapids_img80.bmp,17.436318434367646,47.175110947267754,3.11299556210929
fastfading_sailing1_img100.bmp,14.446207572822376,33.958656870538704,3.6416537251784518
fastfading_sailing1_img165.bmp,8.955745787263316,9.690514514313062,4.612379419427477
fastfading_sailing1_img96.bmp,10.771946776663418,17.718222543209134,4.291271098271634
fastfading_sailing1_img97.bmp,10.437905333579426,16.241741035776887,4.350330358568925
fastfading_sailing1_img98.bmp,10.46085367590999,16.34317396806362,4.346273041277454
fastfading_sailing1_img99.bmp,15.154021943221183,37.08723522578745,3.516510590968502
fastfading_sailing2_img111.bmp,13.165873316268344,28.299509204065732,3.8680196318373707
fastfading_sailing2_img112.bmp,15.929234404695906,40.51371684175467,3.379451326329813
fastfading_sailing2_img113.bmp,13.55869475609332,30.035801522377415,3.7985679391049034
fastfading_sailing2_img114.bmp,13.355714737870771,29.13861870423081,3.8344552518307675
fastfading_sailing2_img115.bmp,13.256119097224202,28.69840050771634,3.852063979691346
fastfading_sailing2_img168.bmp,8.358116997407105,7.048962470993889,4.718041501160245
fastfading_sailing3_img126.bmp,15.96718501413025,40.681460617821116,3.3727415752871552
fastfading_sailing3_img127.bmp,13.849680443791833,31.321974228517586,3.7471210308592964
fastfading_sailing3_img128.bmp,11.86382154290707,22.544368921655046,4.098225243133799
fastfading_sailing3_img129.bmp,12.822712093825029,26.782717771458973,3.928691289141641
fastfading_sailing3_img130.bmp,13.46648316368799,29.628221224255196,3.814871151029792
fastfading_sailing3_img171.bmp,8.676780842499763,8.45747415152886,4.661701033938845
fastfading_sailing4_img141.bmp,14.762479603587606,35.356596600506535,3.5857361359797384
fastfading_sailing4_img142.bmp,11.444343879561211,20.69025463274234,4.172389814690307
fastfading_sailing4_img143.bmp,15.353278307740204,37.96795929024594,3.481281628390162
fastfading_sailing4_img144.bmp,15.719913040764435,39.58850492762221,3.4164598028951114
fastfading_sailing4_img145.bmp,14.152460387797234,32.66027819469025,3.69358887221239
fastfading_sailing4_img174.bmp,11.05350451876932,18.962723212514444,4.241491071499422
fastfading_statue_img11.bmp,15.99614451723768,40.809463210576624,3.367621471576935
fastfading_statue_img12.bmp,15.27215798680597,37.60940302060891,3.4956238791756435
fastfading_statue_img13.bmp,11.755543930692182,22.065775934425,4.117368962623
fastfading_statue_img14.bmp,12.961615535518838,27.39667860543859,3.904132855782456
fastfading_statue_img148.bmp,9.231519303160526,10.909448586392916,4.5636220565442835
fastfading_statue_img15.bmp,11.3138170069699,20.113318693821807,4.195467252247127
fastfading_stream_img151.bmp,9.655855920028248,12.78503971648517,4.488598411340593
fastfading_stream_img26.bmp,19.74216211079292,57.367066519724816,2.7053173392110077
fastfading_stream_img27.bmp,12.241458500942072,24.213544997275843,4.0314582001089665
fastfading_stream_img28.bmp,13.060179078583404,27.83233487400896,3.8867066050396413
fastfading_stream_img29.bmp,13.051626416497092,27.794531638299123,3.888218734468035
fastfading_stream_img30.bmp,12.179298076946276,23.938792512444603,4.042448299502215
fastfading_studentsculpture_img155.bmp,14.655620611626093,34.884273992636736,3.6046290402945305
fastfading_studentsculpture_img46.bmp,18.755428311892825,53.00564898606858,2.879774040557257
fastfading_studentsculpture_img47.bmp,18.08820292550917,50.05647616730222,2.997740953307911
fastfading_studentsculpture_img48.bmp,24.293011805112627,77.48207187574354,1.9007171249702584
fastfading_studentsculpture_img49.bmp,17.606931176744112,47.929228630168,3.08283085479328
fastfading_studentsculpture_img50.bmp,17.2201882940295,46.219803867817234,3.1512078452873107
fastfading_womanhat_img162.bmp,8.479907829104171,7.587284629811453,4.6965086148075414
fastfading_womanhat_img81.bmp,15.358487140210702,37.99098261557647,3.480360695376941
fastfading_womanhat_img82.bmp,14.913620558232212,36.02464791320641,3.5590140834717436
fastfading_womanhat_img83.bmp,12.20041628603515,24.032136155382855,4.038714553784686
fastfading_womanhat_img84.bmp,12.78642035673924,26.622306302196204,3.9351077479121517
fastfading_womanhat_img85.bmp,15.412944770606316,38.23168833003923,3.4707324667984305
fastfading_woman_img158.bmp,8.343666678117593,6.985091266838861,4.720596349326446
fastfading_woman_img61.bmp,15.686873441222778,39.442468084750715,3.4223012766099714
fastfading_woman_img62.bmp,15.513221643067729,38.67491760855481,3.453003295657808
fastfading_woman_img63.bmp,12.845862152850897,26.885042302607236,3.9245983078957107
fastfading_woman_img64.bmp,14.572035253343284,34.51482212266133,3.619407115093547
fastfading_woman_img65.bmp,18.11524606815949,50.17600834168577,2.992959666332569
gblur_bikes_img112.bmp,18.24655317155589,50.75639294357643,2.9697442822569426
gblur_bikes_img129.bmp,17.89105643112453,49.18507784460719,3.032596886215712
gblur_bikes_img152.bmp,13.7261160693012,30.775812913237385,3.7689674834705045
gblur_bikes_img26.bmp,19.410901535373444,55.90287659995717,2.7638849360017135
gblur_bikes_img40.bmp,16.483396216024975,42.96314245493163,3.281474301802735
gblur_bikes_img60.bmp,18.955422103790987,53.88963252000583,2.844414699199767
gblur_building2_img137.bmp,11.462570407631215,20.770816886909376,4.169167324523626
gblur_building2_img156.bmp,12.034928211483898,23.300669785462834,4.067973208581487
gblur_building2_img25.bmp,20.90830103185544,62.521464537377,2.4991414185049203
gblur_building2_img33.bmp,15.878543688316544,40.289661093935976,3.388413556242561
gblur_building2_img8.bmp,13.53601768981137,29.935567645110584,3.8025772941955767
gblur_building2_img80.bmp,18.02593481766729,49.78124771396264,3.0087500914414944
gblur_buildings_img134.bmp,17.09311603207215,45.6581374974548,3.173674500101808
gblur_buildings_img159.bmp,9.737729901946391,13.146927209024785,4.474122911639009
gblur_buildings_img45.bmp,11.659995209799444,21.64344534527873,4.134262186188851
gblur_buildings_img62.bmp,14.243974670104103,33.064776343915554,3.6774089462433777
gblur_buildings_img7.bmp,13.592336950323975,30.18450186683891,3.792619925326443
gblur_buildings_img73.bmp,15.39892191813568,38.16970655267893,3.473211737892843
gblur_caps_img1.bmp,14.008629436289718,32.02453749695941,3.7190185001216234
gblur_caps_img115.bmp,14.979000914417806,36.313632674995645,3.5474546930001742
gblur_caps_img163.bmp,9.713740987440426,13.040894890626124,4.478364204374955
gblur_caps_img28.bmp,12.719541175243709,26.326696650295826,3.9469321339881667
gblur_caps_img70.bmp,14.993812626805603,36.37910125647488,3.544835949741005
gblur_caps_img88.bmp,15.663040146829545,39.33712361578927,3.426515055368429
gblur_carnivaldolls_img166.bmp,9.246139161092684,10.974069160651094,4.5610372335739555
gblur_carnivaldolls_img27.bmp,13.101495413830747,28.01495534284771,3.8794017862860914
gblur_carnivaldolls_img52.bmp,15.846577476758714,40.14836868485027,3.3940652526059893
gblur_carnivaldolls_img59.bmp,13.49898289880544,29.771871836749096,3.809125126530036
gblur_carnivaldolls_img6.bmp,14.417577633594156,33.8321109682126,3.646715561271496
gblur_carnivaldolls_img95.bmp,10.75345336498762,17.636480648860466,4.294540774045581
gblur_cemetry_img109.bmp,18.66422296188434,52.602516334553385,2.8958993466178646
gblur_cemetry_img13.bmp,15.35969298180602,37.99631250159284,3.4801474999362862
gblur_cemetry_img135.bmp,18.804207516396684,53.22125574651206,2.8711497701395174
gblur_cemetry_img143.bmp,16.531876825167604,43.177429407494415,3.2729028237002233
gblur_cemetry_img169.bmp,15.587851776683262,39.00478689412374,3.4398085242350502
gblur_cemetry_img83.bmp,17.113975302281005,45.750336616335275,3.169986535346589
gblur_churchandcapitol_img104.bmp,15.596995518174824,39.04520273323756,3.4381918906704976
gblur_churchandcapitol_img142.bmp,12.97083790018412,27.437441963294344,3.902502321468226
gblur_churchandcapitol_img172.bmp,12.047900765581536,23.358009186384148,4.065679632544634
gblur_churchandcapitol_img2.bmp,12.485669124319369,25.292969352547882,3.9882812258980844
gblur_churchandcapitol_img66.bmp,13.57330390402934,30.100374757864994,3.7959850096854
gblur_churchandcapitol_img91.bmp,13.354929054795418,29.135145941926975,3.834594162322921
gblur_coinsinfountain_img101.bmp,17.942513219102576,49.41251967092677,3.0234992131629292
gblur_coinsinfountain_img123.bmp,16.67153916911096,43.794744631058336,3.2482102147576666
gblur_coinsinfountain_img19.bmp,15.851375271712673,40.16957520180388,3.393216991927845
gblur_coinsinfountain_img22.bmp,16.587274354778202,43.42228952806009,3.2631084188775965
gblur_coinsinfountain_img32.bmp,17.693997911372993,48.31406837461769,3.0674372650152923
gblur_dancers_img128.bmp,16.008736641353906,40.865121090105745,3.36539515639577
gblur_dancers_img149.bmp,11.675893992228362,21.713718835987738,4.1314512465604905
gblur_dancers_img21.bmp,15.780356855059178,39.85566990338366,3.4057732038646535
gblur_dancers_img41.bmp,19.549888248693453,56.517205499093734,2.7393117800362505
gblur_dancers_img51.bmp,13.741828756720723,30.84526385379375,3.7661894458482497
gblur_dancers_img93.bmp,15.463692299842572,38.45599519380275,3.46176019224789
gblur_flowersonih35_img107.bmp,15.30601580375654,37.75905642932375,3.48963774282705
gblur_flowersonih35_img153.bmp,13.821060443535286,31.19547225699164,3.7521811097203344
gblur_flowersonih35_img65.bmp,12.294966345566417,24.45005260651443,4.021997895739423
gblur_flowersonih35_img85.bmp,13.093303587469835,27.97874702084336,3.880850119166266
gblur_flowersonih35_img87.bmp,12.067212364354448,23.443367512596343,4.062265299496147
gblur_flowersonih35_img90.bmp,12.670164713038789,26.10844997804187,3.955662000878325
gblur_house_img113.bmp,14.107375789942823,32.46100179836202,3.701559928065519
gblur_house_img122.bmp,14.58153599926413,34.556815940941576,3.617727362362337
gblur_house_img138.bmp,15.052516257445422,36.63857452499694,3.5344570190001225
gblur_house_img160.bmp,8.560856484353975,7.945082127703923,4.682196714891843
gblur_house_img49.bmp,14.55182832970589,34.42550641142125,3.6229797435431497
gblur_house_img94.bmp,12.339892975577229,24.64863077630618,4.014054768947753
gblur_lighthouse2_img118.bmp,17.499309552076305,47.45353514389038,3.101858594244385
gblur_lighthouse2_img133.bmp,13.909866333583343,31.587999163822328,3.7364800334471067
gblur_lighthouse2_img167.bmp,8.462290088356216,7.509413249012301,4.6996234700395085
gblur_lighthouse2_img53.bmp,14.230044544661924,33.003204425109004,3.67987182299564
gblur_lighthouse2_img55.bmp,13.822891519746594,31.20356571431758,3.751857371427297
gblur_lighthouse2_img75.bmp,14.700354585857225,35.082000613311195,3.5967199754675523
gblur_lighthouse_img102.bmp,12.572404944266024,25.676346435944712,3.9729461425622117
gblur_lighthouse_img15.bmp,14.507685963856874,34.23039473225755,3.630784210709698
gblur_lighthouse_img164.bmp,8.4456431629081,7.435832925107501,4.7025666829957
gblur_lighthouse_img4.bmp,9.57488065431127,12.42712459886766,4.502915016045293
gblur_lighthouse_img97.bmp,14.719838874896595,35.168122239976725,3.593275110400931
gblur_manfishing_img14.bmp,16.2159857977251,41.78117373311885,3.328753050675246
gblur_manfishing_img16.bmp,16.593443623441324,43.44955803406158,3.2620176786375366
gblur_manfishing_img170.bmp,17.214153967463865,46.19313181329096,3.1522747274683613
gblur_manfishing_img47.bmp,15.411054817507711,38.223334633640846,3.471066614654366
gblur_manfishing_img67.bmp,15.269249604597372,37.5965478116627,3.4961380875334918
gblur_manfishing_img78.bmp,17.72675825192863,48.45887087744792,3.061645164902083
gblur_monarch_img103.bmp,13.819808964168544,31.18994064952142,3.7524023740191432
gblur_monarch_img11.bmp,14.950745232256327,36.18874100944019,3.552450359622392
gblur_monarch_img173.bmp,8.196275675050158,6.333614945871592,4.746655402165136
gblur_monarch_img3.bmp,14.003307793860206,32.0010155454201,3.719959378183196
gblur_monarch_img37.bmp,14.325431348743663,33.424819333066225,3.663007226677351
gblur_monarch_img96.bmp,11.825770034437468,22.376179166316387,4.104952833347344
gblur_ocean_img106.bmp,14.034544451215796,32.13908328490095,3.714436668603962
gblur_ocean_img117.bmp,15.71148079586493,39.551233942485396,3.417950642300584
gblur_ocean_img119.bmp,14.60564250523956,34.66336802008756,3.6134652791964976
gblur_ocean_img147.bmp,9.97219451022728,14.183273642802565,4.4326690542878975
gblur_ocean_img57.bmp,15.949409783363947,40.602893122499324,3.375884275100027
gblur_ocean_img92.bmp,13.082272224920573,27.929987793079906,3.882800488276804
gblur_paintedhouse_img110.bmp,14.205351055896164,32.89405784982176,3.6842376860071293
gblur_paintedhouse_img116.bmp,15.484726770968036,38.54896871034799,3.45804125158608
gblur_paintedhouse_img150.bmp,7.530805672426356,3.3922010196424672,4.864311959214302
gblur_paintedhouse_img23.bmp,10.211038611178392,15.238977674487412,4.390440893020504
gblur_paintedhouse_img39.bmp,12.86147045398988,26.95403185007589,3.9218387259969645
gblur_paintedhouse_img81.bmp,14.591019931777556,34.598735443038464,3.6160505822784614
gblur_parrots_img105.bmp,14.857385707926085,35.77608678922233,3.568956528431107
gblur_parrots_img12.bmp,11.85099884672751,22.487691900954406,4.100492323961824
gblur_parrots_img31.bmp,14.045089267780078,32.18569195271381,3.7125723218914475
gblur_parrots_img56.bmp,13.123952298694856,28.114216006166227,3.875431359753351
gblur_parrots_img69.bmp,14.588506793606106,34.587627234423664,3.6164949106230533
gblur_plane_img139.bmp,13.724437871424485,30.768395186538843,3.7692641925384462
gblur_plane_img30.bmp,13.23316822584427,28.596956396892633,3.8561217441242945
gblur_plane_img5.bmp,14.03444985429029,32.13866516129964,3.7144533935480144
gblur_plane_img63.bmp,9.33773607387846,11.378932541127146,4.544842698354914
gblur_plane_img86.bmp,11.681393269019209,21.73802594115102,4.130478962353959
gblur_rapids_img141.bmp,19.604838504748148,56.76008864600023,2.729596454159991
gblur_rapids_img161.bmp,11.91759019912025,22.782029332427133,4.088718826702914
gblur_rapids_img17.bmp,15.730702330182815,39.6361941788645,3.41455223284542
gblur_rapids_img29.bmp,19.15176112288994,54.7574617576316,2.8097015296947356
gblur_rapids_img34.bmp,21.1718072919294,63.68617666560836,2.4525529333756655
gblur_rapids_img9.bmp,16.486733756495383,42.97789456694315,3.280884217322274
gblur_sailing1_img125.bmp,14.583201872159348,34.564179190545616,3.6174328323781753
gblur_sailing1_img130.bmp,13.37322111613835,29.215997856756193,3.8313600857297523
gblur_sailing1_img165.bmp,8.955745787263316,9.690514514313062,4.612379419427477
gblur_sailing1_img35.bmp,12.442477924638167,25.102061880036832,3.995917524798527
gblur_sailing1_img46.bmp,11.025794878948416,18.840245084065916,4.246390196637364
gblur_sailing1_img74.bmp,13.60025226463656,30.21948799041731,3.791220480383308
gblur_sailing2_img10.bmp,15.616413914021772,39.131033108377,3.43475867566492
gblur_sailing2_img168.bmp,8.358116997407105,7.048962470993889,4.718041501160245
gblur_sailing2_img43.bmp,14.53856526513562,34.366882938270464,3.6253246824691816
gblur_sailing2_img48.bmp,14.154888577499902,32.67101092641188,3.6931595629435248
gblur_sailing2_img72.bmp,14.447986648419356,33.966520482296005,3.64133918070816
gblur_sailing2_img84.bmp,14.33139433998095,33.45117608152698,3.661952956738921
gblur_sailing3_img111.bmp,13.28637214855036,28.832120654576197,3.846715173816952
gblur_sailing3_img114.bmp,15.352221110333575,37.963286419699756,3.4814685432120096
gblur_sailing3_img124.bmp,15.847039676926371,40.150411634952434,3.3939835346019027
gblur_sailing3_img144.bmp,15.950521314630672,40.60780615168845,3.375687753932462
gblur_sailing3_img171.bmp,8.676780842499763,8.45747415152886,4.661701033938845
gblur_sailing3_img79.bmp,14.024799129444991,32.0960084279439,3.716159662882244
gblur_sailing4_img121.bmp,15.165661885891932,37.138684411080945,3.514452623556762
gblur_sailing4_img127.bmp,15.642093400439949,39.24453784739006,3.4302184861043976
gblur_sailing4_img136.bmp,14.394255653036716,33.72902653446138,3.6508389386215447
gblur_sailing4_img174.bmp,11.05350451876932,18.962723212514444,4.241491071499422
gblur_sailing4_img76.bmp,14.635206642361236,34.79404312836259,3.6082382748654966
gblur_sailing4_img89.bmp,13.66133907184152,30.489495030123233,3.7804201987950705
gblur_statue_img120.bmp,15.631510663676895,39.197761570217935,3.4320895371912825
gblur_statue_img131.bmp,14.71133144825297,35.13051894740566,3.5947792421037734
gblur_statue_img148.bmp,9.231519303160526,10.909448586392916,4.5636220565442835
gblur_statue_img54.bmp,15.480965823631324,38.53234511675488,3.4587061953298046
gblur_statue_img77.bmp,14.47019798278303,34.06469579892915,3.637412168042834
gblur_statue_img98.bmp,14.18641011208681,32.81033783888648,3.6875864864445407
gblur_stream_img126.bmp,15.419069072882586,38.2587580821435,3.46964967671426
gblur_stream_img151.bmp,9.655855920028248,12.78503971648517,4.488598411340593
gblur_stream_img18.bmp,14.2515902718556,33.09843772152858,3.6760624911388566
gblur_stream_img50.bmp,18.51264191962302,51.93251981043986,2.9226992075824056
gblur_stream_img58.bmp,15.038940510647102,36.578568979241155,3.536857240830354
gblur_stream_img71.bmp,10.463482500760298,16.354793518146767,4.345808259274129
gblur_studentsculpture_img100.bmp,18.215241373461375,50.61799307790652,2.975280276883739
gblur_studentsculpture_img108.bmp,17.563848522464426,47.73880093428758,3.0904479626284966
gblur_studentsculpture_img155.bmp,14.655620611626093,34.884273992636736,3.6046290402945305
gblur_studentsculpture_img20.bmp,20.19014659226358,59.3471825089308,2.6261126996427677
gblur_studentsculpture_img38.bmp,18.748251505435203,52.973927107731356,2.8810429156907458
gblur_studentsculpture_img44.bmp,18.25951464274377,50.813683357428474,2.967452665702861
gblur_womanhat_img132.bmp,14.538819185092272,34.36800527841157,3.625279788863537
gblur_womanhat_img162.bmp,8.479907829104171,7.587284629811453,4.6965086148075414
gblur_womanhat_img36.bmp,13.328050636264784,29.01634185719092,3.8393463257123632
gblur_womanhat_img42.bmp,13.48925545706219,29.728876010494925,3.8108449595802028
gblur_womanhat_img61.bmp,13.574150215392782,30.104115500528888,3.7958353799788442
gblur_womanhat_img82.bmp,13.619331843183629,30.303820774500235,3.7878471690199906
gblur_woman_img140.bmp,17.625159951431815,48.00980081450854,3.0796079674196584
gblur_woman_img145.bmp,18.4961836610149,51.859773404320066,2.9256090638271974
gblur_woman_img158.bmp,8.343666678117593,6.985091266838861,4.720596349326446
gblur_woman_img64.bmp,17.773081824038993,48.66362360797051,3.0534550556811797
gblur_woman_img68.bmp,16.024529600076423,40.93492683422586,3.3626029266309656
gblur_woman_img99.bmp,16.51287778134991,43.09345259133431,3.2762618963466275
jp2k_bikes_img115.bmp,18.012742873805877,49.722938598247424,3.011082456070103
jp2k_bikes_img129.bmp,12.487962820930008,25.30310761742305,3.987875695303078
jp2k_bikes_img133.bmp,17.84485179911146,48.98085083584094,3.0407659665663624
jp2k_bikes_img15.bmp,12.122195253447698,23.686394899323833,4.052544204027047
jp2k_bikes_img188.bmp,13.7261160693012,30.775812913237385,3.7689674834705045
jp2k_bikes_img225.bmp,20.233105935092,59.53706516143046,2.6185173935427812
jp2k_bikes_img73.bmp,13.7261160693012,30.775812913237385,3.7689674834705045
jp2k_bikes_img78.bmp,14.34171480137309,33.4967930871685,3.66012827651326
jp2k_building2_img107.bmp,19.501993336214586,56.305507357922224,2.747779705683111
jp2k_building2_img119.bmp,12.034928211483898,23.300669785462834,4.067973208581487
jp2k_building2_img132.bmp,15.572391866572898,38.93645324314386,3.442541870274246
jp2k_building2_img163.bmp,19.795400315306868,57.60238230488018,2.695904707804793
jp2k_building2_img216.bmp,11.980739846852464,23.061154240452478,4.0775538303819
jp2k_building2_img24.bmp,12.034928211483898,23.300669785462834,4.067973208581487
jp2k_building2_img30.bmp,23.04653631764299,71.97258182646915,2.121096726941234
jp2k_building2_img41.bmp,15.33779917980316,37.89954069541764,3.4840183721832942
jp2k_buildings_img1.bmp,9.737729901946391,13.146927209024785,4.474122911639009
jp2k_buildings_img123.bmp,9.737729901946391,13.146927209024785,4.474122911639009
jp2k_buildings_img13.bmp,17.357305608165163,46.82586991998423,3.1269652032006308
jp2k_buildings_img156.bmp,18.191414441371744,50.512676730676105,2.979492930772956
jp2k_buildings_img199.bmp,11.16491883423734,19.455180600235618,4.221792775990576
jp2k_buildings_img222.bmp,11.03517056319553,18.881686122886084,4.244732555084557
jp2k_buildings_img29.bmp,15.094746543566576,36.825234706846814,3.5269906117261276
jp2k_buildings_img33.bmp,15.806372315912473,39.97065966783501,3.4011736132865997
jp2k_caps_img122.bmp,13.063087735340885,27.845191296476298,3.886192348140948
jp2k_caps_img153.bmp,9.713740987440426,13.040894890626124,4.478364204374955
jp2k_caps_img193.bmp,13.824050695218425,31.20868933350754,3.7516524266596987
jp2k_caps_img25.bmp,9.713740987440426,13.040894890626124,4.478364204374955
jp2k_caps_img49.bmp,11.928931543292771,22.83215869597422,4.086713652161031
jp2k_caps_img68.bmp,11.060434760585164,18.993355261605895,4.240265789535764
jp2k_caps_img83.bmp,13.389938044110531,29.289887595658424,3.828404496173663
jp2k_carnivaldolls_img108.bmp,17.632325204738347,48.04147162728401,3.0783411349086394
jp2k_carnivaldolls_img124.bmp,18.19783803959779,50.541069387300894,2.978357224507964
jp2k_carnivaldolls_img148.bmp,10.165370968246808,15.037124186926146,4.398515032522954
jp2k_carnivaldolls_img161.bmp,9.246139161092684,10.974069160651094,4.5610372335739555
jp2k_carnivaldolls_img18.bmp,14.4847242685272,34.12890277898207,3.6348438888407175
jp2k_carnivaldolls_img181.bmp,19.051756269550665,54.315434818561684,2.8273826072575323
jp2k_carnivaldolls_img67.bmp,9.246139161092684,10.974069160651094,4.5610372335739555
jp2k_carnivaldolls_img79.bmp,21.01567392214463,62.99605860405295,2.480157655837882
jp2k_cemetry_img118.bmp,15.587851776683262,39.00478689412374,3.4398085242350502
jp2k_cemetry_img125.bmp,15.826982325605147,40.06175704155693,3.3975297183377227
jp2k_cemetry_img178.bmp,13.93917225197001,31.717532931120036,3.731298682755199
jp2k_cemetry_img46.bmp,13.643168906228077,30.40918190110683,3.783632723955727
jp2k_cemetry_img48.bmp,13.333523830224054,29.040533674807453,3.838378653007702
jp2k_cemetry_img9.bmp,15.587851776683262,39.00478689412374,3.4398085242350502
jp2k_cemetry_img98.bmp,21.151231534071982,63.595230686877684,2.4561907725248924
jp2k_churchandcapitol_img110.bmp,12.047900765581536,23.358009186384148,4.065679632544634
jp2k_churchandcapitol_img128.bmp,12.047900765581536,23.358009186384148,4.065679632544634
jp2k_churchandcapitol_img176.bmp,13.11607655514942,28.079404787549887,3.8768238084980045
jp2k_churchandcapitol_img194.bmp,13.179171091273105,28.358286099241543,3.8656685560303385
jp2k_churchandcapitol_img198.bmp,12.48405373452577,25.28582924102302,3.988566830359079
jp2k_churchandcapitol_img45.bmp,13.031194134822996,27.704219832171336,3.891831206713147
jp2k_churchandcapitol_img5.bmp,13.614353958619562,30.281818251588337,3.7887272699364667
jp2k_churchandcapitol_img7.bmp,12.67036459954339,26.109333487360065,3.9556266605055974
jp2k_coinsinfountain_img168.bmp,20.539081516395967,60.88949401980881,2.5644202392076476
jp2k_coinsinfountain_img177.bmp,18.84088802566313,53.38338561014544,2.8646645755941824
jp2k_coinsinfountain_img182.bmp,19.18927489131916,54.923274672485746,2.80306901310057
jp2k_coinsinfountain_img21.bmp,17.992642202898978,49.63409252990627,3.014636298803749
jp2k_coinsinfountain_img28.bmp,22.00311007962902,67.3605806011905,2.30557677595238
jp2k_coinsinfountain_img77.bmp,13.817436160222622,31.179452725883646,3.752821890964654
jp2k_dancers_img165.bmp,12.960158423020076,27.390238088241656,3.9043904764703337
jp2k_dancers_img170.bmp,13.355632714357716,29.13825615580244,3.8344697537679027
jp2k_dancers_img184.bmp,11.675893992228362,21.713718835987738,4.1314512465604905
jp2k_dancers_img205.bmp,12.648243996421895,26.01155920779583,3.9595376316881667
jp2k_dancers_img4.bmp,14.39282694591626,33.72271157059518,3.651091537176193
jp2k_dancers_img6.bmp,18.197506784048937,50.53960521959881,2.9784157912160474
jp2k_dancers_img65.bmp,22.817315040017384,70.95941120189158,2.161623551924337
jp2k_dancers_img84.bmp,11.675893992228362,21.713718835987738,4.1314512465604905
jp2k_flowersonih35_img111.bmp,12.97647393121252,27.462353529691374,3.901505858812345
jp2k_flowersonih35_img167.bmp,21.838054114594563,66.63102417904476,2.3347590328382095
jp2k_flowersonih35_img192.bmp,15.652355330779866,39.289896142569134,3.4284041542972346
jp2k_flowersonih35_img201.bmp,17.80096757792741,48.7868801702609,3.048524793189564
jp2k_flowersonih35_img209.bmp,13.821060443535286,31.19547225699164,3.7521811097203344
jp2k_flowersonih35_img44.bmp,15.54958338422624,38.83563849966016,3.4465744600135935
jp2k_flowersonih35_img86.bmp,17.42882713995376,47.14199901490775,3.11432003940369
jp2k_flowersonih35_img89.bmp,13.821060443535286,31.19547225699164,3.7521811097203344
jp2k_house_img131.bmp,8.560856484353975,7.945082127703923,4.682196714891843
jp2k_house_img144.bmp,17.962093996709466,49.49906778235511,3.0200372887057956
jp2k_house_img179.bmp,15.96960245323839,40.692145831325035,3.3723141667469987
jp2k_house_img187.bmp,13.387714480464368,29.28005932233447,3.8287976271066215
jp2k_house_img20.bmp,8.560856484353975,7.945082127703923,4.682196714891843
jp2k_house_img212.bmp,9.084420393575908,10.259263334646992,4.58962946661412
jp2k_house_img27.bmp,16.294577719989036,42.128554341898806,3.314857826324048
jp2k_house_img47.bmp,16.04271885118515,41.01532432217866,3.3593870271128536
jp2k_house_img80.bmp,12.134999461715584,23.742990202440428,4.050280391902383
jp2k_lighthouse2_img103.bmp,9.756081044074982,13.228040264168403,4.470878389433264
jp2k_lighthouse2_img11.bmp,8.462290088356216,7.509413249012301,4.6996234700395085
jp2k_lighthouse2_img114.bmp,10.26180570771972,15.463371026813018,4.38146515892748
jp2k_lighthouse2_img137.bmp,14.67990455976344,34.99161037587473,3.600335584965011
jp2k_lighthouse2_img151.bmp,8.462290088356216,7.509413249012301,4.6996234700395085
jp2k_lighthouse2_img164.bmp,12.889515289970351,27.077991563942067,3.9168803374423176
jp2k_lighthouse2_img211.bmp,11.372750011661024,20.37380580823648,4.185047767670541
jp2k_lighthouse2_img74.bmp,13.271223830008797,28.76516425542759,3.8493934297828964
jp2k_lighthouse_img106.bmp,11.489057593312891,20.88789170098592,4.164484331960564
jp2k_lighthouse_img149.bmp,11.559134141019726,21.197633886981148,4.152094644520754
jp2k_lighthouse_img174.bmp,8.792201766375015,8.967640968254369,4.641294361269825
jp2k_lighthouse_img180.bmp,8.4456431629081,7.435832925107501,4.7025666829957
jp2k_lighthouse_img202.bmp,13.319384256493151,28.97803598307223,3.8408785606771105
jp2k_lighthouse_img51.bmp,11.48978332387006,20.89109946986977,4.16435602120521
jp2k_lighthouse_img72.bmp,8.4456431629081,7.435832925107501,4.7025666829957
jp2k_lighthouse_img91.bmp,11.331270972784962,20.190466180431162,4.192381352782753
jp2k_manfishing_img121.bmp,16.675603564929002,43.81270948358926,3.2474916206564295
jp2k_manfishing_img143.bmp,17.19626428931064,46.1140584542392,3.155437661830432
jp2k_manfishing_img157.bmp,17.214153967463865,46.19313181329096,3.1522747274683613
jp2k_manfishing_img200.bmp,14.301215673441424,33.31778471950557,3.667288611219777
jp2k_manfishing_img26.bmp,17.878970972443792,49.1316594541039,3.0347336218358443
jp2k_manfishing_img36.bmp,17.214153967463865,46.19313181329096,3.1522747274683613
jp2k_manfishing_img63.bmp,16.408959666119348,42.63412881998251,3.2946348472006997
jp2k_manfishing_img94.bmp,16.77515652240597,44.252739018152056,3.229890439273918
jp2k_monarch_img105.bmp,6.912628053608799,0.6598220247908486,4.973607119008365
jp2k_monarch_img160.bmp,15.008961202051475,36.44605879027063,3.542157648389175
jp2k_monarch_img204.bmp,8.196275675050158,6.333614945871592,4.746655402165136
jp2k_monarch_img208.bmp,13.181408009362574,28.36817339993767,3.865273064002493
jp2k_monarch_img22.bmp,8.196275675050158,6.333614945871592,4.746655402165136
jp2k_monarch_img56.bmp,12.669279375328058,26.104536736781572,3.955818530528737
jp2k_monarch_img61.bmp,12.983690933836536,27.49425307728964,3.9002298769084143
jp2k_ocean_img120.bmp,14.880182797915444,35.87685117786165,3.5649259528855337
jp2k_ocean_img140.bmp,9.97219451022728,14.183273642802565,4.4326690542878975
jp2k_ocean_img16.bmp,9.97219451022728,14.183273642802565,4.4326690542878975
jp2k_ocean_img219.bmp,15.36477305520815,38.01876670477611,3.4792493318089557
jp2k_ocean_img31.bmp,13.448827753542098,29.550183342650225,3.817992666293991
jp2k_ocean_img37.bmp,13.556193456269687,30.024745639909536,3.799010174403618
jp2k_ocean_img69.bmp,11.532131249890062,21.078279626527515,4.1568688149389
jp2k_paintedhouse_img117.bmp,7.530805672426356,3.3922010196424672,4.864311959214302
jp2k_paintedhouse_img14.bmp,11.393562883603988,20.46579984423582,4.181368006230567
jp2k_paintedhouse_img196.bmp,14.522152785429927,34.29433887741132,3.628226444903547
jp2k_paintedhouse_img210.bmp,10.192340980922411,15.156333122808778,4.393746675087649
jp2k_paintedhouse_img215.bmp,16.319876679050015,42.240377129113355,3.3103849148354656
jp2k_paintedhouse_img35.bmp,7.530805672426356,3.3922010196424672,4.864311959214302
jp2k_paintedhouse_img40.bmp,14.887167931122834,35.907725849915664,3.5636909660033735
jp2k_paintedhouse_img82.bmp,9.149271113672206,10.545907075860189,4.578163716965593
jp2k_parrots_img101.bmp,10.533078021492583,16.66240953852032,4.333503618459187
jp2k_parrots_img127.bmp,16.38363564402773,42.52219525279732,3.2991121898881075
jp2k_parrots_img158.bmp,16.229458467823843,41.84072367420663,3.326371053031735
jp2k_parrots_img197.bmp,14.069341319805336,32.29288735338622,3.708284505864551
jp2k_parrots_img85.bmp,10.673601034159946,17.28352896506961,4.308658841397216
jp2k_parrots_img96.bmp,12.464974159283528,25.201496471547625,3.991940141138095
jp2k_plane_img113.bmp,11.605942049743607,21.404527411911257,4.14381890352355
jp2k_plane_img173.bmp,12.366567149457271,24.766532088479632,4.009338716460815
jp2k_plane_img203.bmp,11.47775239443831,20.837922101639034,4.166483115934438
jp2k_plane_img220.bmp,15.30897031129947,37.77211551477863,3.4891153794088545
jp2k_plane_img53.bmp,13.599306523895706,30.21530776444953,3.7913876894220184
jp2k_plane_img58.bmp,7.378002983201686,2.7168047489186087,4.891327810043256
jp2k_rapids_img126.bmp,13.60896815511263,30.258012704566287,3.7896794918173486
jp2k_rapids_img135.bmp,20.039363786547337,58.680714234146095,2.6527714306341563
jp2k_rapids_img146.bmp,18.31369987520065,51.05318505805545,2.957872597677782
jp2k_rapids_img189.bmp,11.91759019912025,22.782029332427133,4.088718826702914
jp2k_rapids_img3.bmp,17.144290118642093,45.8843297680386,3.164626809278456
jp2k_rapids_img32.bmp,19.61741806883424,56.81569100950698,2.7273723596197206
jp2k_rapids_img64.bmp,11.91759019912025,22.782029332427133,4.088718826702914
jp2k_rapids_img81.bmp,18.324227047305328,51.099715736388674,2.956011370544453
jp2k_sailing1_img136.bmp,12.026451919836289,23.26320411128255,4.069471835548699
jp2k_sailing1_img159.bmp,8.955745787263316,9.690514514313062,4.612379419427477
jp2k_sailing1_img19.bmp,8.714071950650895,8.622302895736386,4.655107884170545
jp2k_sailing1_img213.bmp,13.27392737512509,28.777114073186315,3.8489154370725474
jp2k_sailing1_img214.bmp,10.027920700778424,14.429586462759222,4.422816541489631
jp2k_sailing1_img43.bmp,14.764503369099726,35.36554175511502,3.5853783297953994
jp2k_sailing1_img66.bmp,8.955745787263316,9.690514514313062,4.612379419427477
jp2k_sailing1_img88.bmp,16.40106429912876,42.59923086466185,3.296030765413526
jp2k_sailing2_img138.bmp,13.459516481374193,29.59742810616329,3.8161028757534683
jp2k_sailing2_img141.bmp,8.247368073627113,6.559446151044131,4.737622153958235
jp2k_sailing2_img185.bmp,11.20535104990337,19.63389321201294,4.214644271519482
jp2k_sailing2_img206.bmp,8.358116997407105,7.048962470993889,4.718041501160245
jp2k_sailing2_img55.bmp,13.500883191568464,29.78027123503156,3.8087891505987375
jp2k_sailing2_img59.bmp,7.127408172912164,1.609161937191395,4.935633522512344
jp2k_sailing2_img62.bmp,7.730832117665761,4.2763288831397155,4.8289468446744115
jp2k_sailing2_img93.bmp,8.358116997407105,7.048962470993889,4.718041501160245
jp2k_sailing3_img100.bmp,8.676780842499763,8.45747415152886,4.661701033938845
jp2k_sailing3_img109.bmp,12.855536940900317,26.92780539664555,3.922887784134178
jp2k_sailing3_img12.bmp,12.870166199596452,26.992467522796336,3.9203012990881465
jp2k_sailing3_img130.bmp,12.857321164563372,26.935691763137388,3.9225723294745047
jp2k_sailing3_img147.bmp,8.676780842499763,8.45747415152886,4.661701033938845
jp2k_sailing3_img154.bmp,14.757526768296428,35.334704796755275,3.586611808129789
jp2k_sailing3_img183.bmp,10.426757697395104,16.19246787216648,4.352301285113342
jp2k_sailing3_img38.bmp,15.263075253401285,37.56925684058663,3.497229726376535
jp2k_sailing4_img166.bmp,11.05350451876932,18.962723212514444,4.241491071499422
jp2k_sailing4_img172.bmp,14.715214008174511,35.14768007529665,3.594092796988134
jp2k_sailing4_img221.bmp,12.769873788428272,26.549169562344236,3.9380332175062307
jp2k_sailing4_img39.bmp,12.351919527965965,24.70178879776662,4.011928448089336
jp2k_sailing4_img52.bmp,12.107072621657087,23.61955203702387,4.055217918519046
jp2k_sailing4_img70.bmp,11.05350451876932,18.962723212514444,4.241491071499422
jp2k_sailing4_img90.bmp,9.682890714410773,12.904534991066999,4.483818600357321
jp2k_statue_img102.bmp,7.609298122488292,3.739141955831503,4.850434321766739
jp2k_statue_img116.bmp,16.567802553949708,43.33622309997186,3.2665510760011256
jp2k_statue_img162.bmp,10.422624153874375,16.174197382995512,4.35303210468018
jp2k_statue_img169.bmp,18.322366563037644,51.09149229383992,2.9563403082464035
jp2k_statue_img207.bmp,9.231519303160526,10.909448586392916,4.5636220565442835
jp2k_statue_img227.bmp,18.900338542427125,53.64616015631832,2.8541535937472675
jp2k_statue_img92.bmp,12.595625684667612,25.778983382651976,3.968840664693921
jp2k_statue_img95.bmp,9.231519303160526,10.909448586392916,4.5636220565442835
jp2k_stream_img112.bmp,9.655855920028248,12.78503971648517,4.488598411340593
jp2k_stream_img17.bmp,16.457063114237478,42.846748700122006,3.2861300519951198
jp2k_stream_img175.bmp,15.600260971817365,39.059636217514466,3.437614551299421
jp2k_stream_img217.bmp,11.693335522285004,21.790811355862527,4.128367545765499
jp2k_stream_img223.bmp,9.655855920028248,12.78503971648517,4.488598411340593
jp2k_stream_img71.bmp,17.160908479207414,45.95778383359408,3.161688646656237
jp2k_stream_img8.bmp,12.213608813228504,24.090447849457252,4.03638208602171
jp2k_studentsculpture_img142.bmp,18.077762713077732,50.01032985549621,2.999586805780152
jp2k_studentsculpture_img171.bmp,16.4097093591971,42.63744250452217,3.294502299819113
jp2k_studentsculpture_img190.bmp,14.655620611626093,34.884273992636736,3.6046290402945305
jp2k_studentsculpture_img2.bmp,15.381643012447572,38.093332841436336,3.4762666863425467
jp2k_studentsculpture_img218.bmp,20.34234944004904,60.01992744757979,2.5992029020968084
jp2k_studentsculpture_img34.bmp,15.09830029243857,36.84094247185679,3.526362301125728
jp2k_studentsculpture_img60.bmp,20.744372030701545,61.796889357420326,2.528124425703187
jp2k_studentsculpture_img87.bmp,14.655620611626093,34.884273992636736,3.6046290402945305
jp2k_womanhat_img186.bmp,8.479907829104171,7.587284629811453,4.6965086148075414
jp2k_womanhat_img191.bmp,15.766499081314189,39.79441778304866,3.4082232886780535
jp2k_womanhat_img195.bmp,9.521628856592498,12.191748731001109,4.512330050759955
jp2k_womanhat_img226.bmp,15.764193125323144,39.78422533103942,3.408630986758423
jp2k_womanhat_img42.bmp,14.14166211405984,32.61254923226494,3.6954980307094023
jp2k_womanhat_img75.bmp,8.353356834194978,7.0279222884040315,4.718883108463839
jp2k_womanhat_img97.bmp,8.479907829104171,7.587284629811453,4.6965086148075414
jp2k_womanhat_img99.bmp,14.21895286214861,32.95417857979466,3.6818328568082137
jp2k_woman_img10.bmp,14.177842585059208,32.772468899320515,3.6891012440271793
jp2k_woman_img104.bmp,13.11683946462596,28.082776889297367,3.8766889244281053
jp2k_woman_img134.bmp,8.343666678117593,6.985091266838861,4.720596349326446
jp2k_woman_img150.bmp,10.232521841818548,15.333934732711224,4.386642610691551
jp2k_woman_img152.bmp,17.49204997164471,47.42144740004636,3.1031421039981457
jp2k_woman_img155.bmp,17.77414646570711,48.66832938256094,3.0532668246975625
jp2k_woman_img23.bmp,14.56353642808396,34.47725684868084,3.6209097260527665
jp2k_woman_img76.bmp,8.343666678117593,6.985091266838861,4.720596349326446
jpeg_bikes_img179.bmp,13.7261160693012,30.775812913237385,3.7689674834705045
jpeg_bikes_img183.bmp,15.62039028983037,39.148608907636486,3.4340556436945406
jpeg_bikes_img188.bmp,14.795939062908516,35.50448924664022,3.5798204301343914
jpeg_bikes_img203.bmp,14.505782767648991,34.221982500589505,3.6311206999764196
jpeg_bikes_img226.bmp,10.236695190514302,15.352381162939938,4.385904753482403
jpeg_bikes_img29.bmp,14.45870281575337,34.013886529913165,3.6394445388034735
jpeg_bikes_img42.bmp,13.7261160693012,30.775812913237385,3.7689674834705045
jpeg_bikes_img77.bmp,17.555981004075313,47.70402607131351,3.0918389571474596
jpeg_bikes_img81.bmp,17.268559254321058,46.43360616644179,3.1426557533423285
jpeg_building2_img113.bmp,12.034928211483898,23.300669785462834,4.067973208581487
jpeg_building2_img171.bmp,12.010793459175302,23.19399285597436,4.072240285761026
jpeg_building2_img192.bmp,13.424935127910498,29.444576626359673,3.822216934945613
jpeg_building2_img205.bmp,14.224554540476817,32.978938305371884,3.6808424677851246
jpeg_building2_img224.bmp,12.034928211483898,23.300669785462834,4.067973208581487
jpeg_building2_img225.bmp,13.862007161655384,31.37645899784692,3.744941640086123
jpeg_building2_img36.bmp,17.13295184443337,45.83421397389995,3.166631441044002
jpeg_building2_img60.bmp,19.198605870014102,54.964518110312284,2.8014192755875085
jpeg_building2_img62.bmp,17.13295184443337,45.83421397389995,3.166631441044002
jpeg_buildings_img157.bmp,11.162966048758229,19.446549181267745,4.222138032749291
jpeg_buildings_img162.bmp,11.982385327009773,23.068427353036004,4.07726290587856
jpeg_buildings_img163.bmp,13.580474712639337,30.13207012538661,3.794717194984536
jpeg_buildings_img204.bmp,12.446429423051338,25.119527719843507,3.99521889120626
jpeg_buildings_img227.bmp,9.737729901946391,13.146927209024785,4.474122911639009
jpeg_buildings_img43.bmp,13.963160672887357,31.82356306782992,3.7270574772868033
jpeg_buildings_img66.bmp,9.737729901946391,13.146927209024785,4.474122911639009
jpeg_buildings_img84.bmp,13.963160672887357,31.82356306782992,3.7270574772868033
jpeg_buildings_img90.bmp,13.963160672887357,31.82356306782992,3.7270574772868033
jpeg_caps_img105.bmp,11.867909330853545,22.56243716867719,4.097502513252913
jpeg_caps_img12.bmp,9.713740987440426,13.040894890626124,4.478364204374955
jpeg_caps_img136.bmp,9.713740987440426,13.040894890626124,4.478364204374955
jpeg_caps_img207.bmp,15.9042588220908,40.403323396218894,3.3838670641512443
jpeg_caps_img24.bmp,10.713117442409729,17.458193657816363,4.301672253687345
jpeg_caps_img63.bmp,12.10570640711095,23.613513293765156,4.055459468249394
jpeg_carnivaldolls_img104.bmp,14.929665399147998,36.095566990441654,3.556177320382334
jpeg_carnivaldolls_img14.bmp,9.16544177391304,10.617382281415917,4.575304708743364
jpeg_carnivaldolls_img153.bmp,9.246139161092684,10.974069160651094,4.5610372335739555
jpeg_carnivaldolls_img176.bmp,16.022038025919127,40.92391393973685,3.363043442410526
jpeg_carnivaldolls_img216.bmp,11.76461208309714,22.10585766562843,4.115765693374863
jpeg_carnivaldolls_img5.bmp,9.246139161092684,10.974069160651094,4.5610372335739555
jpeg_carnivaldolls_img80.bmp,14.929665399147998,36.095566990441654,3.556177320382334
jpeg_cemetry_img117.bmp,16.07481336891767,41.1571838515967,3.353712645936132
jpeg_cemetry_img123.bmp,15.587851776683262,39.00478689412374,3.4398085242350502
jpeg_cemetry_img128.bmp,16.1595060450311,41.531530127142474,3.338738794914301
jpeg_cemetry_img213.bmp,12.35506102436056,24.71567438420602,4.011373024631759
jpeg_cemetry_img46.bmp,13.72889534432119,30.78809746132578,3.7684761015469688
jpeg_cemetry_img55.bmp,18.15971153920001,50.37254816352484,2.9850980734590067
jpeg_cemetry_img78.bmp,13.72889534432119,30.78809746132578,3.7684761015469688
jpeg_cemetry_img82.bmp,15.587851776683262,39.00478689412374,3.4398085242350502
jpeg_churchandcapitol_img118.bmp,12.047900765581536,23.358009186384148,4.065679632544634
jpeg_churchandcapitol_img132.bmp,11.743646588221123,22.01318902789051,4.1194724388843795
jpeg_churchandcapitol_img195.bmp,10.41630978204994,16.14628751305914,4.354148499477635
jpeg_churchandcapitol_img2.bmp,12.631131574388943,25.935921363444056,3.962563145462238
jpeg_churchandcapitol_img21.bmp,11.96494696624066,22.991348841586,4.08034604633656
jpeg_churchandcapitol_img22.bmp,12.047900765581536,23.358009186384148,4.065679632544634
jpeg_churchandcapitol_img4.bmp,9.550410087866984,12.318963352473165,4.507241465901073
jpeg_coinsinfountain_img101.bmp,16.040645917737876,41.00616184259893,3.3597535262960427
jpeg_coinsinfountain_img129.bmp,14.788304780063465,35.47074529756864,3.5811701880972544
jpeg_coinsinfountain_img184.bmp,16.980112281511047,45.1586547194092,3.193653811223632
jpeg_coinsinfountain_img230.bmp,16.980112281511047,45.1586547194092,3.193653811223632
jpeg_coinsinfountain_img49.bmp,18.94012886478953,53.82203556447264,2.847118577421094
jpeg_coinsinfountain_img73.bmp,17.961846547241507,49.49797404212906,3.0200810383148378
jpeg_dancers_img119.bmp,11.770578744665958,22.132230637155953,4.114710774513762
jpeg_dancers_img155.bmp,11.675893992228362,21.713718835987738,4.1314512465604905
jpeg_dancers_img186.bmp,12.01008161658893,23.190846472683486,4.07236614109266
jpeg_dancers_img187.bmp,12.01008161658893,23.190846472683486,4.07236614109266
jpeg_dancers_img39.bmp,13.730217375725502,30.793940912673282,3.768242363493069
jpeg_dancers_img41.bmp,12.560600990888238,25.62417231432678,3.9750331074269285
jpeg_dancers_img61.bmp,10.7165087500464,17.473183423652987,4.301072663053881
jpeg_dancers_img68.bmp,11.675893992228362,21.713718835987738,4.1314512465604905
jpeg_flowersonih35_img115.bmp,13.821060443535286,31.19547225699164,3.7521811097203344
jpeg_flowersonih35_img125.bmp,13.821060443535286,31.19547225699164,3.7521811097203344
jpeg_flowersonih35_img134.bmp,13.420624618216712,29.425523936993574,3.822979042520257
jpeg_flowersonih35_img198.bmp,12.581454109833077,25.716344244282784,3.9713462302286886
jpeg_flowersonih35_img229.bmp,13.176060575009224,28.34453744667979,3.866218502132808
jpeg_flowersonih35_img27.bmp,15.560822205317727,38.8853147055636,3.444587411777456
jpeg_flowersonih35_img74.bmp,12.22743799906329,24.15157360966052,4.033937055613579
jpeg_flowersonih35_img79.bmp,9.81104500661844,13.470983994507296,4.461160640219708
jpeg_house_img120.bmp,9.471352931902608,11.96952638520968,4.521218944591613
jpeg_house_img140.bmp,8.560856484353975,7.945082127703923,4.682196714891843
jpeg_house_img151.bmp,9.074610874912857,10.215904723903702,4.591363811043852
jpeg_house_img50.bmp,12.280758347450028,24.38725247524089,4.024509900990365
jpeg_house_img51.bmp,12.028444789489775,23.272012704500593,4.069119491819976
jpeg_house_img54.bmp,8.560856484353975,7.945082127703923,4.682196714891843
jpeg_house_img75.bmp,11.922122710051044,22.802063279442105,4.087917468822315
jpeg_lighthouse2_img133.bmp,8.462290088356216,7.509413249012301,4.6996234700395085
jpeg_lighthouse2_img141.bmp,13.32580810636943,29.006429752004845,3.839742809919806
jpeg_lighthouse2_img181.bmp,13.776416643952263,30.998144213209752,3.76007423147161
jpeg_lighthouse2_img232.bmp,17.067959555376778,45.5469444901143,3.1781222203954282
jpeg_lighthouse2_img64.bmp,15.190505869976976,37.24849618393718,3.510060152642513
jpeg_lighthouse2_img69.bmp,11.179609155401964,19.52011262584765,4.219195494966094
jpeg_lighthouse2_img95.bmp,8.462290088356216,7.509413249012301,4.6996234700395085
jpeg_lighthouse2_img97.bmp,13.904404851674188,31.56385911410995,3.737445635435602
jpeg_lighthouse_img131.bmp,12.244244338675294,24.22585855291683,4.030965657883327
jpeg_lighthouse_img161.bmp,11.597304938771458,21.366350907492272,4.14534596370031
jpeg_lighthouse_img202.bmp,8.4456431629081,7.435832925107501,4.7025666829957
jpeg_lighthouse_img231.bmp,11.5163684305751,21.008607100242546,4.159655715990299
jpeg_lighthouse_img3.bmp,8.4456431629081,7.435832925107501,4.7025666829957
jpeg_lighthouse_img44.bmp,12.536272537927248,25.516639217326283,3.9793344313069485
jpeg_lighthouse_img57.bmp,9.202138050751856,10.779581838584345,4.568816726456626
jpeg_lighthouse_img86.bmp,12.204779910982296,24.051423617083262,4.03794305531667
jpeg_manfishing_img114.bmp,17.214153967463865,46.19313181329096,3.1522747274683613
jpeg_manfishing_img135.bmp,15.793488776613446,39.91371371720784,3.4034514513116862
jpeg_manfishing_img174.bmp,16.553157335143087,43.271490429257,3.26914038282972
jpeg_manfishing_img193.bmp,17.214153967463865,46.19313181329096,3.1522747274683613
jpeg_manfishing_img33.bmp,14.533787130011756,34.34576331884462,3.6261694672462155
jpeg_manfishing_img92.bmp,14.224989369547696,32.980860273724446,3.6807655890510222
jpeg_manfishing_img93.bmp,12.363621432505685,24.75351185792083,4.009859525683167
jpeg_monarch_img170.bmp,13.274070944118291,28.77774865601396,3.8488900537594417
jpeg_monarch_img178.bmp,12.388750053854986,24.864581743103255,4.00541673027587
jpeg_monarch_img18.bmp,11.97950260770568,23.055685575535836,4.077772576978567
jpeg_monarch_img209.bmp,13.274070944118291,28.77774865601396,3.8488900537594417
jpeg_monarch_img211.bmp,8.196275675050158,6.333614945871592,4.746655402165136
jpeg_monarch_img48.bmp,8.196275675050158,6.333614945871592,4.746655402165136
jpeg_monarch_img94.bmp,11.39321033520345,20.46424156096096,4.181430337561562
jpeg_monarch_img96.bmp,10.053572505299572,14.542968846268497,4.41828124614926
jpeg_ocean_img143.bmp,10.655122548540536,17.20185304470918,4.311925878211633
jpeg_ocean_img156.bmp,13.254293331392736,28.69033052256069,3.8523867790975728
jpeg_ocean_img169.bmp,9.97219451022728,14.183273642802565,4.4326690542878975
jpeg_ocean_img194.bmp,13.704465463789395,30.680116048896952,3.7727953580441222
jpeg_ocean_img28.bmp,9.97219451022728,14.183273642802565,4.4326690542878975
jpeg_ocean_img30.bmp,10.433682981702878,16.22307800880024,4.351076879647991
jpeg_ocean_img8.bmp,11.51242676559397,20.991184724745057,4.1603526110101985
jpeg_ocean_img98.bmp,12.17028433270018,23.89895126828875,4.04404194926845
jpeg_paintedhouse_img152.bmp,12.83198168887733,26.8236898902169,3.927052404391324
jpeg_paintedhouse_img172.bmp,7.530805672426356,3.3922010196424672,4.864311959214302
jpeg_paintedhouse_img20.bmp,7.530805672426356,3.3922010196424672,4.864311959214302
jpeg_paintedhouse_img228.bmp,9.956138232260578,14.112304013174704,4.435507839473011
jpeg_paintedhouse_img23.bmp,13.107152017495524,28.03995784142636,3.878401686342946
jpeg_paintedhouse_img56.bmp,12.460862176747078,25.18332128311022,3.9926671486755914
jpeg_paintedhouse_img91.bmp,13.107152017495524,28.03995784142636,3.878401686342946
jpeg_parrots_img103.bmp,12.603934930631585,25.815710705744717,3.967371571770211
jpeg_parrots_img149.bmp,13.904456055957752,31.5640854398529,3.7374365824058837
jpeg_parrots_img196.bmp,18.430613128891743,51.56994805445176,2.9372020778219294
jpeg_parrots_img233.bmp,18.430613128891743,51.56994805445176,2.9372020778219294
jpeg_parrots_img32.bmp,12.56948470346289,25.663438811359963,3.9734624475456015
jpeg_parrots_img72.bmp,12.215510266487698,24.09885237719647,4.036045904912141
jpeg_plane_img165.bmp,11.767214826141418,22.117361932697793,4.115305522692088
jpeg_plane_img17.bmp,9.123868952846188,10.43362813118144,4.582654874752743
jpeg_plane_img25.bmp,11.050969179055818,18.95151687186556,4.241939325125378
jpeg_plane_img40.bmp,8.66118408659941,8.388535634648445,4.664458574614062
jpeg_rapids_img110.bmp,18.414006661744207,51.49654655845548,2.940138137661781
jpeg_rapids_img139.bmp,11.91759019912025,22.782029332427133,4.088718826702914
jpeg_rapids_img146.bmp,16.13266420272191,41.41288771131215,3.343484491547514
jpeg_rapids_img31.bmp,11.91759019912025,22.782029332427133,4.088718826702914
jpeg_rapids_img35.bmp,13.073470851429429,27.891085239313814,3.8843565904274477
jpeg_rapids_img9.bmp,15.633865950255595,39.20817206613141,3.4316731173547437
jpeg_sailing1_img102.bmp,10.82140536026931,17.936832196561422,4.2825267121375425
jpeg_sailing1_img106.bmp,9.268497210601325,11.072892966275301,4.557084281348988
jpeg_sailing1_img121.bmp,13.06806294885627,27.86718201320645,3.885312719471742
jpeg_sailing1_img122.bmp,8.955745787263316,9.690514514313062,4.612379419427477
jpeg_sailing1_img175.bmp,11.213146897371782,19.6683512855849,4.213265948576604
jpeg_sailing1_img71.bmp,10.937196328006172,18.448634627459715,4.262054614901611
jpeg_sailing1_img88.bmp,8.955745787263316,9.690514514313062,4.612379419427477
jpeg_sailing2_img111.bmp,11.755735041716624,22.066620655639387,4.117335173774425
jpeg_sailing2_img124.bmp,19.78257747493013,57.5457046468201,2.698171814127196
jpeg_sailing2_img144.bmp,11.341004699723182,20.23348978759198,4.190660408496321
jpeg_sailing2_img177.bmp,18.0637490509551,49.948388699978366,3.0020644520008655
jpeg_sailing2_img219.bmp,8.358116997407105,7.048962470993889,4.718041501160245
jpeg_sailing2_img52.bmp,8.358116997407105,7.048962470993889,4.718041501160245
jpeg_sailing2_img67.bmp,12.019353874991834,23.231830363597215,4.070726785456111
jpeg_sailing2_img99.bmp,11.573176447945515,21.2597016541007,4.149611933835972
jpeg_sailing3_img108.bmp,10.22509902154716,15.301125459818277,4.387954981607269
jpeg_sailing3_img19.bmp,8.676780842499763,8.45747415152886,4.661701033938845
jpeg_sailing3_img206.bmp,13.097500934153244,27.997299523494288,3.8801080190602284
jpeg_sailing3_img222.bmp,8.676780842499763,8.45747415152886,4.661701033938845
jpeg_sailing3_img38.bmp,8.878572688824752,9.349405184692731,4.6260237926122905
jpeg_sailing3_img83.bmp,10.126089949390574,14.863499928214797,4.405460002871408
jpeg_sailing4_img15.bmp,12.715614557166246,26.309340782938182,3.9476263686824726
jpeg_sailing4_img173.bmp,11.05350451876932,18.962723212514444,4.241491071499422
jpeg_sailing4_img214.bmp,9.050184598878182,10.107939243549925,4.5956824302580035
jpeg_sailing4_img37.bmp,11.735468202203348,21.977040112940298,4.120918395482388
jpeg_sailing4_img47.bmp,12.761582599222788,26.51252205111479,3.9394991179554086
jpeg_sailing4_img6.bmp,11.05350451876932,18.962723212514444,4.241491071499422
jpeg_statue_img11.bmp,13.692170470072108,30.625771502034826,3.774969139918607
jpeg_statue_img13.bmp,8.335411672035825,6.948603687001633,4.722055852519935
jpeg_statue_img130.bmp,10.056673390675268,14.556674929776019,4.4177330028089585
jpeg_statue_img208.bmp,9.231519303160526,10.909448586392916,4.5636220565442835
jpeg_statue_img70.bmp,8.414129266764672,7.296539774972199,4.708138409001112
jpeg_statue_img87.bmp,9.231519303160526,10.909448586392916,4.5636220565442835
jpeg_stream_img100.bmp,14.634253928191184,34.78983207945511,3.6084067168217957
jpeg_stream_img137.bmp,9.809549090731904,13.464371964207249,4.46142512143171
jpeg_stream_img16.bmp,15.155807905725233,37.0951292780519,3.516194828877924
jpeg_stream_img185.bmp,14.381155279701131,33.67112216549485,3.653155113380206
jpeg_stream_img212.bmp,9.655855920028248,12.78503971648517,4.488598411340593
jpeg_stream_img7.bmp,9.655855920028248,12.78503971648517,4.488598411340593
jpeg_stream_img85.bmp,14.22352190165896,32.974373985135614,3.6810250405945752
jpeg_studentsculpture_img158.bmp,14.655620611626093,34.884273992636736,3.6046290402945305
jpeg_studentsculpture_img200.bmp,17.652040151339996,48.128612773031094,3.074855489078756
jpeg_studentsculpture_img34.bmp,14.655620611626093,34.884273992636736,3.6046290402945305
jpeg_studentsculpture_img45.bmp,19.24506467560514,55.16986858023978,2.793205256790409
jpeg_studentsculpture_img53.bmp,14.978509220726991,36.31145936190279,3.5475416255238885
jpeg_studentsculpture_img59.bmp,19.98153955749211,58.425127968881085,2.6629948812447566
jpeg_womanhat_img1.bmp,14.51099860428468,34.2450367847145,3.63019852861142
jpeg_womanhat_img107.bmp,15.224741744668805,37.399820628612574,3.504007174855497
jpeg_womanhat_img154.bmp,19.933382790763563,58.21227241755793,2.6715091032976828
jpeg_womanhat_img168.bmp,12.58246022573138,25.720791331759305,3.971168346729628
jpeg_womanhat_img190.bmp,8.479907829104171,7.587284629811453,4.6965086148075414
jpeg_womanhat_img26.bmp,8.479907829104171,7.587284629811453,4.6965086148075414
jpeg_womanhat_img89.bmp,14.820896164804909,35.614801006429445,3.5754079597428223
jpeg_woman_img10.bmp,8.343666678117593,6.985091266838861,4.720596349326446
jpeg_woman_img116.bmp,9.470770040853337,11.966949974788417,4.521322001008463
jpeg_woman_img150.bmp,11.130359701808471,19.30242733862521,4.227902906454991
jpeg_woman_img167.bmp,13.42822556365016,29.459120532876636,3.8216351786849345
jpeg_woman_img189.bmp,8.343666678117593,6.985091266838861,4.720596349326446
jpeg_woman_img58.bmp,9.785682195778394,13.358878978925706,4.465644840842971
jpeg_woman_img65.bmp,13.783145862260945,31.027887727369293,3.7588844909052286
wn_bikes_img152.bmp,13.7261160693012,30.775812913237385,3.7689674834705045
wn_bikes_img29.bmp,24.984197384815165,80.53715006368571,1.7785139974525714
wn_bikes_img68.bmp,9.69868517881045,12.974347390362784,4.481026104385489
wn_bikes_img95.bmp,9.224973019207091,10.880513652121255,4.5647794539151505
wn_bikes_img97.bmp,19.06181340924914,54.35988792786863,2.8256044828852547
wn_building2_img102.bmp,8.18426403411402,6.28052283384984,4.748779086646007
wn_building2_img118.bmp,8.375426597129332,7.1254718515514845,4.714981125937941
wn_building2_img121.bmp,26.57982259628361,87.58990105103385,1.4964039579586461
wn_building2_img156.bmp,12.034928211483898,23.300669785462834,4.067973208581487
wn_building2_img36.bmp,19.85440825210881,57.86320062333624,2.6854719750665503
wn_building2_img48.bmp,8.058431942983068,5.724338086588812,4.771026476536447
wn_buildings_img103.bmp,8.677607575107388,8.461128355017745,4.661554865799291
wn_buildings_img130.bmp,16.912916452949926,44.86164547010435,3.205534181195826
wn_buildings_img159.bmp,9.737729901946391,13.146927209024785,4.474122911639009
wn_buildings_img46.bmp,8.821348905098452,9.096472920728285,4.636141083170868
wn_buildings_img61.bmp,25.583915947427847,83.18793901725525,1.6724824393097901
wn_caps_img110.bmp,16.224056891621117,41.81684841100372,3.3273260635598514
wn_caps_img132.bmp,13.040377797972166,27.744812127202305,3.8902075149119075
wn_caps_img144.bmp,20.489963846583265,60.6723912241285,2.5731043510348597
wn_caps_img163.bmp,9.713740987440426,13.040894890626124,4.478364204374955
wn_caps_img64.bmp,10.992583243783866,18.69344783430157,4.252262086627937
wn_carnivaldolls_img135.bmp,18.36683772090996,51.28805725178756,2.948477709928498
wn_carnivaldolls_img14.bmp,7.486923001255197,3.1982372052044603,4.872070511791821
wn_carnivaldolls_img166.bmp,9.246139161092684,10.974069160651094,4.5610372335739555
wn_carnivaldolls_img71.bmp,13.962232974248623,31.819462588943484,3.7272214964422608
wn_carnivaldolls_img90.bmp,7.537425037934161,3.4214589783944582,4.863141640864222
wn_cemetry_img169.bmp,15.587851776683262,39.00478689412374,3.4398085242350502
wn_cemetry_img45.bmp,10.416346818852082,16.146451217756837,4.354141951289726
wn_cemetry_img63.bmp,8.873566315684574,9.327276740711245,4.626908930371551
wn_cemetry_img65.bmp,16.92353953269286,44.90860006546119,3.2036559973815524
wn_cemetry_img9.bmp,12.559051036266297,25.617321429851106,3.975307142805956
wn_churchandcapitol_img13.bmp,7.318190935096065,2.4524322143783657,4.9019027114248654
wn_churchandcapitol_img172.bmp,12.047900765581536,23.358009186384148,4.065679632544634
wn_churchandcapitol_img18.bmp,7.338947690373298,2.5441782116360336,4.898232871534558
wn_churchandcapitol_img62.bmp,9.450441633061676,11.877097296920592,4.524916108123176
wn_churchandcapitol_img93.bmp,11.87577812312136,22.597217662265027,4.096111293509399
wn_coinsinfountain_img124.bmp,14.937555552470569,36.130441901063605,3.554782323957456
wn_coinsinfountain_img31.bmp,6.899960753671653,0.6038318640083418,4.975846725439666
wn_coinsinfountain_img8.bmp,7.0513779475223615,1.2731041691565395,4.949075833233739
wn_coinsinfountain_img92.bmp,19.850315056177056,57.845108472722416,2.6861956610911033
wn_dancers_img149.bmp,11.675893992228362,21.713718835987738,4.1314512465604905
wn_dancers_img27.bmp,7.085152816775127,1.4223909444957066,4.943104362220172
wn_dancers_img30.bmp,7.672000640962134,4.016290528000663,4.839348378879974
wn_dancers_img50.bmp,24.5269844539922,78.51624382197346,1.8593502471210615
wn_dancers_img51.bmp,15.121359163432931,36.94286394690228,3.5222854421239087
wn_flowersonih35_img122.bmp,10.11122254408874,14.797785180999622,4.408088592760015
wn_flowersonih35_img133.bmp,7.215019612426832,1.9964093071244733,4.920143627715021
wn_flowersonih35_img153.bmp,13.821060443535286,31.19547225699164,3.7521811097203344
wn_flowersonih35_img49.bmp,14.401133356293323,33.759426360238194,3.649622945590472
wn_flowersonih35_img72.bmp,9.235770669546758,10.928239859094408,4.5628704056362235
wn_house_img109.bmp,12.229091257322851,24.158881101882788,4.033644755924689
wn_house_img160.bmp,8.560856484353975,7.945082127703923,4.682196714891843
wn_house_img38.bmp,16.488186510547518,42.984315819566845,3.2806273672173263
wn_house_img54.bmp,7.765322478760763,4.428778171680921,4.822848873132763
wn_house_img70.bmp,8.258475661424422,6.6085422985864675,4.735658308056541
wn_house_img83.bmp,21.307460254050763,64.28577020152251,2.4285691919390997
wn_lighthouse2_img108.bmp,11.787990782740463,22.209192800851458,4.111632287965942
wn_lighthouse2_img125.bmp,8.91471751264083,9.509167289242189,4.619633308430313
wn_lighthouse2_img167.bmp,8.462290088356216,7.509413249012301,4.6996234700395085
wn_lighthouse2_img32.bmp,14.51950703435394,34.28264451248192,3.6286942195007232
wn_lighthouse2_img6.bmp,9.48441213286372,12.027248770021902,4.518910049199124
wn_lighthouse_img114.bmp,8.525711472675399,7.789739247662357,4.688410430093506
wn_lighthouse_img164.bmp,8.4456431629081,7.435832925107501,4.7025666829957
wn_lighthouse_img40.bmp,9.977538281201866,14.2068934037253,4.431724263850988
wn_lighthouse_img43.bmp,8.180216469632308,6.262632376749028,4.749494704930039
wn_lighthouse_img96.bmp,12.235788553296931,24.1884835175718,4.0324606592971275
wn_manfishing_img143.bmp,19.87671312679556,57.961789393329965,2.6815284242668014
wn_manfishing_img170.bmp,17.214153967463865,46.19313181329096,3.1522747274683613
wn_manfishing_img37.bmp,9.707961872423406,13.015350885148312,4.4793859645940675
wn_manfishing_img59.bmp,8.67326011225259,8.44191233065234,4.662323506773906
wn_manfishing_img73.bmp,22.590597002999612,69.95730503815457,2.201707798473817
wn_monarch_img1.bmp,9.083727352785209,10.256200056324655,4.589751997747014
wn_monarch_img140.bmp,20.283313380887453,59.75898482675102,2.6096406069299594
wn_monarch_img17.bmp,14.853674999602196,35.75968525482254,3.5696125898070985
wn_monarch_img173.bmp,8.196275675050158,6.333614945871592,4.746655402165136
wn_monarch_img82.bmp,8.359523685215438,7.055180108292294,4.717792795668308
wn_ocean_img120.bmp,18.75674771386669,53.01148081518923,2.879540767392431
wn_ocean_img147.bmp,9.97219451022728,14.183273642802565,4.4326690542878975
wn_ocean_img21.bmp,14.88894235033214,35.915568880183955,3.5633772447926417
wn_ocean_img99.bmp,8.109187728920325,5.948681445423798,4.762052742183048
wn_paintedhouse_img111.bmp,7.958466246386459,5.282484222470028,4.788700631101198
wn_paintedhouse_img142.bmp,7.318048414857272,2.451802267102753,4.90192790931589
wn_paintedhouse_img150.bmp,7.530805672426356,3.3922010196424672,4.864311959214302
wn_paintedhouse_img26.bmp,9.193622217918357,10.741941390192782,4.570322344392289
wn_paintedhouse_img39.bmp,14.929577596900105,36.09517889968822,3.5561928440124713
wn_parrots_img22.bmp,8.450403594183735,7.456874292552772,4.701725028297889
wn_parrots_img67.bmp,13.90864939847215,31.58262024385709,3.736695190245716
wn_parrots_img69.bmp,16.551959986174467,43.26619808111663,3.269352076755335
wn_plane_img10.bmp,9.97073171789862,14.176808020445822,4.432927679182168
wn_plane_img129.bmp,22.14007145156704,67.9659573802873,2.281361704788508
wn_plane_img139.bmp,16.490656497552834,42.99523329765961,3.2801906680936157
wn_plane_img78.bmp,7.604299670783706,3.717048525029984,4.851318058998801
wn_rapids_img101.bmp,9.160670390516668,10.596292504996047,4.576148299800158
wn_rapids_img107.bmp,8.647031334204561,8.325979692495455,4.666960812300182
wn_rapids_img116.bmp,18.02354413564828,49.77068076826083,3.0091727692695667
wn_rapids_img161.bmp,11.91759019912025,22.782029332427133,4.088718826702914
wn_rapids_img74.bmp,12.938519888355708,27.29459457770923,3.908216216891631
wn_sailing1_img141.bmp,14.743267845669278,35.271679576349925,3.589132816946003
wn_sailing1_img165.bmp,8.955745787263316,9.690514514313062,4.612379419427477
wn_sailing1_img56.bmp,7.760224507661608,4.406244859694734,4.82375020561221
wn_sailing1_img76.bmp,7.432200418711856,2.9563603877107063,4.881745584491572
wn_sailing1_img79.bmp,12.634945235776222,25.952777956033106,3.961888881758676
wn_sailing2_img117.bmp,8.698278111538164,8.552493260243207,4.657900269590272
wn_sailing2_img12.bmp,9.519298263592788,12.18144738206173,4.51274210471753
wn_sailing2_img128.bmp,15.015049960400562,36.47297143626645,3.5410811425493423
wn_sailing2_img168.bmp,8.358116997407105,7.048962470993889,4.718041501160245
wn_sailing2_img81.bmp,8.042254246395597,5.652831779994859,4.773886728800205
wn_sailing3_img123.bmp,15.096079754168931,36.83112757086309,3.5267548971654765
wn_sailing3_img171.bmp,8.676780842499763,8.45747415152886,4.661701033938845
wn_sailing3_img5.bmp,8.303547824563129,6.807763732788981,4.727689450688441
wn_sailing3_img84.bmp,8.116178314346278,5.979580216583013,4.76081679133668
wn_sailing3_img89.bmp,10.51627667541126,16.58814666694362,4.336474133322255
wn_sailing4_img100.bmp,8.163459830197176,6.188567111001564,4.752457315559937
wn_sailing4_img126.bmp,16.880776283916468,44.71958415943125,3.21121663362275
wn_sailing4_img127.bmp,8.160486665686213,6.1754255607242605,4.75298297757103
wn_sailing4_img134.bmp,23.738282688983052,75.03013874422007,1.9987944502311974
wn_sailing4_img174.bmp,11.05350451876932,18.962723212514444,4.241491071499422
wn_sailing4_img86.bmp,11.02171012642523,18.82219025378127,4.247112389848749
wn_statue_img148.bmp,9.231519303160526,10.909448586392916,4.5636220565442835
wn_statue_img25.bmp,14.016094550009132,32.0575337092133,3.717698651631468
wn_statue_img55.bmp,9.7791063188059,13.329813241886018,4.466807470324559
wn_statue_img85.bmp,7.897423884348413,5.012673632840599,4.799493054686376
wn_statue_img91.bmp,21.91461517957724,66.96942828720752,2.321222868511699
wn_stream_img106.bmp,20.582239282725705,61.08025371507189,2.5567898513971246
wn_stream_img138.bmp,7.960465510907144,5.291321081351985,4.788347156745921
wn_stream_img151.bmp,9.655855920028248,12.78503971648517,4.488598411340593
wn_stream_img2.bmp,11.93612790916982,22.86396702801854,4.085441318879258
wn_stream_img88.bmp,8.869243066577765,9.30816774244057,4.627673290302377
wn_studentsculpture_img112.bmp,12.908445482081277,27.16166405178033,3.9135334379287867
wn_studentsculpture_img155.bmp,14.655620611626093,34.884273992636736,3.6046290402945305
wn_studentsculpture_img16.bmp,9.73580850144905,13.138434513398447,4.474462619464061
wn_studentsculpture_img19.bmp,14.3817792390011,33.67388009983763,3.653044796006495
wn_studentsculpture_img44.bmp,29.38750243572652,100.00000000000001,0.9999999999999994
wn_womanhat_img11.bmp,6.763348905695156,0.0,5.0
wn_womanhat_img119.bmp,13.60677013213882,30.248297322415564,3.7900681071033775
wn_womanhat_img162.bmp,8.479907829104171,7.587284629811453,4.6965086148075414
wn_womanhat_img28.bmp,8.997874338391028,9.876725021909689,4.604930999123612
wn_womanhat_img3.bmp,6.989331217205562,0.9988542166248848,4.960045831335004
wn_woman_img115.bmp,12.324809140376628,24.58195939706285,4.016721624117486
wn_woman_img158.bmp,8.343666678117593,6.985091266838861,4.720596349326446
wn_woman_img35.bmp,9.386864259734452,11.596081818295804,4.5361567272681675
wn_woman_img7.bmp,17.471969555968336,47.33269086093554,3.106692365562578
wn_woman_img98.bmp,8.143637014554733,6.100949178175345,4.755962032872986
