image_name,MOS_predicted_score,MOS
jpeg_buildings_img43.bmp,3.4818137,3.088138795688037
gblur_parrots_img105.bmp,2.1130202,2.4455001908474068
fastfading_rapids_img77.bmp,3.4468882,3.266242648644033
jpeg_statue_img70.bmp,3.6529245,4.217300651208662
fastfading_studentsculpture_img49.bmp,3.4382615,4.03347888827136
jpeg_carnivaldolls_img216.bmp,3.7150981,3.9218364748303136
wn_caps_img64.bmp,3.6275134,4.099865014922334
jp2k_dancers_img65.bmp,3.2918658,2.011510777857303
gblur_monarch_img3.bmp,2.2009583,3.327371272323796
fastfading_sailing3_img127.bmp,3.3558173,3.8555865850967104
jpeg_monarch_img178.bmp,3.2999651,3.8557286426084745
wn_sailing2_img81.bmp,3.416853,4.033412252936827
fastfading_bikes_img32.bmp,3.6635914,3.132306187448422
jpeg_paintedhouse_img172.bmp,3.4909265,5.0
jp2k_manfishing_img94.bmp,3.3172178,3.469802643825316
jp2k_churchandcapitol_img194.bmp,3.2553246,2.546708772329357
wn_house_img109.bmp,3.3171618,3.1871800002553545
jp2k_stream_img112.bmp,3.4731834,5.0
gblur_sailing1_img125.bmp,2.16826,2.48569855112988
jpeg_woman_img167.bmp,3.3724833,2.888287489806697
fastfading_churchandcapitol_img134.bmp,3.4475594,3.9466187365775296
gblur_parrots_img12.bmp,3.5196216,3.9973822132645496
jp2k_woman_img150.bmp,3.722494,4.143245386278094
jp2k_ocean_img140.bmp,3.5760663,5.0
gblur_flowersonih35_img107.bmp,2.1549504,2.312795783926368
wn_house_img38.bmp,3.3820288,3.005117288265736
jpeg_plane_img17.bmp,3.5942295,4.098003483934872
jpeg_lighthouse_img86.bmp,3.5615408,3.05316794392278
jp2k_caps_img193.bmp,2.7475607,2.7273972643510787
wn_stream_img131.bmp,3.4510772,2.491557989358874
fastfading_ocean_img10.bmp,3.5640602,4.204768889068609
jpeg_monarch_img209.bmp,3.016319,2.6520492425259787
wn_woman_img35.bmp,3.6300328,3.658265299356823
jpeg_house_img75.bmp,3.448046,2.811960012046648
jp2k_house_img179.bmp,3.321929,2.219935752171622
fastfading_rapids_img76.bmp,3.028393,2.079231002559743
jp2k_sailing2_img138.bmp,3.0298886,2.920627960834324
wn_lighthouse2_img108.bmp,3.1247656,3.2577982668144805
wn_manfishing_img73.bmp,3.2736962,2.948818855655378
gblur_house_img49.bmp,2.7156909,3.5976677218271065
wn_rapids_img101.bmp,3.5956736,4.270990970389209
fastfading_monarch_img173.bmp,3.3136585,5.0
jpeg_ocean_img156.bmp,3.6472473,3.1992719431154377
fastfading_bikes_img35.bmp,3.284113,3.212622805166936
jpeg_paintedhouse_img56.bmp,3.381412,3.3426462798426035
fastfading_flowersonih35_img153.bmp,3.5552087,5.0
gblur_paintedhouse_img81.bmp,2.5719502,3.2153536177188844
jp2k_stream_img217.bmp,3.4457302,4.029779258210881
jpeg_womanhat_img89.bmp,3.589898,3.227251338895198
jp2k_womanhat_img75.bmp,3.693994,3.998775180813256
jpeg_lighthouse2_img64.bmp,3.539592,4.123398506983863
jpeg_parrots_img32.bmp,3.818818,3.2991525569269142
wn_woman_img33.bmp,3.4763253,2.178893614316944
gblur_monarch_img37.bmp,2.109537,2.900926620132158
gblur_lighthouse_img97.bmp,2.3954098,3.000169696914365
jpeg_monarch_img48.bmp,3.3136585,5.0
fastfading_rapids_img79.bmp,3.5266855,3.0287742142729903
jpeg_rapids_img110.bmp,3.5834997,3.120551351535055
jpeg_sailing3_img83.bmp,3.2295494,3.434938097811361
gblur_rapids_img29.bmp,3.3448904,3.7943917675559296
jpeg_sailing2_img111.bmp,3.454875,3.207768221196704
jpeg_stream_img100.bmp,3.2814925,1.988840158291859
fastfading_rapids_img78.bmp,3.4619565,3.284660687055273
gblur_building2_img25.bmp,2.1771142,2.7315831168438045
wn_monarch_img17.bmp,2.9229202,3.3532162183036505
wn_building2_img48.bmp,3.4897747,3.7371702930783135
wn_sailing4_img134.bmp,3.403876,2.9130695032507177
jp2k_manfishing_img200.bmp,2.9856818,2.6279130956650154
gblur_flowersonih35_img90.bmp,3.4775565,4.095843939809406
gblur_caps_img1.bmp,3.1251948,3.3681021351397016
gblur_coinsinfountain_img101.bmp,3.2667427,3.911624388164323
wn_sailing1_img76.bmp,3.5618055,4.071606582365356
fastfading_parrots_img43.bmp,3.830283,4.173653203416471
gblur_manfishing_img14.bmp,2.3957593,3.6742546628369257
fastfading_woman_img158.bmp,3.6893356,5.0
jp2k_cemetry_img46.bmp,3.1060822,2.281060530830158
jp2k_studentsculpture_img190.bmp,3.461874,5.0
jp2k_sailing4_img52.bmp,3.6091952,2.9017840277279583
jpeg_sailing1_img210.bmp,3.082749,2.5030802393218328
jp2k_lighthouse2_img151.bmp,3.5322902,5.0
wn_building2_img121.bmp,3.4921665,2.788520664846105
jp2k_sailing2_img55.bmp,3.4404233,3.038150471616789
wn_lighthouse_img40.bmp,3.365045,3.428698642707053
wn_plane_img10.bmp,3.4466393,3.7635848238032574
jpeg_sailing2_img52.bmp,3.4976892,5.0
wn_monarch_img82.bmp,3.1359427,4.042289639493152
fastfading_rapids_img161.bmp,3.6143222,5.0
jpeg_ocean_img164.bmp,2.8395765,2.2869163935627626
gblur_carnivaldolls_img27.bmp,3.1430159,3.7022195528603854
jp2k_sailing1_img136.bmp,3.40123,3.460024833251301
gblur_cemetry_img143.bmp,2.6251218,3.647231624702252
fastfading_manfishing_img125.bmp,3.2988796,4.159450324087098
fastfading_plane_img56.bmp,3.412396,3.195720661132378
jp2k_sailing3_img12.bmp,3.3277833,3.3435000630105045
fastfading_sailing4_img145.bmp,3.471997,3.5573357804788834
jpeg_ocean_img143.bmp,3.541068,4.197613365593794
wn_buildings_img46.bmp,3.4063547,3.6708524121772745
fastfading_flowersonih35_img37.bmp,2.2300975,2.130125473096048
jpeg_sailing4_img173.bmp,3.5636437,5.0
jpeg_ocean_img8.bmp,3.5444458,3.827096432868612
jp2k_flowersonih35_img44.bmp,3.316711,2.3197652755897398
fastfading_bikes_img34.bmp,3.6869788,4.097828371467128
gblur_carnivaldolls_img59.bmp,2.3853865,3.3339445387222826
jpeg_coinsinfountain_img49.bmp,3.461127,3.322145069548875
wn_cemetry_img45.bmp,3.3451083,3.908074241942408
jp2k_sailing1_img159.bmp,3.5587378,5.0
jpeg_coinsinfountain_img112.bmp,3.4742484,5.0
jpeg_woman_img189.bmp,3.6893356,5.0
jpeg_manfishing_img193.bmp,3.3186858,5.0
wn_studentsculpture_img19.bmp,3.4775305,4.215703014720862
wn_dancers_img50.bmp,3.5506551,2.712191040981539
jp2k_rapids_img126.bmp,3.6084824,4.015006447156836
gblur_buildings_img73.bmp,2.2496219,2.752983458087022
gblur_building2_img156.bmp,3.5123239,5.0
wn_carnivaldolls_img71.bmp,3.325866,3.0751283517184254
fastfading_bikes_img33.bmp,3.6896124,3.576219119983836
fastfading_coinsinfountain_img4.bmp,3.4069057,3.851637476626385
jp2k_plane_img220.bmp,3.4362328,2.5693048079112515
wn_stream_img138.bmp,3.4522774,4.016376128707565
jpeg_sailing2_img144.bmp,3.4758122,4.142985901345604
gblur_carnivaldolls_img6.bmp,2.2162704,2.9373001580305096
wn_womanhat_img119.bmp,3.3652585,3.041815042368889
wn_stream_img151.bmp,3.4731834,5.0
jp2k_bikes_img115.bmp,3.3815079,2.448101663487769
jpeg_manfishing_img174.bmp,3.252137,3.963064549511187
fastfading_cemetry_img118.bmp,2.285362,2.939607184003157
jp2k_plane_img53.bmp,3.410834,2.5759842702586546
jp2k_lighthouse2_img164.bmp,3.5681975,3.627246963185843
jpeg_lighthouse_img202.bmp,3.6261673,5.0
jp2k_bikes_img188.bmp,3.6886575,5.0
jpeg_parrots_img72.bmp,3.8248649,3.8878075082222554
jp2k_sailing1_img88.bmp,3.2004452,2.4793870194853103
jp2k_ocean_img219.bmp,3.2715094,2.5329446484039035
jp2k_paintedhouse_img196.bmp,3.3864472,2.764507197830832
gblur_sailing3_img124.bmp,2.223133,2.5961716288326837
jp2k_lighthouse_img106.bmp,3.5116506,2.9648930765635115
jp2k_studentsculpture_img171.bmp,3.3682094,3.7445174284682663
jpeg_flowersonih35_img198.bmp,3.578662,3.999765862749686
jp2k_stream_img223.bmp,3.4731834,5.0
jp2k_manfishing_img157.bmp,3.3186858,5.0
wn_building2_img36.bmp,3.4125154,2.8970450329942223
fastfading_woman_img65.bmp,2.1672406,2.31054257607694
gblur_bikes_img40.bmp,2.214918,2.7649875483887136
fastfading_caps_img90.bmp,3.6376345,3.3004145886079512
jpeg_manfishing_img33.bmp,3.1290932,3.0455069492966995
fastfading_lighthouse_img95.bmp,2.526643,2.9883107127014825
fastfading_coinsinfountain_img5.bmp,3.4204247,4.040225328700454
wn_bikes_img152.bmp,3.6886575,5.0
fastfading_lighthouse2_img107.bmp,2.359631,3.0168572742389044
jpeg_house_img160.bmp,3.1925533,2.5313943286655736
jpeg_stream_img85.bmp,3.4761026,2.4540397208063576
wn_churchandcapitol_img18.bmp,3.4837058,3.718832312295589
fastfading_lighthouse2_img109.bmp,3.3529127,3.628983721547983
jpeg_house_img140.bmp,3.4480753,5.0
jp2k_sailing2_img93.bmp,3.4976892,5.0
wn_parrots_img104.bmp,3.4701242,2.2509139462183896
jp2k_monarch_img22.bmp,3.3136585,5.0
jpeg_bikes_img29.bmp,3.5139499,2.4708713406732614
jp2k_buildings_img13.bmp,3.5656543,3.0167542744275364
jpeg_sailing1_img102.bmp,3.502496,3.817728912034125
jpeg_sailing1_img121.bmp,3.5103137,3.4445562394579827
wn_flowersonih35_img72.bmp,3.4886322,3.4933054317476637
wn_coinsinfountain_img92.bmp,3.364758,2.9472631035213963
fastfading_studentsculpture_img48.bmp,2.4131064,3.0236230121417997
wn_lighthouse2_img137.bmp,3.3183613,2.195264346497332
jp2k_womanhat_img191.bmp,2.0265868,2.386584575892562
jp2k_carnivaldolls_img148.bmp,3.7358034,4.004041717205428
jpeg_lighthouse2_img97.bmp,3.5243175,4.065626713974098
fastfading_ocean_img7.bmp,3.4221687,3.1554661063184124
jpeg_studentsculpture_img127.bmp,3.0038025,2.630014539219616
jpeg_statue_img208.bmp,3.6566043,5.0
jp2k_studentsculpture_img34.bmp,3.4812963,4.068283948157762
jp2k_bikes_img225.bmp,2.8601894,2.2778479120506234
jp2k_lighthouse2_img137.bmp,3.324833,2.8207070663674507
wn_paintedhouse_img39.bmp,3.387017,2.8879587927422072
fastfading_buildings_img68.bmp,2.4781623,2.73939684828653
jpeg_ocean_img98.bmp,3.582251,3.6730050188137806
wn_ocean_img21.bmp,3.0747592,3.116918718312054
fastfading_sailing3_img171.bmp,3.3195066,5.0
gblur_bikes_img60.bmp,3.5984576,4.110620901831675
jpeg_woman_img58.bmp,3.7006462,3.927182704168736
jpeg_building2_img113.bmp,3.5123239,5.0
jp2k_sailing4_img172.bmp,3.0266995,2.225037821274018
jp2k_building2_img216.bmp,3.4847121,3.98090592015216
jp2k_buildings_img123.bmp,3.5236998,5.0
jp2k_sailing3_img130.bmp,3.3692095,3.251269342759267
jpeg_caps_img12.bmp,3.6657014,5.0
fastfading_monarch_img136.bmp,2.15714,2.8328785455927235
gblur_bikes_img152.bmp,3.6886575,5.0
jp2k_parrots_img145.bmp,3.8266265,5.0
wn_plane_img105.bmp,3.3310125,2.3831024878917693
jpeg_woman_img65.bmp,3.5617418,2.753296923002357
fastfading_cemetry_img169.bmp,3.3246522,5.0
jpeg_building2_img171.bmp,3.4880598,3.970680729123795
jpeg_womanhat_img154.bmp,2.9454148,2.493006288437381
wn_woman_img158.bmp,3.6893356,5.0
jp2k_paintedhouse_img210.bmp,3.382096,3.6335517642235136
wn_carnivaldolls_img14.bmp,3.7504447,4.187703729684764
wn_sailing1_img165.bmp,3.5587378,5.0
fastfading_sailing2_img112.bmp,2.191613,2.722777926318329
fastfading_plane_img60.bmp,3.595585,4.008607936039077
fastfading_lighthouse_img93.bmp,3.4499686,3.454734509467132
gblur_woman_img145.bmp,3.4003024,4.044997176240256
jpeg_statue_img87.bmp,3.6566043,5.0
gblur_sailing4_img76.bmp,2.8092875,3.430215942807392
jp2k_rapids_img64.bmp,3.6143222,5.0
gblur_ocean_img57.bmp,2.2659583,2.9765102408979045
fastfading_ocean_img9.bmp,2.776877,2.886277321776168
jp2k_lighthouse2_img211.bmp,3.5344112,4.101714746583028
wn_sailing4_img100.bmp,3.2668407,3.646101132712543
gblur_buildings_img45.bmp,3.3094823,4.063958619422433
wn_ocean_img42.bmp,3.4330912,2.067492888458247
jp2k_bikes_img129.bmp,3.6668463,3.902111123074442
jp2k_sailing1_img43.bmp,3.208506,2.4333004288944307
gblur_monarch_img11.bmp,2.0058525,1.963019936985987
gblur_bikes_img112.bmp,3.3207107,3.7809998035819623
jp2k_womanhat_img97.bmp,3.6766374,5.0
jpeg_womanhat_img138.bmp,2.9646564,2.552196814244898
fastfading_building2_img52.bmp,3.161009,1.969764361839972
jpeg_coinsinfountain_img184.bmp,2.6151083,2.588024434045336
jpeg_rapids_img199.bmp,2.8093686,2.5213259453104877
jpeg_caps_img207.bmp,3.5487933,3.00573347648003
jpeg_coinsinfountain_img101.bmp,3.4776392,3.9416160381506167
fastfading_sailing2_img115.bmp,3.5666814,3.670775846725057
jp2k_house_img80.bmp,3.3960238,3.740321243517617
jpeg_caps_img24.bmp,3.6330943,3.8676879574911647
gblur_bikes_img26.bmp,2.978976,3.33060310363452
gblur_studentsculpture_img155.bmp,3.461874,5.0
fastfading_womanhat_img85.bmp,2.556452,3.080119270392676
jpeg_sailing2_img67.bmp,3.471895,3.625299160544106
jpeg_coinsinfountain_img182.bmp,3.4742484,5.0
gblur_womanhat_img36.bmp,2.0394237,3.124590295530446
jpeg_stream_img212.bmp,3.4731834,5.0
wn_statue_img91.bmp,3.266226,2.992266245130632
wn_buildings_img103.bmp,3.4810386,3.9997807332944433
jp2k_stream_img17.bmp,3.4118369,2.500851843987584
jpeg_flowersonih35_img134.bmp,3.4950256,2.9584693437380545
fastfading_sailing4_img174.bmp,3.5636437,5.0
jp2k_carnivaldolls_img67.bmp,3.7787142,5.0
gblur_ocean_img147.bmp,3.5760663,5.0
fastfading_paintedhouse_img23.bmp,3.1843746,3.259088991850428
fastfading_womanhat_img162.bmp,3.6766374,5.0
fastfading_stream_img30.bmp,3.4618192,4.173698110942718
jp2k_coinsinfountain_img28.bmp,2.6149874,2.3415221424236194
wn_sailing3_img5.bmp,3.2190247,4.1099268035632095
gblur_sailing2_img72.bmp,2.2650058,3.1710314295065025
fastfading_carnivaldolls_img102.bmp,3.4923527,3.4644891763631067
gblur_womanhat_img132.bmp,2.1188636,2.6228159158883724
gblur_sailing1_img74.bmp,2.5983663,3.4115536016111307
jpeg_buildings_img162.bmp,3.4317596,2.6691241364789646
jpeg_bikes_img203.bmp,3.7015278,3.78415951024054
gblur_caps_img28.bmp,3.5411184,4.014094363281098
jpeg_monarch_img94.bmp,3.254676,3.814888727529569
wn_dancers_img149.bmp,3.4799883,5.0
wn_coinsinfountain_img124.bmp,3.517516,3.1235861069824225
gblur_churchandcapitol_img172.bmp,3.4500432,5.0
fastfading_carnivaldolls_img166.bmp,3.7787142,5.0
fastfading_lighthouse2_img110.bmp,3.530184,4.125556688792108
jp2k_plane_img113.bmp,3.5947368,3.963904254220009
wn_ocean_img120.bmp,3.2195137,2.941016088949564
jp2k_caps_img122.bmp,3.392453,2.861756027115095
wn_churchandcapitol_img20.bmp,3.4109037,1.972898811604138
gblur_carnivaldolls_img52.bmp,2.1150892,2.469094851095129
wn_cemetry_img9.bmp,3.3209295,3.087911307560528
wn_carnivaldolls_img47.bmp,3.5007815,2.1417165647443364
jpeg_cemetry_img117.bmp,3.307003,3.858988604377191
fastfading_parrots_img45.bmp,3.803595,4.264609887499902
jpeg_dancers_img61.bmp,3.474912,3.9691797655814094
jp2k_sailing4_img221.bmp,3.4620225,2.7204624415781096
gblur_flowersonih35_img87.bmp,3.011414,3.5124776783989846
gblur_house_img138.bmp,2.0980465,2.3177452411546597
jpeg_house_img54.bmp,3.4480753,5.0
jp2k_woman_img152.bmp,3.2704346,2.763816034237195
jp2k_house_img212.bmp,3.4729068,4.149071122808912
jp2k_parrots_img50.bmp,3.8266265,5.0
wn_plane_img139.bmp,3.2765262,3.323128260455424
jpeg_rapids_img146.bmp,3.62594,3.830043405462094
jp2k_carnivaldolls_img79.bmp,3.018681,2.1160223055714225
wn_lighthouse_img164.bmp,3.6261673,5.0
fastfading_carnivaldolls_img104.bmp,3.7652972,4.120402302870742
fastfading_sailing3_img130.bmp,3.3200638,4.125636159824898
wn_studentsculpture_img155.bmp,3.461874,5.0
wn_carnivaldolls_img90.bmp,3.7081192,3.6201174212762433
wn_statue_img85.bmp,3.6290007,4.212545960570663
wn_paintedhouse_img94.bmp,3.4002042,2.088130279474182
fastfading_building2_img54.bmp,3.473316,4.083708494068136
jpeg_statue_img13.bmp,3.6577203,4.218502937098385
wn_bikes_img29.bmp,3.568972,2.8214870559695777
fastfading_bikes_img152.bmp,3.6886575,5.0
jp2k_manfishing_img143.bmp,3.190182,3.196126212041909
gblur_rapids_img161.bmp,3.6143222,5.0
wn_paintedhouse_img111.bmp,3.28153,3.539110106056177
jp2k_lighthouse_img202.bmp,3.314253,2.4454098251619176
fastfading_woman_img63.bmp,3.6749501,3.870689974333312
fastfading_churchandcapitol_img132.bmp,2.242136,1.9999343329936996
gblur_statue_img131.bmp,2.1658869,2.9115685221093246
jpeg_flowersonih35_img79.bmp,3.1609821,1.7645453111722509
fastfading_buildings_img66.bmp,2.5407336,2.97526208412663
wn_studentsculpture_img16.bmp,3.432509,3.593816323526526
wn_sailing3_img123.bmp,3.3000731,3.0786533213045777
jpeg_dancers_img119.bmp,3.3590407,3.634380378682087
wn_lighthouse2_img32.bmp,3.2932978,3.1486282293427514
jpeg_building2_img192.bmp,3.3395972,2.5763111260780813
jp2k_woman_img104.bmp,3.4407163,3.010987477546906
jp2k_bikes_img73.bmp,3.6886575,5.0
jp2k_sailing3_img154.bmp,2.7557678,2.622321371355484
gblur_sailing1_img165.bmp,3.5587378,5.0
wn_coinsinfountain_img31.bmp,3.4534762,3.900337061405023
jp2k_house_img27.bmp,3.3547008,2.966417183180494
jp2k_coinsinfountain_img168.bmp,3.2844307,2.991107856169473
jp2k_sailing1_img213.bmp,3.0672646,2.439637120307109
jpeg_sailing3_img223.bmp,2.8702044,2.453041798280834
jpeg_coinsinfountain_img129.bmp,3.0976832,2.886118294026552
wn_dancers_img15.bmp,3.4580293,2.382856934921776
jp2k_coinsinfountain_img54.bmp,3.4742484,5.0
jp2k_womanhat_img42.bmp,3.5169203,2.805598846668128
gblur_coinsinfountain_img32.bmp,3.4261813,4.103445182501475
jp2k_dancers_img184.bmp,3.4799883,5.0
wn_stream_img106.bmp,3.462063,2.751701883887867
wn_lighthouse_img114.bmp,3.4740891,3.7118801126879566
wn_house_img83.bmp,3.4247575,2.892683943124013
jp2k_manfishing_img63.bmp,3.3126638,3.4810579831683865
wn_woman_img115.bmp,3.5980299,3.2021892078022915
gblur_caps_img115.bmp,2.7631865,2.8340105692954003
jpeg_lighthouse2_img69.bmp,3.5243578,2.884373588116951
jp2k_parrots_img85.bmp,3.82063,3.79999460081501
fastfading_sailing4_img141.bmp,2.3099334,2.6885496680546748
jp2k_manfishing_img26.bmp,3.3071213,3.986359618593053
gblur_lighthouse_img102.bmp,3.10403,3.68007370155514
fastfading_sailing2_img111.bmp,2.3083777,3.085260863064308
fastfading_statue_img148.bmp,3.6566043,5.0
fastfading_house_img160.bmp,3.4480753,5.0
fastfading_flowersonih35_img36.bmp,3.129391,3.077624821745478
jpeg_lighthouse_img57.bmp,3.6420627,4.283903021651788
jp2k_woman_img134.bmp,3.6893356,5.0
wn_rapids_img77.bmp,3.395393,2.3738454648345617
gblur_rapids_img9.bmp,3.5374777,3.992827922678054
fastfading_womanhat_img81.bmp,3.4802842,3.2130721595985148
jp2k_coinsinfountain_img182.bmp,3.4505928,3.3015848131778585
wn_buildings_img159.bmp,3.5236998,5.0
wn_dancers_img51.bmp,3.5581937,2.8387319021130257
wn_caps_img144.bmp,3.205394,3.078427067532786
gblur_cemetry_img13.bmp,2.9503074,3.7651785786063936
jpeg_ocean_img30.bmp,3.5588074,4.047228551194356
jpeg_womanhat_img1.bmp,3.548212,2.773019467592525
gblur_woman_img64.bmp,3.1276946,3.4861129885322555
jpeg_lighthouse2_img95.bmp,3.5322902,5.0
jp2k_sailing2_img59.bmp,3.4962187,4.029434555643078
jpeg_dancers_img39.bmp,3.2290301,2.83801287367205
fastfading_sailing3_img128.bmp,3.2959282,3.855211653415453
jpeg_bikes_img226.bmp,3.7011597,3.982287003179617
jpeg_parrots_img196.bmp,3.335289,2.600075342243491
gblur_plane_img139.bmp,2.1811392,2.6069944882307503
fastfading_ocean_img8.bmp,2.2065418,2.420794899131254
jp2k_statue_img227.bmp,2.5911925,2.5695336856957103
jpeg_woman_img150.bmp,3.6037629,3.79720739219456
gblur_manfishing_img16.bmp,2.1165268,2.64698314429153
wn_statue_img25.bmp,3.2200584,3.3883707185369465
jp2k_churchandcapitol_img198.bmp,3.451485,4.04245788510196
jpeg_rapids_img139.bmp,3.6143222,5.0
fastfading_monarch_img139.bmp,3.324808,4.179457525468753
gblur_paintedhouse_img39.bmp,2.7563236,3.600804257162792
jp2k_house_img131.bmp,3.4480753,5.0
jp2k_sailing2_img141.bmp,3.576036,4.128508063294075
jpeg_rapids_img35.bmp,3.50994,2.161661824107562
jp2k_sailing1_img66.bmp,3.5587378,5.0
jpeg_dancers_img68.bmp,3.4799883,5.0
wn_monarch_img1.bmp,3.0487077,3.862037975459829
jp2k_studentsculpture_img60.bmp,2.8887384,2.55286401343168
fastfading_womanhat_img84.bmp,3.6496367,3.900140589101288
jp2k_monarch_img208.bmp,3.21139,3.111589664938383
jp2k_womanhat_img99.bmp,3.5443776,2.9198321458012297
jpeg_bikes_img179.bmp,3.6886575,5.0
gblur_lighthouse_img15.bmp,2.6856985,3.324923368463764
jpeg_building2_img224.bmp,3.5123239,5.0
gblur_flowersonih35_img65.bmp,2.7751603,3.388749820322414
gblur_paintedhouse_img23.bmp,3.1570895,4.12683632930432
wn_building2_img156.bmp,3.5123239,5.0
jp2k_paintedhouse_img82.bmp,3.5045583,3.9961467337595646
gblur_ocean_img92.bmp,3.5160055,4.024697733863056
jp2k_churchandcapitol_img176.bmp,3.4259398,3.610105439978241
fastfading_buildings_img69.bmp,2.1954105,2.267632356417428
jpeg_parrots_img103.bmp,3.8278968,3.184098044595127
wn_plane_img78.bmp,3.5782232,4.173652636174301
jp2k_plane_img203.bmp,3.5386527,3.287024357461595
jpeg_lighthouse2_img181.bmp,3.2526546,2.857547283841652
fastfading_stream_img28.bmp,3.531044,3.9775431060256254
wn_parrots_img154.bmp,3.8266265,5.0
jpeg_sailing3_img222.bmp,3.3195066,5.0
wn_sailing3_img84.bmp,3.1467826,3.812000565849736
gblur_cemetry_img169.bmp,3.3246522,5.0
gblur_buildings_img7.bmp,3.0220282,3.832536352077824
fastfading_stream_img29.bmp,3.5031128,3.969513920503571
jpeg_plane_img191.bmp,3.582476,5.0
fastfading_sailing1_img165.bmp,3.5587378,5.0
jpeg_cemetry_img213.bmp,2.873868,2.7100111209082427
fastfading_studentsculpture_img46.bmp,2.2321951,2.394220939527644
jpeg_woman_img10.bmp,3.6893356,5.0
gblur_statue_img120.bmp,2.1069808,2.3571773988360274
fastfading_carnivaldolls_img105.bmp,3.7615151,4.04318202364266
gblur_studentsculpture_img38.bmp,2.3233972,3.12422365352954
gblur_carnivaldolls_img95.bmp,3.6487193,4.211474150949581
fastfading_lighthouse_img91.bmp,2.4295156,3.0548079917045743
fastfading_woman_img62.bmp,2.1475852,2.638530930728459
jpeg_caps_img136.bmp,3.6657014,5.0
jpeg_plane_img40.bmp,3.5817058,3.866868842090933
jp2k_stream_img8.bmp,3.4451313,3.2241142039346755
wn_lighthouse_img66.bmp,3.4345777,2.256489034943339
wn_cemetry_img63.bmp,3.2708585,3.5875792376296776
jpeg_sailing3_img19.bmp,3.3195066,5.0
jpeg_flowersonih35_img27.bmp,3.492951,3.279351298621744
fastfading_monarch_img138.bmp,3.1978655,3.712290543226658
jp2k_lighthouse_img72.bmp,3.6261673,5.0
wn_womanhat_img11.bmp,3.637567,3.999491316327515
jp2k_caps_img68.bmp,3.628367,3.620108657300517
gblur_buildings_img134.bmp,2.3469102,3.1324292776281104
fastfading_stream_img26.bmp,2.449004,2.794000892813701
jp2k_building2_img24.bmp,3.5123239,5.0
wn_womanhat_img28.bmp,3.346892,3.193427349722195
gblur_stream_img18.bmp,3.1882083,3.7024806700802384
fastfading_woman_img61.bmp,2.1281493,2.5924955214805023
jpeg_ocean_img194.bmp,3.5879047,3.67352563903968
jp2k_dancers_img6.bmp,3.2636545,2.3939958986775465
jpeg_manfishing_img92.bmp,3.1305563,2.891047656694448
fastfading_caps_img89.bmp,3.6606941,3.621890903161109
jp2k_paintedhouse_img14.bmp,3.2998095,3.046270101819718
jp2k_cemetry_img9.bmp,3.3246522,5.0
jpeg_plane_img201.bmp,2.995118,2.654716724890983
jpeg_buildings_img84.bmp,3.4818137,2.9593856922118755
jp2k_house_img47.bmp,3.3385525,2.978056914937776
jp2k_dancers_img170.bmp,3.341212,3.0678127611912123
wn_womanhat_img162.bmp,3.6766374,5.0
jpeg_stream_img217.bmp,3.4494014,2.423395615255306
gblur_statue_img98.bmp,3.327179,3.885665526397264
gblur_dancers_img21.bmp,2.7170467,3.464390316718151
jp2k_buildings_img156.bmp,3.3983333,2.552713703183807
jp2k_rapids_img81.bmp,3.573631,3.066353303268006
wn_sailing4_img127.bmp,3.532978,4.178525356402113
jp2k_parrots_img197.bmp,3.5834427,3.164319601435565
wn_rapids_img74.bmp,3.403056,3.278960870896328
jp2k_house_img187.bmp,3.408462,3.554187597895525
gblur_sailing3_img114.bmp,2.5189395,3.0241392107685385
jp2k_ocean_img69.bmp,3.5670552,4.14674264410442
jpeg_sailing4_img37.bmp,3.6227129,2.448879674479255
jp2k_dancers_img205.bmp,3.4534898,3.9763992776208776
jp2k_flowersonih35_img111.bmp,3.5628264,3.872446297275826
jpeg_parrots_img233.bmp,3.335289,2.6709278783971824
jp2k_caps_img83.bmp,3.6149423,3.136627102089784
fastfading_manfishing_img122.bmp,3.176908,2.769806501897565
gblur_lighthouse2_img133.bmp,3.2302375,3.9489649041746873
jp2k_sailing3_img109.bmp,3.3224978,3.319226343384304
jpeg_bikes_img77.bmp,3.5517707,2.759187352368849
gblur_sailing1_img46.bmp,3.2717607,4.075072276122063
jpeg_statue_img218.bmp,2.9043324,2.583724449330773
gblur_rapids_img17.bmp,2.032906,1.7967259030364215
jpeg_churchandcapitol_img118.bmp,3.4500432,5.0
fastfading_parrots_img42.bmp,2.375863,2.9961799711613217
wn_paintedhouse_img26.bmp,3.2999456,3.120959688902728
wn_paintedhouse_img150.bmp,3.4909265,5.0
fastfading_house_img74.bmp,3.4675047,4.084698384560042
gblur_manfishing_img170.bmp,3.3186858,5.0
jp2k_building2_img41.bmp,3.3532724,3.098685147663021
gblur_plane_img30.bmp,2.3024526,3.078456591425986
fastfading_womanhat_img83.bmp,3.7398899,3.777934776930776
fastfading_sailing4_img144.bmp,3.4637039,3.042257134198059
jp2k_lighthouse_img180.bmp,3.6261673,5.0
jp2k_plane_img139.bmp,3.582476,5.0
wn_ocean_img147.bmp,3.5760663,5.0
jp2k_woman_img10.bmp,3.464863,3.102799449544784
jp2k_statue_img116.bmp,3.5034907,3.010854873657788
fastfading_house_img75.bmp,3.4618742,4.087928872836895
jp2k_monarch_img105.bmp,3.3163528,4.108537334992662
jp2k_bikes_img133.bmp,3.6025321,3.3135384609560177
fastfading_dancers_img20.bmp,3.5097194,3.831568914817987
jp2k_statue_img95.bmp,3.6566043,5.0
jpeg_dancers_img41.bmp,3.1688194,2.576870942171388
gblur_parrots_img69.bmp,2.0540466,2.087546842191573
jpeg_manfishing_img148.bmp,3.1652448,2.5760373136451737
fastfading_coinsinfountain_img3.bmp,2.2160056,2.7220258574525125
jp2k_plane_img57.bmp,3.582476,5.0
fastfading_parrots_img154.bmp,3.8266265,5.0
gblur_paintedhouse_img116.bmp,2.1042593,1.8569333898893352
fastfading_cemetry_img117.bmp,2.2100735,2.5370240577728764
jpeg_sailing2_img219.bmp,3.4976892,5.0
jp2k_sailing2_img206.bmp,3.4976892,5.0
wn_cemetry_img23.bmp,3.3981154,2.021933053503838
jpeg_sailing1_img122.bmp,3.5587378,5.0
gblur_dancers_img41.bmp,2.29338,2.6139501255958044
gblur_caps_img163.bmp,3.6657014,5.0
gblur_sailing4_img174.bmp,3.5636437,5.0
fastfading_lighthouse2_img106.bmp,2.1026084,2.8469505018915253
jp2k_monarch_img61.bmp,3.2684355,3.716176520561724
jp2k_building2_img119.bmp,3.5123239,5.0
gblur_woman_img68.bmp,2.3207867,2.598961120396768
fastfading_building2_img55.bmp,3.5172982,3.970270032845579
gblur_monarch_img173.bmp,3.3136585,5.0
jp2k_manfishing_img36.bmp,3.3186858,5.0
gblur_paintedhouse_img150.bmp,3.4909265,5.0
jp2k_woman_img76.bmp,3.6893356,5.0
jp2k_monarch_img56.bmp,3.3164492,3.1667789784606954
gblur_house_img94.bmp,3.2531943,3.975155154681903
fastfading_plane_img58.bmp,2.039201,2.125154988486606
jpeg_caps_img105.bmp,3.608732,3.285020674199319
wn_stream_img2.bmp,3.435752,3.0455092879874965
wn_bikes_img97.bmp,3.4777381,3.025698789544548
gblur_rapids_img34.bmp,3.1117017,3.211217568028366
jpeg_sailing4_img214.bmp,3.5503533,4.049430882743751
jpeg_flowersonih35_img74.bmp,3.5664852,4.061078120640835
jpeg_sailing1_img88.bmp,3.5587378,5.0
jp2k_manfishing_img121.bmp,2.7019756,2.069905351140314
jpeg_buildings_img90.bmp,3.4818137,3.0719472351803843
gblur_lighthouse2_img167.bmp,3.5322902,5.0
jpeg_sailing4_img197.bmp,3.3574085,2.553447436286186
wn_monarch_img173.bmp,3.3136585,5.0
gblur_stream_img126.bmp,3.1226108,3.5646496563088963
wn_flowersonih35_img153.bmp,3.5552087,5.0
jpeg_parrots_img142.bmp,3.8266265,5.0
wn_churchandcapitol_img13.bmp,3.4619,4.024969919051414
fastfading_building2_img51.bmp,2.253615,2.3818464593181274
gblur_woman_img140.bmp,3.0624158,3.4530091478896843
fastfading_statue_img14.bmp,3.552184,3.885886657228166
wn_sailing2_img128.bmp,2.93616,3.0874300702613686
gblur_studentsculpture_img100.bmp,2.2644312,2.897572348054298
wn_sailing2_img113.bmp,3.477291,2.291484220904777
jpeg_house_img120.bmp,3.428289,4.071873966053815
wn_studentsculpture_img57.bmp,3.4814582,2.2950950063890643
jpeg_parrots_img149.bmp,3.5921276,3.1255757568672395
jp2k_coinsinfountain_img224.bmp,3.4742484,5.0
jp2k_paintedhouse_img40.bmp,3.3663313,2.205177673681736
fastfading_dancers_img18.bmp,2.2742326,2.4698198246778222
gblur_ocean_img119.bmp,2.4708657,3.430474846069993
jpeg_bikes_img81.bmp,3.6893497,3.0377538037956078
fastfading_statue_img15.bmp,3.6734288,4.090086266833553
jpeg_carnivaldolls_img5.bmp,3.7787142,5.0
jpeg_manfishing_img135.bmp,3.27801,4.145254505343443
jp2k_sailing4_img39.bmp,3.612007,3.5688405940040098
wn_monarch_img140.bmp,3.0427916,3.036529905813559
jpeg_sailing2_img177.bmp,2.9395702,2.6315568490858543
gblur_stream_img50.bmp,2.9232984,3.2156552983138704
jp2k_sailing2_img62.bmp,3.519016,4.130504303801312
jpeg_coinsinfountain_img230.bmp,2.6151083,2.6199790904153435
wn_sailing3_img89.bmp,3.0465798,3.209865752614933
gblur_building2_img137.bmp,3.4681373,4.202218139321896
wn_manfishing_img170.bmp,3.3186858,5.0
jp2k_sailing3_img100.bmp,3.3195066,5.0
jp2k_dancers_img165.bmp,3.4288468,3.527852350098369
jp2k_lighthouse2_img103.bmp,3.5404027,4.025915409669178
jp2k_churchandcapitol_img5.bmp,3.1668355,2.243546387860884
wn_sailing1_img52.bmp,3.4233952,2.298567041990447
gblur_house_img122.bmp,2.6439717,3.511002068960047
gblur_manfishing_img67.bmp,2.9789422,4.019452988851784
wn_sailing4_img126.bmp,3.1785893,3.0706671863348007
fastfading_statue_img13.bmp,3.6571808,4.095659020188823
jpeg_bikes_img42.bmp,3.6886575,5.0
fastfading_caps_img163.bmp,3.6657014,5.0
jpeg_lighthouse2_img232.bmp,3.0478911,2.577898194151925
jp2k_sailing3_img38.bmp,3.2612653,2.483985646023844
gblur_sailing1_img35.bmp,3.0286005,3.783917915422357
fastfading_plane_img157.bmp,3.582476,5.0
jp2k_rapids_img32.bmp,3.3374865,2.192322742368753
jpeg_buildings_img66.bmp,3.5236998,5.0
gblur_parrots_img154.bmp,3.8266265,5.0
jp2k_rapids_img3.bmp,3.6598618,3.639570548791145
gblur_womanhat_img42.bmp,2.8908124,3.524107549057824
jp2k_lighthouse2_img114.bmp,3.5256853,3.955917443435334
gblur_house_img113.bmp,2.3765042,3.2689947295306165
jpeg_parrots_img109.bmp,3.8266265,5.0
jp2k_churchandcapitol_img128.bmp,3.4500432,5.0
fastfading_building2_img53.bmp,3.5482683,3.2063205324502526
wn_manfishing_img37.bmp,3.2540429,3.874077944685756
wn_womanhat_img3.bmp,3.5957315,3.505693410163297
jpeg_churchandcapitol_img4.bmp,3.3621883,1.8147199440507853
jp2k_lighthouse_img51.bmp,3.6494093,3.745601352827567
jp2k_flowersonih35_img209.bmp,3.5552087,5.0
jp2k_studentsculpture_img87.bmp,3.461874,5.0
jpeg_caps_img159.bmp,3.379708,2.605726241266062
jpeg_cemetry_img55.bmp,3.1847296,3.3125258366884607
jpeg_paintedhouse_img152.bmp,3.4728627,3.289585588147238
jp2k_paintedhouse_img215.bmp,2.87627,2.5110707307034743
gblur_dancers_img51.bmp,3.1624663,4.054928891014511
wn_parrots_img69.bmp,3.4882834,3.118456180918346
jpeg_studentsculpture_img158.bmp,3.461874,5.0
gblur_studentsculpture_img44.bmp,2.978432,3.898693538559289
jp2k_carnivaldolls_img108.bmp,3.5751534,3.1010922315696505
fastfading_paintedhouse_img21.bmp,2.266509,2.5315138945205398
jpeg_plane_img25.bmp,3.5578227,3.252514836632657
wn_sailing3_img58.bmp,3.393773,2.0961098547186414
jp2k_lighthouse_img149.bmp,3.6181834,3.477214365394813
gblur_sailing2_img48.bmp,2.1621351,2.860806957553784
jpeg_stream_img185.bmp,3.4833672,3.810449083847226
jp2k_buildings_img222.bmp,3.576779,3.519147921830286
fastfading_house_img72.bmp,3.4894965,3.817966023807485
wn_dancers_img30.bmp,3.418679,3.76821710430796
wn_parrots_img75.bmp,3.795316,4.175080269751028
jp2k_flowersonih35_img89.bmp,3.5552087,5.0
fastfading_sailing1_img99.bmp,2.84024,2.9467133500979745
gblur_woman_img158.bmp,3.6893356,5.0
fastfading_monarch_img137.bmp,2.5710871,3.215071651916332
jpeg_monarch_img211.bmp,3.3136585,5.0
gblur_manfishing_img78.bmp,2.1050227,2.503584554392367
jpeg_studentsculpture_img200.bmp,3.2384884,3.132313686366048
fastfading_manfishing_img124.bmp,3.2880418,3.9954574045987954
gblur_building2_img8.bmp,3.348256,3.8452368727020767
fastfading_womanhat_img82.bmp,3.6520772,3.3820002535927296
jpeg_flowersonih35_img115.bmp,3.5552087,5.0
jp2k_cemetry_img178.bmp,3.2429109,2.8953230714266303
jpeg_cemetry_img128.bmp,3.3310764,3.3400011411286643
jpeg_lighthouse2_img133.bmp,3.5322902,5.0
jp2k_house_img20.bmp,3.4480753,5.0
jpeg_statue_img221.bmp,2.9043324,2.565297593675928
fastfading_building2_img156.bmp,3.5123239,5.0
wn_caps_img163.bmp,3.6657014,5.0
jpeg_ocean_img28.bmp,3.5760663,5.0
wn_cemetry_img169.bmp,3.3246522,5.0
gblur_statue_img77.bmp,2.5988252,3.417196594764829
fastfading_paintedhouse_img22.bmp,3.5396965,2.898411857584927
fastfading_caps_img86.bmp,2.2083433,2.239704465890388
wn_stream_img88.bmp,3.4922884,3.630788205394772
fastfading_paintedhouse_img24.bmp,2.44301,3.084606824930268
wn_carnivaldolls_img135.bmp,3.2312276,2.981165123798287
fastfading_lighthouse2_img108.bmp,2.6818004,3.0594838020612505
jpeg_paintedhouse_img91.bmp,3.293803,2.0564350794441704
jp2k_parrots_img101.bmp,3.8277986,4.028943647608936
wn_sailing1_img141.bmp,3.2898223,3.04578299329593
gblur_stream_img58.bmp,2.2207122,2.323831630335258
jp2k_house_img144.bmp,3.36401,2.700901774363446
fastfading_sailing3_img129.bmp,3.3162122,4.1344657257448425
jpeg_bikes_img183.bmp,3.3250175,2.7271640238759423
gblur_caps_img70.bmp,2.0614223,2.233800688261476
jpeg_sailing3_img108.bmp,3.264672,2.7519778493135765
jpeg_paintedhouse_img23.bmp,3.293803,2.029915195249761
wn_bikes_img95.bmp,3.704793,3.9882420934231897
jpeg_churchandcapitol_img132.bmp,3.4733925,4.094190611303361
wn_manfishing_img143.bmp,3.0905864,3.110402319163705
jpeg_cemetry_img46.bmp,3.1431768,2.221918295442817
gblur_ocean_img117.bmp,2.2398343,1.9195254356849565
jp2k_sailing2_img185.bmp,3.5108902,3.9119218231194446
gblur_house_img160.bmp,3.4480753,5.0
fastfading_lighthouse_img94.bmp,3.5226703,3.265693580540088
fastfading_sailing2_img114.bmp,3.4128487,3.563233740167897
jpeg_carnivaldolls_img104.bmp,3.2487545,2.3716928298702893
jp2k_ocean_img16.bmp,3.5760663,5.0
gblur_sailing3_img171.bmp,3.3195066,5.0
jp2k_plane_img173.bmp,3.5790932,3.797363742661515
fastfading_dancers_img17.bmp,2.8939066,3.086001841415713
jp2k_studentsculpture_img2.bmp,3.4544911,3.879846185724058
wn_paintedhouse_img142.bmp,3.4436758,3.992723747901043
gblur_monarch_img103.bmp,2.28075,3.383957410741347
jp2k_studentsculpture_img218.bmp,3.0120609,2.636660345806305
jp2k_rapids_img135.bmp,2.6624928,2.227204464908776
jp2k_building2_img163.bmp,3.33553,3.077090176123815
wn_flowersonih35_img133.bmp,3.5502622,4.20744892974783
wn_lighthouse_img96.bmp,3.3029904,2.945991099886748
jpeg_paintedhouse_img20.bmp,3.4909265,5.0
gblur_sailing2_img168.bmp,3.4976892,5.0
jp2k_buildings_img29.bmp,3.454005,2.5434513133570515
wn_woman_img7.bmp,3.5772731,2.9819133935053754
jp2k_sailing4_img166.bmp,3.5636437,5.0
jp2k_stream_img71.bmp,3.4206593,2.0873186375273427
jp2k_dancers_img4.bmp,3.3584588,2.3947436117252114
jp2k_woman_img23.bmp,3.551502,3.323106100238153
jp2k_sailing1_img214.bmp,3.550596,4.089344187522385
gblur_bikes_img129.bmp,3.2668905,3.802080648381067
wn_sailing2_img117.bmp,3.2656755,3.87107427104052
fastfading_manfishing_img121.bmp,2.5977764,2.95192741858046
jpeg_stream_img16.bmp,3.505201,2.8976982188488334
jpeg_sailing1_img106.bmp,3.547181,4.1353232322794415
wn_lighthouse2_img125.bmp,3.5006278,4.159078293957762
gblur_flowersonih35_img153.bmp,3.5552087,5.0
jp2k_flowersonih35_img201.bmp,2.110653,2.078942660987116
gblur_coinsinfountain_img19.bmp,2.1696153,2.9918118731275896
gblur_building2_img80.bmp,2.5836132,3.361167972330989
jpeg_womanhat_img168.bmp,3.6932611,4.118027914143449
fastfading_lighthouse2_img167.bmp,3.5322902,5.0
wn_statue_img145.bmp,3.4503603,2.281823332140041
fastfading_sailing1_img97.bmp,2.714713,2.695337261098587
jpeg_womanhat_img26.bmp,3.6766374,5.0
jpeg_sailing4_img166.bmp,3.3574085,2.5459886649991743
jpeg_building2_img205.bmp,3.3585064,2.65969127468934
gblur_studentsculpture_img108.bmp,3.1814466,4.087866684308239
fastfading_bikes_img31.bmp,2.1157537,2.0389847282543667
jp2k_stream_img175.bmp,3.441072,2.214823974063455
jpeg_carnivaldolls_img153.bmp,3.7787142,5.0
jpeg_paintedhouse_img215.bmp,3.0061119,2.3934128517041056
wn_buildings_img130.bmp,3.4016054,2.913552160701227
jpeg_sailing4_img15.bmp,3.608764,3.086299704113193
jp2k_buildings_img199.bmp,3.5152066,4.156817926581647
gblur_lighthouse2_img55.bmp,2.1436505,3.091536785584926
jp2k_statue_img169.bmp,3.1342418,2.7605908906017023
gblur_sailing2_img10.bmp,2.2047641,1.7443697592607004
jp2k_womanhat_img226.bmp,2.7849689,2.9359712325958105
fastfading_stream_img27.bmp,3.4640436,4.09112187641349
jp2k_ocean_img120.bmp,3.5693343,3.2999612713518776
jpeg_dancers_img186.bmp,3.2809412,2.648482219617616
wn_house_img70.bmp,3.3158088,3.579683012031864
jpeg_plane_img165.bmp,3.380965,3.22077681027259
fastfading_buildings_img159.bmp,3.5236998,5.0
fastfading_sailing3_img126.bmp,2.192268,2.6602348359132493
fastfading_caps_img88.bmp,2.96377,2.971642608643451
wn_manfishing_img59.bmp,3.3020692,4.273138367261346
jp2k_sailing4_img90.bmp,3.5681534,3.988166912956342
wn_house_img54.bmp,3.4065213,4.060407437576746
gblur_sailing3_img79.bmp,2.9761758,3.50253688895962
gblur_womanhat_img162.bmp,3.6766374,5.0
jpeg_statue_img130.bmp,3.6463428,4.102555441334976
wn_building2_img118.bmp,3.2804027,3.65993224007207
wn_sailing2_img168.bmp,3.4976892,5.0
wn_flowersonih35_img53.bmp,3.3600276,2.348039811596465
gblur_coinsinfountain_img22.bmp,2.2533941,3.1864445310709284
fastfading_coinsinfountain_img146.bmp,3.4742484,5.0
gblur_paintedhouse_img110.bmp,2.623923,3.31716292756598
wn_lighthouse2_img167.bmp,3.5322902,5.0
jp2k_churchandcapitol_img7.bmp,3.3154132,2.8241093582820813
gblur_sailing4_img127.bmp,2.2436616,2.994111042403645
jpeg_statue_img11.bmp,3.3535674,2.742105983037004
jp2k_womanhat_img186.bmp,3.6766374,5.0
wn_bikes_img87.bmp,3.394176,2.12505734181907
fastfading_carnivaldolls_img103.bmp,2.213257,2.778647907365693
gblur_coinsinfountain_img146.bmp,3.4742484,5.0
fastfading_parrots_img41.bmp,2.8743918,3.237439525056923
jp2k_woman_img155.bmp,2.6859288,2.3121326663398496
wn_statue_img148.bmp,3.6566043,5.0
fastfading_dancers_img16.bmp,2.4706874,2.823452526646616
gblur_buildings_img62.bmp,2.9281485,3.6665954749964818
jpeg_sailing3_img38.bmp,3.3135884,3.7223967697051465
fastfading_flowersonih35_img38.bmp,3.5559742,3.6331510545445087
jp2k_sailing3_img183.bmp,3.3275607,4.108807258674881
jpeg_carnivaldolls_img14.bmp,3.7578833,4.102888099282501
wn_bikes_img68.bmp,3.6519268,3.480169458528237
jp2k_statue_img102.bmp,3.6585386,4.124695133781257
jpeg_carnivaldolls_img176.bmp,3.006185,2.63208510385292
wn_parrots_img22.bmp,3.5723557,3.859767697619515
jp2k_statue_img162.bmp,3.6391578,3.978083676211967
jpeg_sailing1_img175.bmp,3.3456903,3.000514355883987
jpeg_womanhat_img107.bmp,3.5996804,3.512507251948388
fastfading_statue_img11.bmp,2.1925468,2.6736494107669118
wn_lighthouse_img43.bmp,3.5782242,4.062990927899842
jp2k_cemetry_img98.bmp,3.406717,3.130592324960256
fastfading_plane_img59.bmp,3.5568376,4.122554272755916
gblur_flowersonih35_img85.bmp,2.4548604,2.885674625333476
jpeg_coinsinfountain_img73.bmp,3.4956188,3.217263405316907
fastfading_paintedhouse_img25.bmp,3.4445276,4.026658009859406
gblur_lighthouse_img24.bmp,2.487947,1.6204411385513549
fastfading_sailing4_img142.bmp,3.491188,3.1211002392818807
jpeg_carnivaldolls_img80.bmp,3.2487545,2.3630763617065087
jpeg_cemetry_img78.bmp,3.1431768,2.2325955924400698
jpeg_buildings_img227.bmp,3.5236998,5.0
gblur_dancers_img93.bmp,2.5822976,3.2466649523805016
wn_sailing4_img86.bmp,3.1948128,3.2152758843405493
gblur_manfishing_img47.bmp,2.0627668,3.158498879075225
jpeg_churchandcapitol_img195.bmp,3.2109594,2.500014232549387
jpeg_sailing2_img99.bmp,3.354617,3.062325027379041
fastfading_manfishing_img123.bmp,2.783453,3.3882018834896224
gblur_sailing3_img111.bmp,3.1650083,3.933225200739092
gblur_churchandcapitol_img142.bmp,2.976045,3.761858772668851
jp2k_churchandcapitol_img110.bmp,3.4500432,5.0
jp2k_flowersonih35_img86.bmp,3.32354,2.1896069927869557
fastfading_paintedhouse_img150.bmp,3.4909265,5.0
jpeg_building2_img225.bmp,3.561735,3.700424565559581
gblur_sailing4_img136.bmp,3.3180273,3.772074562051217
wn_buildings_img61.bmp,3.4188094,2.732744299923952
gblur_plane_img86.bmp,2.8833725,3.533947041870781
jp2k_caps_img49.bmp,3.6619678,3.933067900595741
gblur_coinsinfountain_img123.bmp,2.1428049,2.7139022807570767
jp2k_parrots_img96.bmp,3.7399845,3.4202243313501213
gblur_ocean_img106.bmp,3.2731228,3.870925910495164
jpeg_lighthouse_img231.bmp,3.6438553,4.0842273420727935
wn_ocean_img99.bmp,3.5343108,4.244849918362896
jpeg_flowersonih35_img229.bmp,3.4115522,2.943952458859976
wn_house_img160.bmp,3.4480753,5.0
wn_coinsinfountain_img24.bmp,3.4026377,2.3785665766038084
jp2k_womanhat_img195.bmp,3.6873019,4.147795080819677
gblur_buildings_img159.bmp,3.5236998,5.0
jp2k_ocean_img31.bmp,3.6496413,3.668805108980477
jp2k_carnivaldolls_img161.bmp,3.7787142,5.0
wn_manfishing_img41.bmp,3.435398,2.237428119420392
gblur_stream_img71.bmp,3.4458187,4.099954989388063
gblur_caps_img88.bmp,2.148365,2.566672744953725
fastfading_plane_img57.bmp,3.2605925,2.588417092891692
gblur_churchandcapitol_img91.bmp,2.273161,3.142076716828634
jp2k_carnivaldolls_img18.bmp,3.7321572,3.49604494373244
wn_churchandcapitol_img172.bmp,3.4500432,5.0
wn_sailing4_img174.bmp,3.5636437,5.0
gblur_dancers_img149.bmp,3.4799883,5.0
jpeg_studentsculpture_img59.bmp,3.3291388,3.300040109844528
fastfading_woman_img64.bmp,3.6911144,4.106109972781434
fastfading_sailing1_img100.bmp,2.3109016,2.8458027558716443
jp2k_cemetry_img118.bmp,3.3246522,5.0
wn_coinsinfountain_img8.bmp,3.4490092,4.171543359955523
fastfading_churchandcapitol_img135.bmp,3.248521,3.4402490021866248
fastfading_caps_img87.bmp,2.2264268,2.597784560763184
jp2k_lighthouse2_img11.bmp,3.5322902,5.0
gblur_dancers_img128.bmp,2.3009262,2.824253124326977
jp2k_building2_img107.bmp,3.1614072,2.096636397364372
wn_statue_img55.bmp,3.3761137,3.688364487540132
jpeg_monarch_img170.bmp,3.016319,2.749311819935523
jpeg_flowersonih35_img125.bmp,3.5552087,5.0
fastfading_ocean_img147.bmp,3.5760663,5.0
jp2k_carnivaldolls_img124.bmp,3.3273034,3.0212939292006062
jp2k_coinsinfountain_img21.bmp,3.414481,3.69221204647006
fastfading_flowersonih35_img40.bmp,3.5698469,3.963002679544529
fastfading_cemetry_img116.bmp,2.1996927,2.006390409284314
fastfading_churchandcapitol_img172.bmp,3.4500432,5.0
gblur_lighthouse2_img53.bmp,2.1232367,2.771448405645195
wn_rapids_img116.bmp,3.4369457,2.9849783787537763
jp2k_paintedhouse_img117.bmp,3.4909265,5.0
wn_building2_img102.bmp,3.5030768,3.377486321763309
jpeg_house_img51.bmp,3.4369757,3.419539236301765
jp2k_carnivaldolls_img181.bmp,3.1431623,2.2008669678337727
jpeg_caps_img63.bmp,3.657425,3.391984987376408
jpeg_churchandcapitol_img22.bmp,3.4500432,5.0
jp2k_monarch_img160.bmp,2.5049403,2.8635878057567767
jp2k_coinsinfountain_img177.bmp,2.2373238,2.3487282188538403
jp2k_statue_img207.bmp,3.6566043,5.0
jpeg_building2_img60.bmp,3.516101,2.963416713327755
wn_carnivaldolls_img166.bmp,3.7787142,5.0
jpeg_sailing3_img145.bmp,2.8702044,2.4473607214002118
jp2k_plane_img58.bmp,3.5792792,4.150210398911339
gblur_sailing2_img43.bmp,2.5632968,3.3913270817754184
gblur_parrots_img31.bmp,2.2682304,3.032357595930291
wn_coinsinfountain_img146.bmp,3.4742484,5.0
gblur_parrots_img56.bmp,2.951979,3.536596751415788
jp2k_rapids_img146.bmp,3.5624099,2.922846154686431
gblur_statue_img148.bmp,3.6566043,5.0
fastfading_flowersonih35_img39.bmp,3.5301802,3.558999286140337
fastfading_lighthouse_img164.bmp,3.6261673,5.0
jpeg_buildings_img157.bmp,3.5329206,4.083371516966968
gblur_cemetry_img83.bmp,2.192211,2.5961093565373354
fastfading_sailing2_img113.bmp,2.3007734,3.0828307037961764
jpeg_sailing2_img124.bmp,3.0853567,2.596698753120846
wn_sailing2_img12.bmp,3.0839255,3.4704555211075743
fastfading_house_img73.bmp,3.223937,3.4914056129166937
jpeg_sailing3_img206.bmp,3.3185844,4.105569198801668
wn_plane_img157.bmp,3.582476,5.0
gblur_cemetry_img109.bmp,2.410956,3.3209074484009955
wn_dancers_img27.bmp,3.380455,3.4348220865557724
jp2k_building2_img30.bmp,3.3862321,2.2280593737598635
jp2k_studentsculpture_img142.bmp,3.1607533,3.2149767427726417
jp2k_dancers_img84.bmp,3.4799883,5.0
jp2k_caps_img25.bmp,3.6657014,5.0
jpeg_house_img151.bmp,3.4493089,4.159020465084203
wn_plane_img129.bmp,2.9606397,3.052167159698137
jp2k_monarch_img204.bmp,3.3136585,5.0
fastfading_dancers_img149.bmp,3.4799883,5.0
jp2k_parrots_img158.bmp,3.1696332,2.7689425952613247
gblur_lighthouse2_img118.bmp,2.1399355,2.411470324004307
jpeg_lighthouse_img131.bmp,3.4803305,2.6371172250587422
fastfading_statue_img12.bmp,2.9739816,3.2755615496538857
jpeg_bikes_img188.bmp,3.3706374,2.76239744334304
jpeg_cemetry_img123.bmp,3.3246522,5.0
fastfading_studentsculpture_img50.bmp,3.4667845,4.007329272633379
jp2k_ocean_img37.bmp,3.6522143,3.5989273324199558
jpeg_plane_img76.bmp,3.582476,5.0
gblur_plane_img63.bmp,3.4635646,4.16763057707678
jpeg_woman_img116.bmp,3.6865582,3.988121215530275
gblur_sailing4_img121.bmp,2.1811697,2.262601102886049
jpeg_churchandcapitol_img2.bmp,3.4157822,3.312557964658155
jp2k_sailing4_img70.bmp,3.5636437,5.0
gblur_lighthouse_img164.bmp,3.6261673,5.0
jpeg_stream_img137.bmp,3.5141163,4.146166951115184
wn_studentsculpture_img44.bmp,3.3712673,2.864630452306153
jp2k_churchandcapitol_img45.bmp,3.169109,2.248665652683444
fastfading_studentsculpture_img47.bmp,3.1529572,2.053010870629872
jpeg_lighthouse_img44.bmp,3.5795662,3.172851410436589
jpeg_manfishing_img93.bmp,3.019739,2.609246655591418
wn_building2_img136.bmp,3.272951,2.1002805465035066
wn_churchandcapitol_img93.bmp,3.3539453,2.8461435362465086
fastfading_churchandcapitol_img133.bmp,3.4412365,3.998426293822433
gblur_womanhat_img82.bmp,3.5718632,4.074334765137174
jpeg_dancers_img155.bmp,3.4799883,5.0
wn_cemetry_img65.bmp,3.3528905,2.907739270567172
gblur_lighthouse_img4.bmp,3.530956,4.133904483117756
jp2k_coinsinfountain_img77.bmp,3.476725,3.9606389390099928
wn_womanhat_img60.bmp,3.4368746,2.296826135860556
gblur_churchandcapitol_img104.bmp,2.1856782,1.708451197309019
fastfading_coinsinfountain_img2.bmp,2.221169,2.6688707869730752
jpeg_studentsculpture_img53.bmp,3.4652956,3.9387743456164666
jpeg_building2_img62.bmp,3.3426235,2.357476756441971
fastfading_sailing1_img96.bmp,3.1710851,2.1241105053274043
jp2k_lighthouse_img174.bmp,3.65232,4.078185655177939
jp2k_cemetry_img48.bmp,3.0929344,2.161551055812585
jpeg_stream_img7.bmp,3.4731834,5.0
gblur_plane_img5.bmp,2.2924187,2.3263759571072367
jp2k_buildings_img33.bmp,3.5477352,2.8461480087234987
fastfading_churchandcapitol_img131.bmp,2.0026855,1.9211677241977383
wn_woman_img98.bmp,3.6621213,4.219308548767144
jp2k_lighthouse_img91.bmp,3.5319798,2.961318396102804
gblur_plane_img157.bmp,3.582476,5.0
wn_studentsculpture_img112.bmp,3.5425441,3.0942445154274063
jpeg_monarch_img18.bmp,3.1421547,2.9262669279355418
jpeg_lighthouse_img3.bmp,3.6261673,5.0
wn_churchandcapitol_img62.bmp,3.25251,3.087385421197977
fastfading_ocean_img6.bmp,2.2300532,2.913162728683077
jpeg_manfishing_img114.bmp,3.3186858,5.0
wn_sailing1_img79.bmp,3.282434,3.26862139670269
jpeg_house_img147.bmp,3.1925533,2.4328546862412885
wn_monarch_img34.bmp,3.339891,2.3707883199526503
jpeg_studentsculpture_img180.bmp,3.0038025,2.607885041777171
wn_flowersonih35_img49.bmp,3.3035698,2.8078884052537987
gblur_sailing3_img144.bmp,2.2175405,2.346712250242984
jpeg_sailing1_img71.bmp,3.498232,3.757037146594522
gblur_cemetry_img135.bmp,2.4708247,3.1736168261260502
jp2k_parrots_img127.bmp,3.1260269,2.46916438078215
jp2k_paintedhouse_img35.bmp,3.4909265,5.0
fastfading_dancers_img19.bmp,2.9883044,3.3724386948096123
jp2k_statue_img92.bmp,3.611984,3.2959780954376905
jpeg_building2_img36.bmp,3.3426235,2.24736690808819
gblur_rapids_img141.bmp,2.8132386,2.874506622081624
fastfading_cemetry_img119.bmp,3.3698218,4.150179712432697
jpeg_sailing4_img6.bmp,3.5636437,5.0
jp2k_flowersonih35_img167.bmp,3.4587939,2.994875823906365
gblur_stream_img151.bmp,3.4731834,5.0
gblur_sailing1_img130.bmp,2.417567,3.117533739328472
jpeg_lighthouse_img161.bmp,3.4671028,2.6256227503205323
fastfading_carnivaldolls_img101.bmp,2.3196483,2.936043492569412
jpeg_studentsculpture_img45.bmp,3.2815232,3.269266994572157
jpeg_lighthouse2_img141.bmp,3.5561132,4.049883767234364
fastfading_sailing1_img98.bmp,3.5187776,3.8573938495248807
fastfading_parrots_img44.bmp,3.6031299,3.8629379265147774
fastfading_studentsculpture_img155.bmp,3.461874,5.0
fastfading_sailing2_img168.bmp,3.4976892,5.0
jpeg_rapids_img31.bmp,3.6143222,5.0
gblur_churchandcapitol_img66.bmp,2.1290402,2.797405490721685
wn_caps_img80.bmp,3.4410536,2.3047234047189686
fastfading_coinsinfountain_img1.bmp,2.1788876,2.5918415078417034
jpeg_paintedhouse_img228.bmp,3.4880712,4.019466897200971
jpeg_buildings_img163.bmp,3.535758,3.7836356600173806
fastfading_stream_img151.bmp,3.4731834,5.0
fastfading_buildings_img70.bmp,3.5149503,4.153340885557181
jp2k_sailing3_img147.bmp,3.3195066,5.0
wn_flowersonih35_img122.bmp,3.261572,2.9131866905866546
jpeg_monarch_img96.bmp,3.3056006,4.111249386006388
wn_rapids_img161.bmp,3.6143222,5.0
jp2k_sailing1_img19.bmp,3.5641756,4.20133510969071
jpeg_woman_img220.bmp,3.2765255,2.650286880936332
jp2k_buildings_img1.bmp,3.5236998,5.0
jp2k_bikes_img78.bmp,3.6551206,3.4612396468268725
gblur_building2_img33.bmp,2.867002,3.5370836798373504
jp2k_building2_img132.bmp,3.3988423,3.737617251563212
wn_sailing3_img171.bmp,3.3195066,5.0
gblur_womanhat_img61.bmp,3.4188247,3.889651217795608
jp2k_bikes_img15.bmp,3.6815562,3.954483456901011
jpeg_womanhat_img190.bmp,3.6766374,5.0
jp2k_rapids_img189.bmp,3.6143222,5.0
jpeg_buildings_img204.bmp,3.4331362,2.639474538837645
fastfading_monarch_img140.bmp,3.3900034,4.124919045050378
jp2k_caps_img153.bmp,3.6657014,5.0
gblur_studentsculpture_img20.bmp,2.3929474,3.394689661659138
jp2k_lighthouse2_img74.bmp,3.4704785,2.866395395545398
fastfading_manfishing_img170.bmp,3.3186858,5.0
fastfading_house_img71.bmp,2.3043103,2.0799688343824925
wn_sailing1_img56.bmp,3.5043485,3.713632165171388
gblur_sailing4_img89.bmp,3.1522691,3.7597717618709448
wn_lighthouse2_img6.bmp,3.3873456,3.8668117447280737
fastfading_buildings_img67.bmp,2.2010486,2.6458635327944884
wn_caps_img132.bmp,3.5909119,3.658329260709001
jpeg_caps_img126.bmp,3.379708,2.5972185119321347
gblur_lighthouse2_img75.bmp,2.2625532,3.357753269265271
gblur_woman_img99.bmp,2.5109901,2.7796705629293275
jpeg_house_img50.bmp,3.4185383,2.653511091373153
wn_parrots_img67.bmp,3.3504179,3.4427773777127406
jpeg_studentsculpture_img34.bmp,3.461874,5.0
jpeg_ocean_img169.bmp,3.5760663,5.0
jpeg_churchandcapitol_img21.bmp,3.315988,2.84725343317847
gblur_statue_img54.bmp,2.1120365,2.7921610750197474
wn_rapids_img107.bmp,3.5873096,3.76052643476637
jpeg_cemetry_img82.bmp,3.3246522,5.0
jpeg_rapids_img9.bmp,3.4801726,2.587543595888553
gblur_carnivaldolls_img166.bmp,3.7787142,5.0
jpeg_sailing4_img47.bmp,3.5611377,2.8926964442119143
fastfading_rapids_img80.bmp,3.6026244,4.184932281670822
fastfading_lighthouse_img92.bmp,2.2766433,2.459225562504459
jpeg_dancers_img187.bmp,3.2809412,2.6056378715618336
gblur_monarch_img96.bmp,2.8406847,4.070581704819579
wn_buildings_img4.bmp,3.387697,2.117500915611516
gblur_sailing2_img84.bmp,2.9067554,3.913562217498938
jp2k_cemetry_img125.bmp,3.3762143,3.66107355623428
wn_caps_img110.bmp,3.407777,3.346424085492638
fastfading_sailing4_img143.bmp,3.475155,3.528029354351068
jp2k_flowersonih35_img192.bmp,3.529046,3.391858606615091
gblur_churchandcapitol_img2.bmp,2.7206595,3.5320427385212527
fastfading_cemetry_img120.bmp,2.1701353,2.339625243758635
