image_name,Noise_Score,Noise_Score_to_MOS_scale
fastfading_bikes_img152.bmp,3.195954970713652,3.0683951671886804
fastfading_bikes_img31.bmp,3.1031014325403543,1.4013489985729692
fastfading_bikes_img32.bmp,3.1868019508838685,2.9040664088162584
fastfading_bikes_img33.bmp,3.193996153871785,3.0332275454103903
fastfading_bikes_img34.bmp,3.195171314959566,3.0543258021643305
fastfading_bikes_img35.bmp,3.185907580240196,2.8880093238177986
fastfading_building2_img156.bmp,3.259362184671266,4.206776699762681
fastfading_building2_img51.bmp,3.236754797155781,3.800894926364213
fastfading_building2_img52.bmp,3.227177682886863,3.6289521876976756
fastfading_building2_img53.bmp,3.252719887644295,4.0875242078549
fastfading_building2_img54.bmp,3.258564537066823,4.192456132027168
fastfading_building2_img55.bmp,3.2582688057813147,4.1871467198481085
fastfading_buildings_img159.bmp,3.254159877570346,4.1133770696444945
fastfading_buildings_img66.bmp,3.2442339502322746,3.9351719148984503
fastfading_buildings_img67.bmp,3.234903286367908,3.7676538240239528
fastfading_buildings_img68.bmp,3.2348538191684373,3.7667657145671423
fastfading_buildings_img69.bmp,3.2221424521972786,3.5385521642381335
fastfading_buildings_img70.bmp,3.253390923772704,4.099571656222237
fastfading_caps_img163.bmp,3.1773729641015347,2.734783077252938
fastfading_caps_img86.bmp,3.167207350297572,2.5522747111000577
fastfading_caps_img87.bmp,3.1708949003262674,2.618479147332117
fastfading_caps_img88.bmp,3.173366721105575,2.6628569862461138
fastfading_caps_img89.bmp,3.176133312931716,2.712526997692362
fastfading_caps_img90.bmp,3.1765436763424884,2.719894457943484
fastfading_carnivaldolls_img101.bmp,3.27293029350496,4.450371766698696
fastfading_carnivaldolls_img102.bmp,3.2749441233128973,4.486527063864652
fastfading_carnivaldolls_img103.bmp,3.27140653258904,4.423014922288198
fastfading_carnivaldolls_img104.bmp,3.2769231111178474,4.522056825065803
fastfading_carnivaldolls_img105.bmp,3.2768952707483923,4.5215569929415125
fastfading_carnivaldolls_img166.bmp,3.2770795517481144,4.5248654822094405
fastfading_cemetry_img116.bmp,3.143575919889223,2.1280077817384306
fastfading_cemetry_img117.bmp,3.1805477262607926,2.791781175526581
fastfading_cemetry_img118.bmp,3.2024879577137,3.1856851613267607
fastfading_cemetry_img119.bmp,3.216787973423246,3.442420519706445
fastfading_cemetry_img120.bmp,3.1648705290351664,2.5103205862614035
fastfading_cemetry_img169.bmp,3.2174945799855603,3.4551065819244102
fastfading_churchandcapitol_img131.bmp,3.2280795349996314,3.6451435912653345
fastfading_churchandcapitol_img132.bmp,3.231379340025015,3.7043866468662703
fastfading_churchandcapitol_img133.bmp,3.2579940551124213,4.182213983208085
fastfading_churchandcapitol_img134.bmp,3.2580257585958545,4.182783171756295
fastfading_churchandcapitol_img135.bmp,3.256524978945821,4.155838921545222
fastfading_churchandcapitol_img172.bmp,3.258377328213172,4.18909507752834
fastfading_coinsinfountain_img1.bmp,3.2631336462624585,4.274487642386584
fastfading_coinsinfountain_img146.bmp,3.268024642945681,4.362298160347258
fastfading_coinsinfountain_img2.bmp,3.2640233136447776,4.290460287373675
fastfading_coinsinfountain_img3.bmp,3.2640337434108684,4.290647538198396
fastfading_coinsinfountain_img4.bmp,3.267151580113582,4.346623625183126
fastfading_coinsinfountain_img5.bmp,3.267925509740664,4.360518372168392
fastfading_dancers_img149.bmp,3.277712090938092,4.536221775721739
fastfading_dancers_img16.bmp,3.272261712536965,4.438368397058376
fastfading_dancers_img17.bmp,3.273379639601055,4.458439102662562
fastfading_dancers_img18.bmp,3.266640629092443,4.33745026508401
fastfading_dancers_img19.bmp,3.274630703475898,4.480900080243818
fastfading_dancers_img20.bmp,3.277258963168471,4.52808654547526
fastfading_flowersonih35_img153.bmp,3.268845765373033,4.377040183359099
fastfading_flowersonih35_img36.bmp,3.259976646930305,4.217808449062074
fastfading_flowersonih35_img37.bmp,3.243247826205419,3.917467535366015
fastfading_flowersonih35_img38.bmp,3.2675161135656,4.353168277185343
fastfading_flowersonih35_img39.bmp,3.268051394581464,4.36277844588956
fastfading_flowersonih35_img40.bmp,3.2680413663562486,4.362598404129683
fastfading_house_img160.bmp,3.1869011573686787,2.905847512624021
fastfading_house_img71.bmp,3.1642462631551997,2.499112827635624
fastfading_house_img72.bmp,3.185984029744368,2.889381860131752
fastfading_house_img73.bmp,3.1844269866820625,2.861427484644828
fastfading_house_img74.bmp,3.186315475590592,2.895332473742405
fastfading_house_img75.bmp,3.186353980927553,2.8960237793804575
fastfading_lighthouse2_img106.bmp,3.1767518617240675,2.72363211457511
fastfading_lighthouse2_img107.bmp,3.180991760446048,2.7997531440894043
fastfading_lighthouse2_img108.bmp,3.1829030868880626,2.8340681468864704
fastfading_lighthouse2_img109.bmp,3.1872623011479284,2.9123313081299496
fastfading_lighthouse2_img110.bmp,3.190760786902395,2.9751413785664154
fastfading_lighthouse2_img167.bmp,3.1911131337096954,2.9814672376202527
fastfading_lighthouse_img164.bmp,3.212200758270397,3.360063944010848
fastfading_lighthouse_img91.bmp,3.202216355315917,3.1808089471779173
fastfading_lighthouse_img92.bmp,3.190805640320841,2.9759466544970996
fastfading_lighthouse_img93.bmp,3.207989628782641,3.284459422996195
fastfading_lighthouse_img94.bmp,3.2084287559251585,3.2923432929581846
fastfading_lighthouse_img95.bmp,3.2024526990685533,3.1850521451761797
fastfading_manfishing_img121.bmp,3.2819736111098656,4.612730985974718
fastfading_manfishing_img122.bmp,3.281161309792621,4.598147332779435
fastfading_manfishing_img123.bmp,3.28278485204938,4.6272956016764635
fastfading_manfishing_img124.bmp,3.283550212394111,4.641036500035268
fastfading_manfishing_img125.bmp,3.284481986049037,4.657765100065159
fastfading_manfishing_img170.bmp,3.2845391356343114,4.658791135249643
fastfading_monarch_img136.bmp,3.154808023788558,2.329663379782887
fastfading_monarch_img137.bmp,3.173980562579029,2.6738775902703686
fastfading_monarch_img138.bmp,3.179717556006601,2.7768767123389084
fastfading_monarch_img139.bmp,3.1817934683351936,2.8141466081537976
fastfading_monarch_img140.bmp,3.1818045017986734,2.8143446974607027
fastfading_monarch_img173.bmp,3.1819489545266446,2.8169381297783938
fastfading_ocean_img10.bmp,3.198523122691645,3.114502488455704
fastfading_ocean_img147.bmp,3.19867984894568,3.1173162735461815
fastfading_ocean_img6.bmp,3.19490017286158,3.049457852008731
fastfading_ocean_img7.bmp,3.19726888218813,3.091984479265733
fastfading_ocean_img8.bmp,3.194209136716573,3.037051333306574
fastfading_ocean_img9.bmp,3.1967538627924714,3.0827380775971953
fastfading_paintedhouse_img150.bmp,3.231192153873879,3.701025999957087
fastfading_paintedhouse_img21.bmp,3.220302221467337,3.5055135784387184
fastfading_paintedhouse_img22.bmp,3.228216052620116,3.647594560616149
fastfading_paintedhouse_img23.bmp,3.2266901859767536,3.6201999110241387
fastfading_paintedhouse_img24.bmp,3.2246714250943143,3.583956083803028
fastfading_paintedhouse_img25.bmp,3.2301806159454376,3.682865351895722
fastfading_parrots_img154.bmp,3.2112701981437937,3.343357131063934
fastfading_parrots_img41.bmp,3.2093434271964707,3.3087648453123664
fastfading_parrots_img42.bmp,3.207943590273585,3.2836328705390594
fastfading_parrots_img43.bmp,3.211231618351791,3.342664488697153
fastfading_parrots_img44.bmp,3.2104667178813475,3.3289318466922246
fastfading_parrots_img45.bmp,3.21108870355612,3.3400986676498543
fastfading_plane_img157.bmp,3.3031196546567028,4.992376517740499
fastfading_plane_img56.bmp,3.302525233219137,4.981704571366333
fastfading_plane_img57.bmp,3.301874159537501,4.97001551882391
fastfading_plane_img58.bmp,3.2988833529091472,4.916320066513169
fastfading_plane_img59.bmp,3.303027397142463,4.990720172288673
fastfading_plane_img60.bmp,3.3030659798338746,4.991412866709993
fastfading_rapids_img161.bmp,3.2067646385432305,3.2624665584767003
fastfading_rapids_img76.bmp,3.1814697817768867,2.8083353009330545
fastfading_rapids_img77.bmp,3.2044184619941696,3.2203444734818527
fastfading_rapids_img78.bmp,3.2045607434372787,3.222898923632772
fastfading_rapids_img79.bmp,3.2059134663909283,3.2471850376726206
fastfading_rapids_img80.bmp,3.2065252606868797,3.258168887691811
fastfading_sailing1_img100.bmp,3.253344868979026,4.09874481139911
fastfading_sailing1_img165.bmp,3.256752125074504,4.159916989984902
fastfading_sailing1_img96.bmp,3.2479645306053886,4.002148896498287
fastfading_sailing1_img97.bmp,3.254468195022508,4.118912447589754
fastfading_sailing1_img98.bmp,3.256205359893912,4.150100640308086
fastfading_sailing1_img99.bmp,3.2545186968809414,4.119819132798154
fastfading_sailing2_img111.bmp,3.167025247476112,2.5490053277595646
fastfading_sailing2_img112.bmp,3.157092708270545,2.3706814668382656
fastfading_sailing2_img113.bmp,3.16628850786352,2.5357782717679385
fastfading_sailing2_img114.bmp,3.172952963002798,2.6554285793858305
fastfading_sailing2_img115.bmp,3.174745937176155,2.68761874450957
fastfading_sailing2_img168.bmp,3.175030737392163,2.6927319057122237
fastfading_sailing3_img126.bmp,3.1702527589699514,2.606950461308775
fastfading_sailing3_img127.bmp,3.1787978251030165,2.7603643218674074
fastfading_sailing3_img128.bmp,3.1785438498064025,2.7558045759118666
fastfading_sailing3_img129.bmp,3.179724677950027,2.7770045761633266
fastfading_sailing3_img130.bmp,3.1796928366514035,2.776432913349842
fastfading_sailing3_img171.bmp,3.18002451962219,2.782387784176768
fastfading_sailing4_img141.bmp,3.171608219272809,2.6312857203526665
fastfading_sailing4_img142.bmp,3.1795934615646697,2.7746487825471347
fastfading_sailing4_img143.bmp,3.1787109813782504,2.7588051728948675
fastfading_sailing4_img144.bmp,3.1775036021472776,2.737128487647797
fastfading_sailing4_img145.bmp,3.178783658861626,2.7601099882265094
fastfading_sailing4_img174.bmp,3.18093605991932,2.7987531245802035
fastfading_statue_img11.bmp,3.2038969180501056,3.2109809333214985
fastfading_statue_img12.bmp,3.2062139889388988,3.252580469791122
fastfading_statue_img13.bmp,3.2077998190026094,3.2810516727607966
fastfading_statue_img14.bmp,3.2073228797666093,3.2724889433088244
fastfading_statue_img148.bmp,3.2078522637683182,3.2819932399585454
fastfading_statue_img15.bmp,3.207795100175785,3.280966953294713
fastfading_stream_img151.bmp,3.2262062273607164,3.6115111591197397
fastfading_stream_img26.bmp,3.211859109676423,3.353930155349677
fastfading_stream_img27.bmp,3.224338703471737,3.5779825655392634
fastfading_stream_img28.bmp,3.22348390105948,3.5626358688563977
fastfading_stream_img29.bmp,3.224003076897759,3.571956893225183
fastfading_stream_img30.bmp,3.2248605993404382,3.587352423979244
fastfading_studentsculpture_img155.bmp,3.260951563865591,4.2353116220553755
fastfading_studentsculpture_img46.bmp,3.239904765312401,3.857447885465834
fastfading_studentsculpture_img47.bmp,3.2345459775743617,3.761238879940911
fastfading_studentsculpture_img48.bmp,3.252019350006073,4.074947104076801
fastfading_studentsculpture_img49.bmp,3.260340927862446,4.224348567448214
fastfading_studentsculpture_img50.bmp,3.2596402174009693,4.211768360887499
fastfading_womanhat_img162.bmp,3.165591392702847,2.523262613446826
fastfading_womanhat_img81.bmp,3.16201360065322,2.4590287172941228
fastfading_womanhat_img82.bmp,3.1637535702275823,2.490267264252182
fastfading_womanhat_img83.bmp,3.1650735455060985,2.5139654428462075
fastfading_womanhat_img84.bmp,3.164479341719332,2.503297404066066
fastfading_womanhat_img85.bmp,3.161082093998109,2.4423049108458965
fastfading_woman_img158.bmp,3.1397441589103288,2.0592142539463643
fastfading_woman_img61.bmp,3.1129012717085853,1.5772904291295458
fastfading_woman_img62.bmp,3.112894249440576,1.5771643548279068
fastfading_woman_img63.bmp,3.13780356562671,2.024373808854648
fastfading_woman_img64.bmp,3.138410260946987,2.0352661144046813
fastfading_woman_img65.bmp,3.096873513401871,1.2895360408493715
gblur_bikes_img112.bmp,3.180171344371116,2.7850238025770393
gblur_bikes_img129.bmp,3.1790873783367086,2.765562816381811
gblur_bikes_img152.bmp,3.195954970713652,3.0683951671886804
gblur_bikes_img26.bmp,3.173040345812991,2.6569974068295767
gblur_bikes_img40.bmp,3.1540844006795776,2.316671810963012
gblur_bikes_img60.bmp,3.1862565851543483,2.8942751841868404
gblur_building2_img137.bmp,3.254468373786425,4.118915657028067
gblur_building2_img156.bmp,3.259362184671266,4.206776699762681
gblur_building2_img25.bmp,3.239189513631363,3.8446066130929344
gblur_building2_img33.bmp,3.248749744054756,4.016246227607745
gblur_building2_img8.bmp,3.2514069573104933,4.063952510688786
gblur_building2_img80.bmp,3.246393906968993,3.9739507021494225
gblur_buildings_img134.bmp,3.238036703728641,3.823909638381122
gblur_buildings_img159.bmp,3.254159877570346,4.1133770696444945
gblur_buildings_img45.bmp,3.248899857013976,4.018941280897582
gblur_buildings_img62.bmp,3.243937629386213,3.929851918042912
gblur_buildings_img7.bmp,3.244914650651456,3.9473928711279638
gblur_buildings_img73.bmp,3.2295118864619887,3.6708593158829297
gblur_caps_img1.bmp,3.172825992615776,2.6531490163085696
gblur_caps_img115.bmp,3.1712309874822537,2.624513088706136
gblur_caps_img163.bmp,3.1773729641015347,2.734783077252938
gblur_caps_img28.bmp,3.1745616982925053,2.6843110113726265
gblur_caps_img70.bmp,3.1602567481678783,2.4274870629626975
gblur_caps_img88.bmp,3.1675015260463013,2.557556195946691
gblur_carnivaldolls_img166.bmp,3.2770795517481144,4.5248654822094405
gblur_carnivaldolls_img27.bmp,3.273827808520989,4.466485304192053
gblur_carnivaldolls_img52.bmp,3.26831295065222,4.367474293287618
gblur_carnivaldolls_img59.bmp,3.272411153023004,4.4410513770997255
gblur_carnivaldolls_img6.bmp,3.2710072903469847,4.415847125960121
gblur_carnivaldolls_img95.bmp,3.2757261660642296,4.500567469841094
gblur_cemetry_img109.bmp,3.1999932982931565,3.140897288825268
gblur_cemetry_img13.bmp,3.2075148956362227,3.2759363005775906
gblur_cemetry_img135.bmp,3.1949060932287825,3.0495641433322094
gblur_cemetry_img143.bmp,3.2041250339427965,3.2150764124210776
gblur_cemetry_img169.bmp,3.2174945799855603,3.4551065819244102
gblur_cemetry_img83.bmp,3.1828822974628554,2.8336949039027237
gblur_churchandcapitol_img104.bmp,3.230344828760844,3.685813546979576
gblur_churchandcapitol_img142.bmp,3.253445496830324,4.100551433712733
gblur_churchandcapitol_img172.bmp,3.258377328213172,4.18909507752834
gblur_churchandcapitol_img2.bmp,3.252105657072562,4.076496618153978
gblur_churchandcapitol_img66.bmp,3.247988022260243,4.0025706539669805
gblur_churchandcapitol_img91.bmp,3.249807218698084,4.035231600564435
gblur_coinsinfountain_img101.bmp,3.266093804911144,4.3276328561379005
gblur_coinsinfountain_img123.bmp,3.2623809218899,4.260973603977453
gblur_coinsinfountain_img146.bmp,3.268024642945681,4.362298160347258
gblur_coinsinfountain_img19.bmp,3.264058514582672,4.291092267476996
gblur_coinsinfountain_img22.bmp,3.2646424763847133,4.301576426765509
gblur_coinsinfountain_img32.bmp,3.266956663339096,4.343124186513384
gblur_dancers_img128.bmp,3.2688002859763348,4.376223668926707
gblur_dancers_img149.bmp,3.277712090938092,4.536221775721739
gblur_dancers_img21.bmp,3.271932711351683,4.432461673672449
gblur_dancers_img41.bmp,3.2657506181895126,4.321471452698995
gblur_dancers_img51.bmp,3.274596641124054,4.4802885417472496
gblur_dancers_img93.bmp,3.27157318436449,4.426006905245689
gblur_flowersonih35_img107.bmp,3.2489452194168718,4.019755694881523
gblur_flowersonih35_img153.bmp,3.268845765373033,4.377040183359099
gblur_flowersonih35_img65.bmp,3.2589269485175354,4.19896268667504
gblur_flowersonih35_img85.bmp,3.2567269307880053,4.159464664315841
gblur_flowersonih35_img87.bmp,3.2603656029583234,4.224791571827501
gblur_flowersonih35_img90.bmp,3.2659185486030378,4.32448639168752
gblur_house_img113.bmp,3.1784893934612217,2.7548268938183638
gblur_house_img122.bmp,3.180041992467549,2.782701482938103
gblur_house_img138.bmp,3.1718829849182377,2.63621872587395
gblur_house_img160.bmp,3.1869011573686787,2.905847512624021
gblur_house_img49.bmp,3.1803387239924987,2.788028852917818
gblur_house_img94.bmp,3.1837505905283603,2.8492838050535223
gblur_lighthouse2_img118.bmp,3.168099398761539,2.568290104840899
gblur_lighthouse2_img133.bmp,3.18529588298178,2.8770272159621775
gblur_lighthouse2_img167.bmp,3.1911131337096954,2.9814672376202527
gblur_lighthouse2_img53.bmp,3.1754666325321708,2.700557749911204
gblur_lighthouse2_img55.bmp,3.1779679817509408,2.7454657277174777
gblur_lighthouse2_img75.bmp,3.1797775449221106,2.7779537234440026
gblur_lighthouse_img102.bmp,3.203902196245416,3.211075695410729
gblur_lighthouse_img15.bmp,3.2010685729598727,3.160202234534642
gblur_lighthouse_img164.bmp,3.212200758270397,3.360063944010848
gblur_lighthouse_img24.bmp,3.1720235164200723,2.6387417584509736
gblur_lighthouse_img4.bmp,3.209521707959265,3.3119656093155596
gblur_lighthouse_img97.bmp,3.1986768907910257,3.1172631643111504
gblur_manfishing_img14.bmp,3.2819704837195403,4.612674838366751
gblur_manfishing_img16.bmp,3.278936433858892,4.55820301860537
gblur_manfishing_img170.bmp,3.2845391356343114,4.658791135249643
gblur_manfishing_img47.bmp,3.280921205400441,4.5938366181321975
gblur_manfishing_img67.bmp,3.283319322190364,4.636891212337028
gblur_manfishing_img78.bmp,3.2780623721759543,4.542510550570864
gblur_monarch_img103.bmp,3.159117066215412,2.407025780929982
gblur_monarch_img11.bmp,3.0807465180446414,1.0
gblur_monarch_img173.bmp,3.1819489545266446,2.8169381297783938
gblur_monarch_img3.bmp,3.15670007537528,2.3636323314299617
gblur_monarch_img37.bmp,3.141001572911705,2.0817892385360266
gblur_monarch_img96.bmp,3.171818230467313,2.635056156720002
gblur_ocean_img106.bmp,3.1958909829902677,3.0672463634790446
gblur_ocean_img117.bmp,3.191662369653565,2.991327946150122
gblur_ocean_img119.bmp,3.1952295359309826,3.0553710724818886
gblur_ocean_img147.bmp,3.19867984894568,3.1173162735461815
gblur_ocean_img57.bmp,3.1946432304162613,3.0448448353434587
gblur_ocean_img92.bmp,3.1967758146279888,3.0831321899165878
gblur_paintedhouse_img110.bmp,3.2215563993881062,3.528030464049242
gblur_paintedhouse_img116.bmp,3.198381019405984,3.111951236854854
gblur_paintedhouse_img150.bmp,3.231192153873879,3.701025999957087
gblur_paintedhouse_img23.bmp,3.226878223975982,3.62357585158962
gblur_paintedhouse_img39.bmp,3.223398977217819,3.5611111885087263
gblur_paintedhouse_img81.bmp,3.2206663271501306,3.512050550485375
gblur_parrots_img105.bmp,3.204588898438168,3.2234044044930963
gblur_parrots_img12.bmp,3.2096893248140024,3.3149749188258095
gblur_parrots_img154.bmp,3.2112701981437937,3.343357131063934
gblur_parrots_img31.bmp,3.2071748364680257,3.2698310476750305
gblur_parrots_img56.bmp,3.208684169782108,3.2969288661093548
gblur_parrots_img69.bmp,3.19933824526,3.1291367929879876
gblur_plane_img139.bmp,3.3011367305217227,4.956776085630905
gblur_plane_img157.bmp,3.3031196546567028,4.992376517740499
gblur_plane_img30.bmp,3.301991711876944,4.972125994966612
gblur_plane_img5.bmp,3.300360279180172,4.942836065040272
gblur_plane_img63.bmp,3.3027795353746843,4.986270185584335
gblur_plane_img86.bmp,3.302378328771301,4.979067122091532
gblur_rapids_img141.bmp,3.1979384314567145,3.1040052332924706
gblur_rapids_img161.bmp,3.2067646385432305,3.2624665584767003
gblur_rapids_img17.bmp,3.181623056428517,2.8110871176734085
gblur_rapids_img29.bmp,3.2015799403949874,3.169383070722831
gblur_rapids_img34.bmp,3.2000657285316407,3.1421976652453
gblur_rapids_img9.bmp,3.2034866046646577,3.2036143712001293
gblur_sailing1_img125.bmp,3.2516091947068784,4.067583380157274
gblur_sailing1_img130.bmp,3.2530047370705173,4.092638252553232
gblur_sailing1_img165.bmp,3.256752125074504,4.159916989984902
gblur_sailing1_img35.bmp,3.254271788830009,4.1153862686509735
gblur_sailing1_img46.bmp,3.2548374759123906,4.1255423327264165
gblur_sailing1_img74.bmp,3.2533649820486303,4.099105911431298
gblur_sailing2_img10.bmp,3.141439884814876,2.089658472096912
gblur_sailing2_img168.bmp,3.175030737392163,2.6927319057122237
gblur_sailing2_img43.bmp,3.166765672825578,2.544345053793114
gblur_sailing2_img48.bmp,3.1601313901844907,2.42523644817706
gblur_sailing2_img72.bmp,3.1643309001095954,2.500632357352254
gblur_sailing2_img84.bmp,3.16961594959826,2.5955175030812097
gblur_sailing3_img111.bmp,3.177308925573943,2.7336333614298693
gblur_sailing3_img114.bmp,3.172256224192484,2.6429196778715793
gblur_sailing3_img124.bmp,3.167575683286953,2.5588875781033176
gblur_sailing3_img144.bmp,3.1636476717340667,2.488366015453802
gblur_sailing3_img171.bmp,3.18002451962219,2.782387784176768
gblur_sailing3_img79.bmp,3.174739826680735,2.687509039718795
gblur_sailing4_img121.bmp,3.155968847964326,2.3505042387605926
gblur_sailing4_img127.bmp,3.168818434048511,2.5811993061898937
gblur_sailing4_img136.bmp,3.175088807009381,2.6937744586919
gblur_sailing4_img174.bmp,3.18093605991932,2.7987531245802035
gblur_sailing4_img76.bmp,3.1719121697240933,2.6367426953396316
gblur_sailing4_img89.bmp,3.174013623180881,2.6744711438466133
gblur_statue_img120.bmp,3.198415438594472,3.1125691818187717
gblur_statue_img131.bmp,3.2026980561455165,3.1894571639093465
gblur_statue_img148.bmp,3.2078522637683182,3.2819932399585454
gblur_statue_img54.bmp,3.2019391034179616,3.17583130471732
gblur_statue_img77.bmp,3.203945143588632,3.2118467506162593
gblur_statue_img98.bmp,3.2052653774728004,3.2355495720873337
gblur_stream_img126.bmp,3.2138925485447007,3.3904375038165706
gblur_stream_img151.bmp,3.2262062273607164,3.6115111591197397
gblur_stream_img18.bmp,3.2148733892835857,3.4080470298286936
gblur_stream_img50.bmp,3.211755770889816,3.3520748622539958
gblur_stream_img58.bmp,3.1989463760739536,3.1221013688345454
gblur_stream_img71.bmp,3.223001872051072,3.5539817601661245
gblur_studentsculpture_img100.bmp,3.2475032512498103,3.9938673167383096
gblur_studentsculpture_img108.bmp,3.257083551830757,4.165867260863719
gblur_studentsculpture_img155.bmp,3.260951563865591,4.2353116220553755
gblur_studentsculpture_img20.bmp,3.2517784730144097,4.070622518563321
gblur_studentsculpture_img38.bmp,3.2492418245034558,4.025080794849808
gblur_studentsculpture_img44.bmp,3.2551007050977443,4.130268218390491
gblur_womanhat_img132.bmp,3.1494811064097217,2.234026558810619
gblur_womanhat_img162.bmp,3.165591392702847,2.523262613446826
gblur_womanhat_img36.bmp,3.1558593766669354,2.3485388456212624
gblur_womanhat_img42.bmp,3.15789366909344,2.385061518447352
gblur_womanhat_img61.bmp,3.1600501342577765,2.423777619747135
gblur_womanhat_img82.bmp,3.161974894340549,2.458333803438293
gblur_woman_img140.bmp,3.1210355972137998,1.7233300570695433
gblur_woman_img145.bmp,3.12806001255046,1.8494429107541233
gblur_woman_img158.bmp,3.1397441589103288,2.0592142539463643
gblur_woman_img64.bmp,3.1224638733927943,1.748972616079779
gblur_woman_img68.bmp,3.107653106373119,1.483067483112971
gblur_woman_img99.bmp,3.1122288452376896,1.5652180192458172
jp2k_bikes_img115.bmp,3.183342618170196,2.8419592725698006
jp2k_bikes_img129.bmp,3.195089513853586,3.0528571858574542
jp2k_bikes_img133.bmp,3.190018083113708,2.961807244728287
jp2k_bikes_img15.bmp,3.19561947624109,3.0623718665576076
jp2k_bikes_img188.bmp,3.195954970713652,3.0683951671886804
jp2k_bikes_img225.bmp,3.1684189673969705,2.574027480925711
jp2k_bikes_img73.bmp,3.195954970713652,3.0683951671886804
jp2k_bikes_img78.bmp,3.193562134188708,3.0254353722308767
jp2k_building2_img107.bmp,3.249003507822449,4.020802175878412
jp2k_building2_img119.bmp,3.259362184671266,4.206776699762681
jp2k_building2_img132.bmp,3.2581171696143336,4.184424319644924
jp2k_building2_img163.bmp,3.2544149797956905,4.117957047917072
jp2k_building2_img216.bmp,3.2590115627769425,4.200481808937152
jp2k_building2_img24.bmp,3.259362184671266,4.206776699762681
jp2k_building2_img30.bmp,3.2503846187530403,4.0455979535145685
jp2k_building2_img41.bmp,3.257467552249913,4.172761413096307
jp2k_buildings_img1.bmp,3.254159877570346,4.1133770696444945
jp2k_buildings_img123.bmp,3.254159877570346,4.1133770696444945
jp2k_buildings_img13.bmp,3.252011468667172,4.0748056064443325
jp2k_buildings_img156.bmp,3.247584615741335,3.9953280942867595
jp2k_buildings_img199.bmp,3.253879139295666,4.10833683451295
jp2k_buildings_img222.bmp,3.2533948599667983,4.099642324690158
jp2k_buildings_img29.bmp,3.249668950971989,4.0327492106893175
jp2k_buildings_img33.bmp,3.251738382997079,4.069902762363334
jp2k_caps_img122.bmp,3.174256501129019,2.6788316535358483
jp2k_caps_img153.bmp,3.1773729641015347,2.734783077252938
jp2k_caps_img193.bmp,3.1728362426918686,2.6533330410685805
jp2k_caps_img25.bmp,3.1773729641015347,2.734783077252938
jp2k_caps_img49.bmp,3.176927637213577,2.7267879001497697
jp2k_caps_img68.bmp,3.176448708186511,2.718189446980227
jp2k_caps_img83.bmp,3.1754608547033385,2.700454017650622
jp2k_carnivaldolls_img108.bmp,3.276561173981003,4.5155587860128374
jp2k_carnivaldolls_img124.bmp,3.276184116327272,4.508789280732097
jp2k_carnivaldolls_img148.bmp,3.2769761608252725,4.523009253085769
jp2k_carnivaldolls_img161.bmp,3.2770795517481144,4.5248654822094405
jp2k_carnivaldolls_img18.bmp,3.2769005362242023,4.5216515266711665
jp2k_carnivaldolls_img181.bmp,3.273092493195964,4.453283819149886
jp2k_carnivaldolls_img67.bmp,3.2770795517481144,4.5248654822094405
jp2k_carnivaldolls_img79.bmp,3.275348663140109,4.493789970397598
jp2k_cemetry_img118.bmp,3.2174945799855603,3.4551065819244102
jp2k_cemetry_img125.bmp,3.216545742116942,3.438071619502565
jp2k_cemetry_img178.bmp,3.2126361922351325,3.3678815084987295
jp2k_cemetry_img46.bmp,3.2069212116203527,3.265277593505197
jp2k_cemetry_img48.bmp,3.206349700260356,3.2550169632508603
jp2k_cemetry_img9.bmp,3.2174945799855603,3.4551065819244102
jp2k_cemetry_img98.bmp,3.215575961685232,3.42066066473568
jp2k_churchandcapitol_img110.bmp,3.258377328213172,4.18909507752834
jp2k_churchandcapitol_img128.bmp,3.258377328213172,4.18909507752834
jp2k_churchandcapitol_img176.bmp,3.2580367820861174,4.182981082009032
jp2k_churchandcapitol_img194.bmp,3.253604993224757,4.103414952523947
jp2k_churchandcapitol_img198.bmp,3.258311457513262,4.187912467796179
jp2k_churchandcapitol_img45.bmp,3.2543515167959587,4.116817664834498
jp2k_churchandcapitol_img5.bmp,3.254984985970699,4.12819065482995
jp2k_churchandcapitol_img7.bmp,3.2573563850846945,4.170765573190804
jp2k_coinsinfountain_img168.bmp,3.266618103610327,4.337045853799351
jp2k_coinsinfountain_img177.bmp,3.2646009766335453,4.300831360906479
jp2k_coinsinfountain_img182.bmp,3.2671169393861934,4.346001702820149
jp2k_coinsinfountain_img21.bmp,3.267692535997492,4.356335677641255
jp2k_coinsinfountain_img224.bmp,3.268024642945681,4.362298160347258
jp2k_coinsinfountain_img28.bmp,3.266157643489901,4.328778982179195
jp2k_coinsinfountain_img54.bmp,3.268024642945681,4.362298160347258
jp2k_coinsinfountain_img77.bmp,3.268022740250684,4.362264000309123
jp2k_dancers_img165.bmp,3.2771779909254146,4.526632810160409
jp2k_dancers_img170.bmp,3.2766674633066497,4.517467051616603
jp2k_dancers_img184.bmp,3.277712090938092,4.536221775721739
jp2k_dancers_img205.bmp,3.277516734475757,4.532714443115393
jp2k_dancers_img4.bmp,3.275066987143145,4.488732899867296
jp2k_dancers_img6.bmp,3.274718105968777,4.482469261060698
jp2k_dancers_img65.bmp,3.2730226270957594,4.452029477991177
jp2k_dancers_img84.bmp,3.277712090938092,4.536221775721739
jp2k_flowersonih35_img111.bmp,3.2685150747003906,4.3711031277587304
jp2k_flowersonih35_img167.bmp,3.266206504397968,4.329656206582165
jp2k_flowersonih35_img192.bmp,3.2677358217163377,4.357112807874277
jp2k_flowersonih35_img201.bmp,3.252709943451677,4.087345674774421
jp2k_flowersonih35_img209.bmp,3.268845765373033,4.377040183359099
jp2k_flowersonih35_img44.bmp,3.2629382383067043,4.27097938529304
jp2k_flowersonih35_img86.bmp,3.2607725115632444,4.23209700621541
jp2k_flowersonih35_img89.bmp,3.268845765373033,4.377040183359099
jp2k_house_img131.bmp,3.1869011573686787,2.905847512624021
jp2k_house_img144.bmp,3.1811413464806098,2.8024387372364217
jp2k_house_img179.bmp,3.178530737414535,2.7555691625603242
jp2k_house_img187.bmp,3.1853069182254163,2.8772253372291257
jp2k_house_img20.bmp,3.1869011573686787,2.905847512624021
jp2k_house_img212.bmp,3.186650045253213,2.9013391707964975
jp2k_house_img27.bmp,3.1837746241476346,2.849715292681429
jp2k_house_img47.bmp,3.1837378849536524,2.8490556954946022
jp2k_house_img80.bmp,3.185702248681631,2.884322903302909
jp2k_lighthouse2_img103.bmp,3.1910263807066386,2.979909717420087
jp2k_lighthouse2_img11.bmp,3.1911131337096954,2.9814672376202527
jp2k_lighthouse2_img114.bmp,3.190956383635072,2.9786530248667935
jp2k_lighthouse2_img137.bmp,3.184597210029903,2.864483589833806
jp2k_lighthouse2_img151.bmp,3.1911131337096954,2.9814672376202527
jp2k_lighthouse2_img164.bmp,3.1901710234637584,2.9645530595846052
jp2k_lighthouse2_img211.bmp,3.1908234222476644,2.976265902353076
jp2k_lighthouse2_img74.bmp,3.1883080884356616,2.9311068521264407
jp2k_lighthouse_img106.bmp,3.210317675656942,3.3262560168418447
jp2k_lighthouse_img149.bmp,3.211117470145213,3.340615128660119
jp2k_lighthouse_img174.bmp,3.2120707789723912,3.3577303604447026
jp2k_lighthouse_img180.bmp,3.212200758270397,3.360063944010848
jp2k_lighthouse_img202.bmp,3.2044211090206165,3.220391996876043
jp2k_lighthouse_img51.bmp,3.2116044098604064,3.3493574017337053
jp2k_lighthouse_img72.bmp,3.212200758270397,3.360063944010848
jp2k_lighthouse_img91.bmp,3.210335247038026,3.3265714846645067
jp2k_manfishing_img121.bmp,3.2805564105285967,4.5872872727286484
jp2k_manfishing_img143.bmp,3.284117162026595,4.651215231306297
jp2k_manfishing_img157.bmp,3.2845391356343114,4.658791135249643
jp2k_manfishing_img200.bmp,3.2828687776647776,4.628802360367084
jp2k_manfishing_img26.bmp,3.2845334018388623,4.658688193542487
jp2k_manfishing_img36.bmp,3.2845391356343114,4.658791135249643
jp2k_manfishing_img63.bmp,3.284452622434461,4.657237920356781
jp2k_manfishing_img94.bmp,3.2844534165797192,4.657252178045141
jp2k_monarch_img105.bmp,3.1819565686979736,2.817074830817373
jp2k_monarch_img160.bmp,3.1697267588953317,2.5975069180002825
jp2k_monarch_img204.bmp,3.1819489545266446,2.8169381297783938
jp2k_monarch_img208.bmp,3.177040008089932,2.72880535088538
jp2k_monarch_img22.bmp,3.1819489545266446,2.8169381297783938
jp2k_monarch_img56.bmp,3.1798555631928185,2.7793544246108532
jp2k_monarch_img61.bmp,3.18163164016703,2.811241225838609
jp2k_ocean_img120.bmp,3.197266344530332,3.0919389194217883
jp2k_ocean_img140.bmp,3.19867984894568,3.1173162735461815
jp2k_ocean_img16.bmp,3.19867984894568,3.1173162735461815
jp2k_ocean_img219.bmp,3.195814601736016,3.065875052490155
jp2k_ocean_img31.bmp,3.1982556309716514,3.109700075368121
jp2k_ocean_img37.bmp,3.198189550538178,3.108513700184044
jp2k_ocean_img69.bmp,3.1986443742772064,3.1166793790204053
jp2k_paintedhouse_img117.bmp,3.231192153873879,3.701025999957087
jp2k_paintedhouse_img14.bmp,3.228276767359816,3.6486846028071764
jp2k_paintedhouse_img196.bmp,3.2271484933759997,3.6284281337606332
jp2k_paintedhouse_img210.bmp,3.2297630448593058,3.675368488631755
jp2k_paintedhouse_img215.bmp,3.224288473404089,3.5770807599272305
jp2k_paintedhouse_img35.bmp,3.231192153873879,3.701025999957087
jp2k_paintedhouse_img40.bmp,3.22631969584757,3.6135483158074564
jp2k_paintedhouse_img82.bmp,3.230830525886184,3.6945335112139435
jp2k_parrots_img101.bmp,3.211129978130721,3.3408396908009705
jp2k_parrots_img127.bmp,3.209069416141752,3.3038453873367915
jp2k_parrots_img145.bmp,3.2112701981437937,3.343357131063934
jp2k_parrots_img158.bmp,3.209599303367765,3.3133587186249818
jp2k_parrots_img197.bmp,3.210401540441626,3.327761683408141
jp2k_parrots_img50.bmp,3.2112701981437937,3.343357131063934
jp2k_parrots_img85.bmp,3.211009779031892,3.338681696058759
jp2k_parrots_img96.bmp,3.210957461470267,3.337742412619761
jp2k_plane_img113.bmp,3.303036615790388,4.990885679301174
jp2k_plane_img139.bmp,3.3031196546567028,4.992376517740499
jp2k_plane_img173.bmp,3.30295707335578,4.989457614054929
jp2k_plane_img203.bmp,3.3028208626866835,4.987012155556431
jp2k_plane_img220.bmp,3.3024475268344773,4.980309469646222
jp2k_plane_img53.bmp,3.3026543268880832,4.9840222547895285
jp2k_plane_img57.bmp,3.3031196546567028,4.992376517740499
jp2k_plane_img58.bmp,3.3030668982005817,4.991429354608361
jp2k_rapids_img126.bmp,3.20668054620878,3.2609568065952583
jp2k_rapids_img135.bmp,3.199157753022247,3.12589632526505
jp2k_rapids_img146.bmp,3.203685948801912,3.2071932965354804
jp2k_rapids_img189.bmp,3.2067646385432305,3.2624665584767003
jp2k_rapids_img3.bmp,3.2060638529160688,3.2498850024287176
jp2k_rapids_img32.bmp,3.2016644012388973,3.170899438639531
jp2k_rapids_img64.bmp,3.2067646385432305,3.2624665584767003
jp2k_rapids_img81.bmp,3.205114930906252,3.2328485293777107
jp2k_sailing1_img136.bmp,3.256039863592566,4.147129402157049
jp2k_sailing1_img159.bmp,3.256752125074504,4.159916989984902
jp2k_sailing1_img19.bmp,3.2566659968303355,4.158370686394585
jp2k_sailing1_img213.bmp,3.2535222777568364,4.10192992021829
jp2k_sailing1_img214.bmp,3.2565062125763813,4.15550199949692
jp2k_sailing1_img43.bmp,3.2543541056439143,4.116864143721036
jp2k_sailing1_img66.bmp,3.256752125074504,4.159916989984902
jp2k_sailing1_img88.bmp,3.254453667699486,4.118651631269124
jp2k_sailing2_img138.bmp,3.1699302122140107,2.6011596175319145
jp2k_sailing2_img141.bmp,3.174972915693006,2.6916938037299154
jp2k_sailing2_img185.bmp,3.1746832852387232,2.686493922835493
jp2k_sailing2_img206.bmp,3.175030737392163,2.6927319057122237
jp2k_sailing2_img55.bmp,3.173247802344392,2.66072197804819
jp2k_sailing2_img59.bmp,3.175101847617551,2.6940085832747025
jp2k_sailing2_img62.bmp,3.1750443625826854,2.692976525595365
jp2k_sailing2_img93.bmp,3.175030737392163,2.6927319057122237
jp2k_sailing3_img100.bmp,3.18002451962219,2.782387784176768
jp2k_sailing3_img109.bmp,3.1788601539921384,2.761483343693058
jp2k_sailing3_img12.bmp,3.178864344138173,2.761558571487608
jp2k_sailing3_img130.bmp,3.1780027951621754,2.7460907503602
jp2k_sailing3_img147.bmp,3.18002451962219,2.782387784176768
jp2k_sailing3_img154.bmp,3.174681819409076,2.6864676060602175
jp2k_sailing3_img183.bmp,3.1797476517743384,2.777417036760415
jp2k_sailing3_img38.bmp,3.1764590456006925,2.7183750397647755
jp2k_sailing4_img166.bmp,3.18093605991932,2.7987531245802035
jp2k_sailing4_img172.bmp,3.169855654024291,2.5998210369354537
jp2k_sailing4_img221.bmp,3.1761535725880616,2.712890729469875
jp2k_sailing4_img39.bmp,3.180099772143276,2.78373883045269
jp2k_sailing4_img52.bmp,3.1784058385002663,2.753326789672955
jp2k_sailing4_img70.bmp,3.18093605991932,2.7987531245802035
jp2k_sailing4_img90.bmp,3.1810276247394675,2.800397033747368
jp2k_statue_img102.bmp,3.2078852766067545,3.2825859360142156
jp2k_statue_img116.bmp,3.207213472544499,3.2705247005451548
jp2k_statue_img162.bmp,3.207750611977813,3.280168234350487
jp2k_statue_img169.bmp,3.205927735085371,3.2474412107045816
jp2k_statue_img207.bmp,3.2078522637683182,3.2819932399585454
jp2k_statue_img227.bmp,3.20555594938574,3.240766355461486
jp2k_statue_img92.bmp,3.207499823924852,3.275665710579733
jp2k_statue_img95.bmp,3.2078522637683182,3.2819932399585454
jp2k_stream_img112.bmp,3.2262062273607164,3.6115111591197397
jp2k_stream_img17.bmp,3.2216353433911795,3.5294477853538204
jp2k_stream_img175.bmp,3.209710029898833,3.315346647604452
jp2k_stream_img217.bmp,3.2253302894490226,3.595785006208807
jp2k_stream_img223.bmp,3.2262062273607164,3.6115111591197397
jp2k_stream_img71.bmp,3.21723230920278,3.450397902942701
jp2k_stream_img8.bmp,3.223387119107634,3.560898293905681
jp2k_studentsculpture_img142.bmp,3.258666224773941,4.194281782464208
jp2k_studentsculpture_img171.bmp,3.260143511681239,4.220804255675308
jp2k_studentsculpture_img190.bmp,3.260951563865591,4.2353116220553755
jp2k_studentsculpture_img2.bmp,3.2605188397456644,4.227542708771264
jp2k_studentsculpture_img218.bmp,3.253015918484067,4.092838998081991
jp2k_studentsculpture_img34.bmp,3.260888232257649,4.234174597915544
jp2k_studentsculpture_img60.bmp,3.255928498063346,4.145130000923084
jp2k_studentsculpture_img87.bmp,3.260951563865591,4.2353116220553755
jp2k_womanhat_img186.bmp,3.165591392702847,2.523262613446826
jp2k_womanhat_img191.bmp,3.158370369640293,2.3936199625932897
jp2k_womanhat_img195.bmp,3.165180221385011,2.5158806484347442
jp2k_womanhat_img226.bmp,3.162218981452133,2.4627160218456874
jp2k_womanhat_img42.bmp,3.163302094634183,2.4821616963545416
jp2k_womanhat_img75.bmp,3.1655116193483224,2.521830402379435
jp2k_womanhat_img97.bmp,3.165591392702847,2.523262613446826
jp2k_womanhat_img99.bmp,3.163522713795933,2.4861225828813653
jp2k_woman_img10.bmp,3.1345047878725385,1.9651491963693108
jp2k_woman_img104.bmp,3.13414295427793,1.9586530162620712
jp2k_woman_img134.bmp,3.1397441589103288,2.0592142539463643
jp2k_woman_img150.bmp,3.1390571314266875,2.046879704753416
jp2k_woman_img152.bmp,3.1277573282020086,1.8440086667467073
jp2k_woman_img155.bmp,3.1157527129326628,1.62848378439792
jp2k_woman_img23.bmp,3.136581208272066,2.0024282138366605
jp2k_woman_img76.bmp,3.1397441589103288,2.0592142539463643
jpeg_bikes_img179.bmp,3.195954970713652,3.0683951671886804
jpeg_bikes_img183.bmp,3.191068811115068,2.9806714918359747
jpeg_bikes_img188.bmp,3.1923907561317204,3.0044050341272555
jpeg_bikes_img203.bmp,3.1946856656577687,3.04560669653002
jpeg_bikes_img226.bmp,3.1952305452367438,3.055389193054731
jpeg_bikes_img29.bmp,3.1920064919813638,2.9975061469960744
jpeg_bikes_img42.bmp,3.195954970713652,3.0683951671886804
jpeg_bikes_img77.bmp,3.1924401244672307,3.0052913686297678
jpeg_bikes_img81.bmp,3.1930190182273943,3.0156845388190954
jpeg_building2_img113.bmp,3.259362184671266,4.206776699762681
jpeg_building2_img171.bmp,3.2588636631695334,4.197826493063124
jpeg_building2_img192.bmp,3.256259161957457,4.151066575755031
jpeg_building2_img205.bmp,3.256676438808673,4.1585581564719005
jpeg_building2_img224.bmp,3.259362184671266,4.206776699762681
jpeg_building2_img225.bmp,3.2579382376587454,4.181211864450706
jpeg_building2_img36.bmp,3.256646211541348,4.1580154711723045
jpeg_building2_img60.bmp,3.256940619952756,4.163301133128773
jpeg_building2_img62.bmp,3.256646211541348,4.1580154711723045
jpeg_buildings_img157.bmp,3.253735891818989,4.105765040676592
jpeg_buildings_img162.bmp,3.2514270563975884,4.0643133596859675
jpeg_buildings_img163.bmp,3.2533432941857168,4.098716538344534
jpeg_buildings_img204.bmp,3.2513340409710114,4.0626434070535975
jpeg_buildings_img227.bmp,3.254159877570346,4.1133770696444945
jpeg_buildings_img43.bmp,3.2525600689323824,4.084654902316219
jpeg_buildings_img66.bmp,3.254159877570346,4.1133770696444945
jpeg_buildings_img84.bmp,3.2525600689323824,4.084654902316219
jpeg_buildings_img90.bmp,3.2525600689323824,4.084654902316219
jpeg_caps_img105.bmp,3.1761907083804357,2.713557446986661
jpeg_caps_img12.bmp,3.1773729641015347,2.734783077252938
jpeg_caps_img126.bmp,3.175184765453821,2.6954972488008977
jpeg_caps_img136.bmp,3.1773729641015347,2.734783077252938
jpeg_caps_img159.bmp,3.175184765453821,2.6954972488008977
jpeg_caps_img207.bmp,3.1751157704546955,2.69425854695702
jpeg_caps_img24.bmp,3.176890000312314,2.726112185973621
jpeg_caps_img63.bmp,3.176340485076789,2.7162464631805068
jpeg_carnivaldolls_img104.bmp,3.276138355710442,4.507967717413556
jpeg_carnivaldolls_img14.bmp,3.2770672192470407,4.5246440706287
jpeg_carnivaldolls_img153.bmp,3.2770795517481144,4.5248654822094405
jpeg_carnivaldolls_img176.bmp,3.277359210933838,4.529886343915418
jpeg_carnivaldolls_img216.bmp,3.2769221047903283,4.522038757962836
jpeg_carnivaldolls_img5.bmp,3.2770795517481144,4.5248654822094405
jpeg_carnivaldolls_img80.bmp,3.276138355710442,4.507967717413556
jpeg_cemetry_img117.bmp,3.216966089816461,3.4456183327000938
jpeg_cemetry_img123.bmp,3.2174945799855603,3.4551065819244102
jpeg_cemetry_img128.bmp,3.2146443006026004,3.4039340857726796
jpeg_cemetry_img213.bmp,3.21316322703032,3.3773436286648435
jpeg_cemetry_img46.bmp,3.2135194113206165,3.383738383976714
jpeg_cemetry_img55.bmp,3.216050076649079,3.429172688612351
jpeg_cemetry_img78.bmp,3.2135194113206165,3.383738383976714
jpeg_cemetry_img82.bmp,3.2174945799855603,3.4551065819244102
jpeg_churchandcapitol_img118.bmp,3.258377328213172,4.18909507752834
jpeg_churchandcapitol_img132.bmp,3.2583321044034594,4.1882831517773695
jpeg_churchandcapitol_img195.bmp,3.259472090769881,4.208749899106594
jpeg_churchandcapitol_img2.bmp,3.258121796594196,4.184507390136405
jpeg_churchandcapitol_img21.bmp,3.257849389045882,4.179616720716018
jpeg_churchandcapitol_img22.bmp,3.258377328213172,4.18909507752834
jpeg_churchandcapitol_img4.bmp,3.2579855425265123,4.182061152481287
jpeg_coinsinfountain_img101.bmp,3.2679079664134925,4.360203408011708
jpeg_coinsinfountain_img112.bmp,3.268024642945681,4.362298160347258
jpeg_coinsinfountain_img129.bmp,3.2674059790643764,4.351190977214772
jpeg_coinsinfountain_img182.bmp,3.268024642945681,4.362298160347258
jpeg_coinsinfountain_img184.bmp,3.268206177210644,4.365557336107627
jpeg_coinsinfountain_img230.bmp,3.268206177210644,4.365557336107627
jpeg_coinsinfountain_img49.bmp,3.26739849062417,4.3510565334897375
jpeg_coinsinfountain_img73.bmp,3.2674728196062386,4.352390999006205
jpeg_dancers_img119.bmp,3.2773867668625183,4.530381069331732
jpeg_dancers_img155.bmp,3.277712090938092,4.536221775721739
jpeg_dancers_img186.bmp,3.2770632557825934,4.524572912562444
jpeg_dancers_img187.bmp,3.2770632557825934,4.524572912562444
jpeg_dancers_img39.bmp,3.276681422366119,4.517717665616495
jpeg_dancers_img41.bmp,3.2764394289614547,4.513373036580141
jpeg_dancers_img61.bmp,3.2776394895570977,4.5349183266943385
jpeg_dancers_img68.bmp,3.277712090938092,4.536221775721739
jpeg_flowersonih35_img115.bmp,3.268845765373033,4.377040183359099
jpeg_flowersonih35_img125.bmp,3.268845765373033,4.377040183359099
jpeg_flowersonih35_img134.bmp,3.266618015464502,4.337044271273123
jpeg_flowersonih35_img198.bmp,3.2686052005160224,4.372721201755674
jpeg_flowersonih35_img229.bmp,3.2670196188012053,4.344254457518316
jpeg_flowersonih35_img27.bmp,3.2676426269757943,4.355439635928281
jpeg_flowersonih35_img74.bmp,3.268806794229832,4.376340514867854
jpeg_flowersonih35_img79.bmp,3.26560427500972,4.318844080151049
jpeg_house_img120.bmp,3.186318875874605,2.895393520747696
jpeg_house_img140.bmp,3.1869011573686787,2.905847512624021
jpeg_house_img147.bmp,3.18679267773741,2.903899923364232
jpeg_house_img151.bmp,3.186421405475357,2.897234286123643
jpeg_house_img160.bmp,3.18679267773741,2.903899923364232
jpeg_house_img50.bmp,3.1851019557517937,2.8735455430814327
jpeg_house_img51.bmp,3.185586193352549,2.88223930373848
jpeg_house_img54.bmp,3.1869011573686787,2.905847512624021
jpeg_house_img75.bmp,3.185325763581842,2.8775636773704227
jpeg_lighthouse2_img133.bmp,3.1911131337096954,2.9814672376202527
jpeg_lighthouse2_img141.bmp,3.190866496627084,2.977039238303324
jpeg_lighthouse2_img181.bmp,3.1892613296849284,2.9482208706508697
jpeg_lighthouse2_img232.bmp,3.1894623883434683,2.9518305776472844
jpeg_lighthouse2_img64.bmp,3.1910044693840423,2.9795163324494967
jpeg_lighthouse2_img69.bmp,3.189709627194734,2.956269380818859
jpeg_lighthouse2_img95.bmp,3.1911131337096954,2.9814672376202527
jpeg_lighthouse2_img97.bmp,3.191017905906735,2.979757565084408
jpeg_lighthouse_img131.bmp,3.213937574502788,3.3912458774380214
jpeg_lighthouse_img161.bmp,3.213878556096665,3.390186290374988
jpeg_lighthouse_img202.bmp,3.212200758270397,3.360063944010848
jpeg_lighthouse_img231.bmp,3.21199929741996,3.3564470162614675
jpeg_lighthouse_img3.bmp,3.212200758270397,3.360063944010848
jpeg_lighthouse_img44.bmp,3.2115473123499534,3.3483323014746227
jpeg_lighthouse_img57.bmp,3.2121930986670364,3.359926427307808
jpeg_lighthouse_img86.bmp,3.2111406453898983,3.341031205458258
jpeg_manfishing_img114.bmp,3.2845391356343114,4.658791135249643
jpeg_manfishing_img135.bmp,3.2845090055989203,4.658250195603754
jpeg_manfishing_img148.bmp,3.284434691797477,4.65691600263267
jpeg_manfishing_img174.bmp,3.284453552017068,4.657254609619834
jpeg_manfishing_img193.bmp,3.2845391356343114,4.658791135249643
jpeg_manfishing_img33.bmp,3.2842921782027013,4.6543573845463735
jpeg_manfishing_img92.bmp,3.284019143472888,4.649455455021785
jpeg_manfishing_img93.bmp,3.2836629247737807,4.643060081951265
jpeg_monarch_img170.bmp,3.18312762495582,2.8380993914995134
jpeg_monarch_img178.bmp,3.1816307744939607,2.8112256839755663
jpeg_monarch_img18.bmp,3.180996129506044,2.79983158401609
jpeg_monarch_img209.bmp,3.18312762495582,2.8380993914995134
jpeg_monarch_img211.bmp,3.1819489545266446,2.8169381297783938
jpeg_monarch_img48.bmp,3.1819489545266446,2.8169381297783938
jpeg_monarch_img94.bmp,3.181789286111318,2.8140715225897424
jpeg_monarch_img96.bmp,3.182008925909855,2.8180148261173223
jpeg_ocean_img143.bmp,3.198704753652777,3.1177634002509187
jpeg_ocean_img156.bmp,3.1979509224681006,3.1042294906883976
jpeg_ocean_img164.bmp,3.197523159715365,3.0965496513192843
jpeg_ocean_img169.bmp,3.19867984894568,3.1173162735461815
jpeg_ocean_img194.bmp,3.198306811854154,3.1106189514364018
jpeg_ocean_img28.bmp,3.19867984894568,3.1173162735461815
jpeg_ocean_img30.bmp,3.198728412731443,3.118188163563324
jpeg_ocean_img8.bmp,3.1985646017699256,3.115247183164012
jpeg_ocean_img98.bmp,3.198549670998512,3.11497912353194
jpeg_paintedhouse_img152.bmp,3.2277394285955285,3.639037490312852
jpeg_paintedhouse_img172.bmp,3.231192153873879,3.701025999957087
jpeg_paintedhouse_img20.bmp,3.231192153873879,3.701025999957087
jpeg_paintedhouse_img215.bmp,3.2283797993806687,3.650534388383326
jpeg_paintedhouse_img228.bmp,3.229729618813032,3.6747683740484174
jpeg_paintedhouse_img23.bmp,3.227477874587956,3.6343416799561616
jpeg_paintedhouse_img56.bmp,3.2284775261447525,3.652288926022302
jpeg_paintedhouse_img91.bmp,3.227477874587956,3.6343416799561616
jpeg_parrots_img103.bmp,3.210829288154315,3.335441252755743
jpeg_parrots_img109.bmp,3.2112701981437937,3.343357131063934
jpeg_parrots_img142.bmp,3.2112701981437937,3.343357131063934
jpeg_parrots_img149.bmp,3.210782138948309,3.3345947593988705
jpeg_parrots_img196.bmp,3.212554339032893,3.366411956881558
jpeg_parrots_img233.bmp,3.212554339032893,3.366411956881558
jpeg_parrots_img32.bmp,3.2109394685043995,3.3374193758739192
jpeg_parrots_img72.bmp,3.2111128023257205,3.3405313249542594
jpeg_plane_img165.bmp,3.302648365531075,4.983915227555505
jpeg_plane_img17.bmp,3.303072070955814,4.991522223678949
jpeg_plane_img191.bmp,3.3031196546567028,4.992376517740499
jpeg_plane_img201.bmp,3.303544278349989,5.0
jpeg_plane_img25.bmp,3.30280089544158,4.986653673584687
jpeg_plane_img40.bmp,3.3030508300990125,4.991140875917242
jpeg_plane_img76.bmp,3.3031196546567028,4.992376517740499
jpeg_rapids_img110.bmp,3.206261134599938,3.253426899503423
jpeg_rapids_img139.bmp,3.2067646385432305,3.2624665584767003
jpeg_rapids_img146.bmp,3.206614861915952,3.259777543522992
jpeg_rapids_img199.bmp,3.2050634135238685,3.2319236119581998
jpeg_rapids_img31.bmp,3.2067646385432305,3.2624665584767003
jpeg_rapids_img35.bmp,3.2055066581109664,3.239881404469047
jpeg_rapids_img9.bmp,3.2057890550455816,3.244951418354793
jpeg_sailing1_img102.bmp,3.256461450652875,4.154698366220803
jpeg_sailing1_img106.bmp,3.256728205340652,4.159487546999127
jpeg_sailing1_img121.bmp,3.255954581605124,4.1455982918384375
jpeg_sailing1_img122.bmp,3.256752125074504,4.159916989984902
jpeg_sailing1_img175.bmp,3.2550458963424447,4.12928420930127
jpeg_sailing1_img210.bmp,3.255996785010605,4.146355990756473
jpeg_sailing1_img71.bmp,3.2564124775717023,4.153819127917771
jpeg_sailing1_img88.bmp,3.256752125074504,4.159916989984902
jpeg_sailing2_img111.bmp,3.1743998687341275,2.6814056040982255
jpeg_sailing2_img124.bmp,3.180461540509782,2.7902338394870716
jpeg_sailing2_img144.bmp,3.175018622064748,2.6925143931591626
jpeg_sailing2_img177.bmp,3.180904116680724,2.798179631587236
jpeg_sailing2_img219.bmp,3.175030737392163,2.6927319057122237
jpeg_sailing2_img52.bmp,3.175030737392163,2.6927319057122237
jpeg_sailing2_img67.bmp,3.1746797938655504,2.686431240460805
jpeg_sailing2_img99.bmp,3.1741494432620403,2.676909589923864
jpeg_sailing3_img108.bmp,3.179387816567802,2.770956734717105
jpeg_sailing3_img145.bmp,3.183086846233465,2.8373672706326074
jpeg_sailing3_img19.bmp,3.18002451962219,2.782387784176768
jpeg_sailing3_img206.bmp,3.1799063533458174,2.7802662857162668
jpeg_sailing3_img222.bmp,3.18002451962219,2.782387784176768
jpeg_sailing3_img223.bmp,3.183086846233465,2.8373672706326074
jpeg_sailing3_img38.bmp,3.179735941790355,2.7772068015414018
jpeg_sailing3_img83.bmp,3.1794301083966463,2.7717160211441563
jpeg_sailing4_img15.bmp,3.1803097646877365,2.787508931986431
jpeg_sailing4_img166.bmp,3.1850518381010726,2.8726457557469036
jpeg_sailing4_img173.bmp,3.18093605991932,2.7987531245802035
jpeg_sailing4_img197.bmp,3.1850518381010726,2.8726457557469036
jpeg_sailing4_img214.bmp,3.180848739375797,2.797185415041233
jpeg_sailing4_img37.bmp,3.1799615367947407,2.78125702186815
jpeg_sailing4_img47.bmp,3.1794496976221023,2.7720677163394605
jpeg_sailing4_img6.bmp,3.18093605991932,2.7987531245802035
jpeg_statue_img11.bmp,3.207275362896553,3.2716358490947477
jpeg_statue_img13.bmp,3.207823501047951,3.281476848405456
jpeg_statue_img130.bmp,3.2077196799994976,3.2796128970208263
jpeg_statue_img208.bmp,3.2078522637683182,3.2819932399585454
jpeg_statue_img218.bmp,3.2112923948637957,3.343755639917373
jpeg_statue_img221.bmp,3.2112923948637957,3.343755639917373
jpeg_statue_img70.bmp,3.207819774869021,3.281409950445176
jpeg_statue_img87.bmp,3.2078522637683182,3.2819932399585454
jpeg_stream_img100.bmp,3.2208297354881417,3.514984302382829
jpeg_stream_img137.bmp,3.2253712845233355,3.5965210113509913
jpeg_stream_img16.bmp,3.2226529174586283,3.5477168032479702
jpeg_stream_img185.bmp,3.224006315748188,3.5720150419323287
jpeg_stream_img212.bmp,3.2262062273607164,3.6115111591197397
jpeg_stream_img217.bmp,3.2203762652819847,3.506842924201371
jpeg_stream_img7.bmp,3.2262062273607164,3.6115111591197397
jpeg_stream_img85.bmp,3.2219225824645488,3.5346047325866037
jpeg_studentsculpture_img127.bmp,3.2589655573688763,4.199655850758701
jpeg_studentsculpture_img158.bmp,3.260951563865591,4.2353116220553755
jpeg_studentsculpture_img180.bmp,3.2589655573688763,4.199655850758701
jpeg_studentsculpture_img200.bmp,3.2597141463705768,4.213095644779512
jpeg_studentsculpture_img34.bmp,3.260951563865591,4.2353116220553755
jpeg_studentsculpture_img45.bmp,3.2600559934518856,4.219232996983417
jpeg_studentsculpture_img53.bmp,3.260864976922722,4.233757083217098
jpeg_studentsculpture_img59.bmp,3.2600948399019387,4.219930426795995
jpeg_womanhat_img1.bmp,3.1645480934489214,2.504531738369879
jpeg_womanhat_img107.bmp,3.164966556006384,2.512044606666029
jpeg_womanhat_img138.bmp,3.1672197700679767,2.552497689470891
jpeg_womanhat_img154.bmp,3.167536075247286,2.5581764750902014
jpeg_womanhat_img168.bmp,3.1655085882002822,2.521775982657514
jpeg_womanhat_img190.bmp,3.165591392702847,2.523262613446826
jpeg_womanhat_img26.bmp,3.165591392702847,2.523262613446826
jpeg_womanhat_img89.bmp,3.164699960110473,2.507258276757761
jpeg_woman_img10.bmp,3.1397441589103288,2.0592142539463643
jpeg_woman_img116.bmp,3.139335451752116,2.0518765292286205
jpeg_woman_img150.bmp,3.137844043648961,2.025100531101692
jpeg_woman_img167.bmp,3.134305183766994,1.961565603692778
jpeg_woman_img189.bmp,3.1397441589103288,2.0592142539463643
jpeg_woman_img220.bmp,3.1285546768029704,1.858323866322664
jpeg_woman_img58.bmp,3.139277931641921,2.050843841824286
jpeg_woman_img65.bmp,3.135644226747944,1.9856061143175694
wn_bikes_img152.bmp,3.195954970713652,3.0683951671886804
wn_bikes_img29.bmp,3.224128957117252,3.5742168839777015
wn_bikes_img68.bmp,3.199081309156228,3.12452389017568
wn_bikes_img87.bmp,3.2741298987355574,4.4719088814157075
wn_bikes_img95.bmp,3.196335952318492,3.075235121132881
wn_bikes_img97.bmp,3.216614591479553,3.439307706661013
wn_building2_img102.bmp,3.258602017687977,4.193129040428094
wn_building2_img118.bmp,3.1995392473840845,3.132745484992954
wn_building2_img121.bmp,3.258795014946376,4.1965940170622265
wn_building2_img136.bmp,3.2733865633465715,4.458563408140445
wn_building2_img156.bmp,3.259362184671266,4.206776699762681
wn_building2_img36.bmp,3.2577619087455822,4.178046142983462
wn_building2_img48.bmp,3.259011701992064,4.200484308336094
wn_buildings_img103.bmp,3.253964176789916,4.1098635553225895
wn_buildings_img130.bmp,3.2579818047602807,4.181994046488363
wn_buildings_img159.bmp,3.254159877570346,4.1133770696444945
wn_buildings_img4.bmp,3.277169285249133,4.526476512785253
wn_buildings_img46.bmp,3.254070268710233,4.111768276809411
wn_buildings_img61.bmp,3.2602928755732066,4.223485860584852
wn_caps_img110.bmp,3.181464621827269,2.8082426617680873
wn_caps_img132.bmp,3.178211612163084,2.7498397467706175
wn_caps_img144.bmp,3.1923814206309267,3.0042374291965603
wn_caps_img163.bmp,3.1773729641015347,2.734783077252938
wn_caps_img64.bmp,3.177518095665089,2.7373886970465158
wn_caps_img80.bmp,3.265476793049612,4.316555332545443
wn_carnivaldolls_img135.bmp,3.2720714983433705,4.434953386183336
wn_carnivaldolls_img14.bmp,3.277080949736863,4.5248905810030156
wn_carnivaldolls_img166.bmp,3.2770795517481144,4.5248654822094405
wn_carnivaldolls_img47.bmp,3.2796504171521725,4.571021518976322
wn_carnivaldolls_img71.bmp,3.2733926201619923,4.458672149187257
wn_carnivaldolls_img90.bmp,3.2767214630216603,4.5184365355995055
wn_cemetry_img169.bmp,3.2174945799855603,3.4551065819244102
wn_cemetry_img23.bmp,3.2769594323180886,4.522708917801232
wn_cemetry_img45.bmp,3.2182201070015406,3.468132332542117
wn_cemetry_img63.bmp,3.219451804115822,3.490245608951962
wn_cemetry_img65.bmp,3.238104407411063,3.8251251565681876
wn_cemetry_img9.bmp,3.230530039960424,3.6891387365923674
wn_churchandcapitol_img13.bmp,3.258439886582064,4.190218219319462
wn_churchandcapitol_img172.bmp,3.258377328213172,4.18909507752834
wn_churchandcapitol_img18.bmp,3.2586220474251046,4.193488644350506
wn_churchandcapitol_img20.bmp,3.2778578831653498,4.538839256742338
wn_churchandcapitol_img62.bmp,3.2610883607407217,4.237767605004993
wn_churchandcapitol_img93.bmp,3.2625535808532806,4.26407343699452
wn_coinsinfountain_img124.bmp,3.2657992797176867,4.322345097534694
wn_coinsinfountain_img146.bmp,3.268024642945681,4.362298160347258
wn_coinsinfountain_img24.bmp,3.269383079736908,4.386686857780575
wn_coinsinfountain_img31.bmp,3.267836243594445,4.358915732247838
wn_coinsinfountain_img8.bmp,3.267912660243903,4.36028767870463
wn_coinsinfountain_img92.bmp,3.263999073635679,4.290025094325676
wn_dancers_img149.bmp,3.277712090938092,4.536221775721739
wn_dancers_img15.bmp,3.2722217016039608,4.437650060698993
wn_dancers_img27.bmp,3.276810416636684,4.520033564490672
wn_dancers_img30.bmp,3.277444760502936,4.53142225826179
wn_dancers_img50.bmp,3.27201593095038,4.433955756890935
wn_dancers_img51.bmp,3.273601701501457,4.462425891400434
wn_flowersonih35_img122.bmp,3.267610507845543,4.354862985064154
wn_flowersonih35_img133.bmp,3.268865335100124,4.3773915284904685
wn_flowersonih35_img153.bmp,3.268845765373033,4.377040183359099
wn_flowersonih35_img49.bmp,3.2678205338812703,4.35863368788342
wn_flowersonih35_img53.bmp,3.271954860802767,4.432859333883281
wn_flowersonih35_img72.bmp,3.2687709097830773,4.375696263386953
wn_house_img109.bmp,3.201285504200925,3.1640969099704264
wn_house_img160.bmp,3.1869011573686787,2.905847512624021
wn_house_img38.bmp,3.2106910983311323,3.332960261510709
wn_house_img54.bmp,3.187160523997843,2.9105040518784318
wn_house_img70.bmp,3.1889543750831404,2.942709960642308
wn_house_img83.bmp,3.2247204733062365,3.5848366709661126
wn_lighthouse2_img108.bmp,3.20301309479985,3.195113210970175
wn_lighthouse2_img125.bmp,3.191174933842893,2.9825767664254412
wn_lighthouse2_img137.bmp,3.2762395801441877,4.509785050471249
wn_lighthouse2_img167.bmp,3.1911131337096954,2.9814672376202527
wn_lighthouse2_img32.bmp,3.211298271412991,3.343861144554174
wn_lighthouse2_img6.bmp,3.1918637003021644,2.9949425363205684
wn_lighthouse_img114.bmp,3.213171027958081,3.3774836826357704
wn_lighthouse_img164.bmp,3.212200758270397,3.360063944010848
wn_lighthouse_img40.bmp,3.2147874251059623,3.4065036718073993
wn_lighthouse_img43.bmp,3.212443515216867,3.364422281296417
wn_lighthouse_img66.bmp,3.268502673547241,4.370880483632816
wn_lighthouse_img96.bmp,3.226875078803822,3.6235193847354514
wn_manfishing_img143.bmp,3.2813324730066107,4.601220311857056
wn_manfishing_img170.bmp,3.2845391356343114,4.658791135249643
wn_manfishing_img37.bmp,3.284301457004359,4.654523971529025
wn_manfishing_img41.bmp,3.278958400829035,4.558597402644291
wn_manfishing_img59.bmp,3.284544484316795,4.658887162830464
wn_manfishing_img73.bmp,3.2793533775746884,4.56568861837486
wn_monarch_img1.bmp,3.1834203190011063,2.843354274580661
wn_monarch_img140.bmp,3.2080060805652,3.2847547901046683
wn_monarch_img17.bmp,3.1955051999477213,3.0603202069141364
wn_monarch_img173.bmp,3.1819489545266446,2.8169381297783938
wn_monarch_img34.bmp,3.266327624215192,4.331830731443782
wn_monarch_img82.bmp,3.182870109806617,2.8334760927939993
wn_ocean_img120.bmp,3.217072010830101,3.4475199858135697
wn_ocean_img147.bmp,3.19867984894568,3.1173162735461815
wn_ocean_img21.bmp,3.2074385281947397,3.2745652375762693
wn_ocean_img42.bmp,3.275666148775521,4.499489949337722
wn_ocean_img99.bmp,3.198727770490626,3.118176633091634
wn_paintedhouse_img111.bmp,3.2298576824611,3.6770675649898763
wn_paintedhouse_img142.bmp,3.230074526056182,3.680960666873568
wn_paintedhouse_img150.bmp,3.231192153873879,3.701025999957087
wn_paintedhouse_img26.bmp,3.2318445651810563,3.7127390675621323
wn_paintedhouse_img39.bmp,3.240482277975806,3.8678162601319603
wn_paintedhouse_img94.bmp,3.276148366943149,4.508147454098397
wn_parrots_img104.bmp,3.2671756348441914,4.347055491833423
wn_parrots_img154.bmp,3.2112701981437937,3.343357131063934
wn_parrots_img22.bmp,3.211735136795687,3.35170440800704
wn_parrots_img67.bmp,3.2135363414901814,3.384042339807181
wn_parrots_img69.bmp,3.2198697016577302,3.4977483332403083
wn_parrots_img75.bmp,3.211316754381702,3.3441929785669715
wn_plane_img10.bmp,3.3013764381135005,4.96107967632139
wn_plane_img105.bmp,3.278643836489433,4.552949871193867
wn_plane_img129.bmp,3.2947512836798154,4.842134953993747
wn_plane_img139.bmp,3.298473352848461,4.908959129668485
wn_plane_img157.bmp,3.3031196546567028,4.992376517740499
wn_plane_img78.bmp,3.30232922861792,4.978185602397374
wn_rapids_img101.bmp,3.207062923082088,3.2678218104944747
wn_rapids_img107.bmp,3.2082062915677643,3.2883492787079627
wn_rapids_img116.bmp,3.226590594536152,3.618411895911869
wn_rapids_img161.bmp,3.2067646385432305,3.2624665584767003
wn_rapids_img74.bmp,3.214199334660337,3.3959453889086975
wn_rapids_img77.bmp,3.2653197522130046,4.313735899596172
wn_sailing1_img141.bmp,3.258117815836677,4.184435921598952
wn_sailing1_img165.bmp,3.256752125074504,4.159916989984902
wn_sailing1_img52.bmp,3.277527698115337,4.532911278838789
wn_sailing1_img56.bmp,3.255867139554942,4.144028400829441
wn_sailing1_img76.bmp,3.256186961571492,4.149770325992627
wn_sailing1_img79.bmp,3.2567180366609616,4.159304983589579
wn_sailing2_img113.bmp,3.2690984504991896,4.381576766236953
wn_sailing2_img117.bmp,3.176261099316106,2.7148212107798626
wn_sailing2_img12.bmp,3.181497392618514,2.8088310122290645
wn_sailing2_img128.bmp,3.198365621241143,3.1116747858740204
wn_sailing2_img168.bmp,3.175030737392163,2.6927319057122237
wn_sailing2_img81.bmp,3.175378169380954,2.698969526562898
wn_sailing3_img123.bmp,3.2061828341759995,3.2520211326980277
wn_sailing3_img171.bmp,3.18002451962219,2.782387784176768
wn_sailing3_img5.bmp,3.180275997172087,2.7869026868320246
wn_sailing3_img58.bmp,3.2764560085354937,4.513670697993188
wn_sailing3_img84.bmp,3.1808641862191784,2.7974627399723295
wn_sailing3_img89.bmp,3.193429562745949,3.023055250589125
wn_sailing4_img100.bmp,3.182798781443024,2.832195498886858
wn_sailing4_img126.bmp,3.1957208253522253,3.064191438011047
wn_sailing4_img127.bmp,3.1812416134116432,2.804238879767407
wn_sailing4_img134.bmp,3.2178023204499624,3.460631600918862
wn_sailing4_img174.bmp,3.18093605991932,2.7987531245802035
wn_sailing4_img86.bmp,3.1906561864100382,2.9732634334342336
wn_statue_img145.bmp,3.263054230520064,4.27306185170923
wn_statue_img148.bmp,3.2078522637683182,3.2819932399585454
wn_statue_img25.bmp,3.209038914479054,3.3032977756793596
wn_statue_img55.bmp,3.208261306730124,3.2893369935267214
wn_statue_img85.bmp,3.207971900838256,3.284141144314028
wn_statue_img91.bmp,3.214803803941914,3.406797729268822
wn_stream_img106.bmp,3.2441900209826446,3.9343832310343085
wn_stream_img131.bmp,3.2546189753121944,4.12161948179835
wn_stream_img138.bmp,3.226022322667093,3.6082094258640494
wn_stream_img151.bmp,3.2262062273607164,3.6115111591197397
wn_stream_img2.bmp,3.234700821651204,3.764018873359699
wn_stream_img88.bmp,3.226843155599971,3.6229462514363147
wn_studentsculpture_img112.bmp,3.2635887326605566,4.282658036873034
wn_studentsculpture_img155.bmp,3.260951563865591,4.2353116220553755
wn_studentsculpture_img16.bmp,3.2615586645403525,4.246211205137888
wn_studentsculpture_img19.bmp,3.261002747043824,4.236230539340054
wn_studentsculpture_img44.bmp,3.266148576268112,4.3286161937961065
wn_studentsculpture_img57.bmp,3.2781024123206937,4.543229411383189
wn_womanhat_img11.bmp,3.166024324689019,2.531035258657953
wn_womanhat_img119.bmp,3.1849393396128907,2.8706260139321245
wn_womanhat_img162.bmp,3.165591392702847,2.523262613446826
wn_womanhat_img28.bmp,3.176001022613148,2.710151923214292
wn_womanhat_img3.bmp,3.167577600178001,2.558921993010281
wn_womanhat_img60.bmp,3.264730186847384,4.303151136718615
wn_woman_img115.bmp,3.161568611668155,2.451039606731162
wn_woman_img158.bmp,3.1397441589103288,2.0592142539463643
wn_woman_img33.bmp,3.273434251579614,4.4594195789202065
wn_woman_img35.bmp,3.1419199495941825,2.098277315996392
wn_woman_img7.bmp,3.17680308812327,2.7245518078275435
wn_woman_img98.bmp,3.139761924258293,2.0595332041537615
