image_name,Sharpness_Score,Sharpness_Score_to_MOS_scale
fastfading_bikes_img152.bmp,2388.3180487404265,1.0759244919690905
fastfading_bikes_img31.bmp,1.943016011882314,1.0000137705550571
fastfading_bikes_img32.bmp,645.3972650987562,1.0204820857088832
fastfading_bikes_img33.bmp,2042.9156749939743,1.0649372234091972
fastfading_bikes_img34.bmp,2060.6734745068825,1.0655020999911522
fastfading_bikes_img35.bmp,446.2838111829993,1.0141482757575182
fastfading_building2_img156.bmp,4995.730834102173,1.1588664364859478
fastfading_building2_img51.bmp,9.040024184845388,1.0002395267764819
fastfading_building2_img52.bmp,1677.673876247173,1.0533188616457791
fastfading_building2_img53.bmp,1413.7901324525103,1.044924705200895
fastfading_building2_img54.bmp,4197.254958890369,1.1334668748547125
fastfading_building2_img55.bmp,4242.479932456455,1.134905483758279
fastfading_buildings_img159.bmp,3751.4988242914937,1.11928734762699
fastfading_buildings_img66.bmp,175.573955125945,1.0055369803050662
fastfading_buildings_img67.bmp,10.483721077028244,1.0002854508542507
fastfading_buildings_img68.bmp,157.66929144471774,1.0049674319658166
fastfading_buildings_img69.bmp,2.5561796434469417,1.0000332753239969
fastfading_buildings_img70.bmp,3384.132390458964,1.1076014011043085
fastfading_caps_img163.bmp,392.66196588509615,1.0124425619010247
fastfading_caps_img86.bmp,1.857606052052385,1.0000110536595241
fastfading_caps_img87.bmp,3.1384392280338527,1.0000517970334977
fastfading_caps_img88.bmp,12.343390541144702,1.0003446070424762
fastfading_caps_img89.bmp,214.7703758593028,1.0067838206105129
fastfading_caps_img90.bmp,308.27830451385427,1.0097583129785388
fastfading_carnivaldolls_img101.bmp,77.7675656754865,1.0024257536620365
fastfading_carnivaldolls_img102.bmp,498.17006447268864,1.0157987803365023
fastfading_carnivaldolls_img103.bmp,31.403819346862,1.0009509203340834
fastfading_carnivaldolls_img104.bmp,1826.5883881861048,1.0580558404840876
fastfading_carnivaldolls_img105.bmp,1844.121396769062,1.0586135664541625
fastfading_carnivaldolls_img166.bmp,1973.4889954004848,1.0627287569020292
fastfading_cemetry_img116.bmp,1.7207442000950743,1.0000067000764645
fastfading_cemetry_img117.bmp,6.70358434614059,1.0001652044963438
fastfading_cemetry_img118.bmp,367.8264533620453,1.0116525428778385
fastfading_cemetry_img119.bmp,2255.442458641803,1.0716977121191653
fastfading_cemetry_img120.bmp,2.3844205399518104,1.0000278116574413
fastfading_cemetry_img169.bmp,2571.142465799704,1.0817401467596126
fastfading_churchandcapitol_img131.bmp,3.244860462053332,1.0000551822988217
fastfading_churchandcapitol_img132.bmp,1.9066946638486084,1.000012615170973
fastfading_churchandcapitol_img133.bmp,2092.7721476147017,1.0665231605531469
fastfading_churchandcapitol_img134.bmp,2017.6225613982792,1.0641326480706508
fastfading_churchandcapitol_img135.bmp,965.2180342594474,1.030655602015924
fastfading_churchandcapitol_img172.bmp,2340.4487344894937,1.0744017664424876
fastfading_coinsinfountain_img1.bmp,8.8093985454645,1.0002321905621727
fastfading_coinsinfountain_img146.bmp,1243.9246635936202,1.0395212752673912
fastfading_coinsinfountain_img2.bmp,7.509028524011372,1.0001908257200671
fastfading_coinsinfountain_img3.bmp,7.529502666732297,1.0001914770036764
fastfading_coinsinfountain_img4.bmp,355.3319803160056,1.0112550930010986
fastfading_coinsinfountain_img5.bmp,1044.6213609498366,1.0331814262175165
fastfading_dancers_img149.bmp,4043.824530179805,1.1285862444548183
fastfading_dancers_img16.bmp,354.6102753699768,1.011232135526959
fastfading_dancers_img17.bmp,650.2299295628447,1.0206358130320363
fastfading_dancers_img18.bmp,10.585111925524297,1.0002886761027336
fastfading_dancers_img19.bmp,860.3380623675414,1.0273193643252811
fastfading_dancers_img20.bmp,3541.098697553177,1.1125945079906114
fastfading_flowersonih35_img153.bmp,5304.506567887207,1.1686886096084887
fastfading_flowersonih35_img36.bmp,562.1907412987575,1.017835281597465
fastfading_flowersonih35_img37.bmp,2.030556699596345,1.0000165552291618
fastfading_flowersonih35_img38.bmp,4395.953291825495,1.1397874797847871
fastfading_flowersonih35_img39.bmp,4480.0739211977925,1.1424633616448787
fastfading_flowersonih35_img40.bmp,4497.782166600963,1.1430266619078697
fastfading_house_img160.bmp,892.232279458989,1.0283339211301181
fastfading_house_img71.bmp,1.5101165720779035,1.0
fastfading_house_img72.bmp,722.5939659151803,1.022937717019716
fastfading_house_img73.bmp,323.3197910066422,1.0102367834935029
fastfading_house_img74.bmp,736.9106748748777,1.0233931323213767
fastfading_house_img75.bmp,732.7111432770616,1.0232595449896207
fastfading_lighthouse2_img106.bmp,14.767394987840415,1.000421714757624
fastfading_lighthouse2_img107.bmp,38.49134626725895,1.001176374956341
fastfading_lighthouse2_img108.bmp,335.62487181616933,1.0106282087927532
fastfading_lighthouse2_img109.bmp,361.9952558080097,1.0114670521620188
fastfading_lighthouse2_img110.bmp,1276.7355853302608,1.0405649924975535
fastfading_lighthouse2_img167.bmp,1424.8257565096849,1.0452757490108349
fastfading_lighthouse_img164.bmp,1530.2722111370238,1.0486300065485368
fastfading_lighthouse_img91.bmp,31.071901097393688,1.0009403619962605
fastfading_lighthouse_img92.bmp,52.453503839262005,1.0016205119588033
fastfading_lighthouse_img93.bmp,367.3289491336776,1.0116367172408938
fastfading_lighthouse_img94.bmp,525.6239749308437,1.0166720907424245
fastfading_lighthouse_img95.bmp,33.001678186411915,1.001001748311901
fastfading_manfishing_img121.bmp,303.7258009203927,1.0096134975881328
fastfading_manfishing_img122.bmp,506.62113291182817,1.0160676092896785
fastfading_manfishing_img123.bmp,528.7138199556824,1.0167703788830882
fastfading_manfishing_img124.bmp,2054.517175695942,1.0653062677864193
fastfading_manfishing_img125.bmp,2084.6215839829715,1.066263890674469
fastfading_manfishing_img170.bmp,2189.6319923059377,1.0696042775551782
fastfading_monarch_img136.bmp,11.928052081720024,1.0003313951031736
fastfading_monarch_img137.bmp,50.17099217009187,1.0015479051367129
fastfading_monarch_img138.bmp,254.7696629711945,1.0080562001397433
fastfading_monarch_img139.bmp,588.3453689013646,1.0186672617440888
fastfading_monarch_img140.bmp,589.0514684690405,1.0186897228102822
fastfading_monarch_img173.bmp,625.7877254355632,1.019858305170613
fastfading_ocean_img10.bmp,619.4576990423762,1.0196569466819065
fastfading_ocean_img147.bmp,694.0550426834311,1.0220298922976208
fastfading_ocean_img6.bmp,9.031545837713765,1.000239257079792
fastfading_ocean_img7.bmp,255.86475805066436,1.0080910351746224
fastfading_ocean_img8.bmp,3.230762431915436,1.0000547338397054
fastfading_ocean_img9.bmp,838.1905853954701,1.026614851861233
fastfading_paintedhouse_img150.bmp,2297.1048008338475,1.0730229935222229
fastfading_paintedhouse_img21.bmp,4.876212382165249,1.0001070756933794
fastfading_paintedhouse_img22.bmp,1909.3316102977576,1.0606879069432458
fastfading_paintedhouse_img23.bmp,1128.1674923719777,1.0358390332661265
fastfading_paintedhouse_img24.bmp,158.06884691740075,1.0049801418474404
fastfading_paintedhouse_img25.bmp,2059.182895997229,1.0654546846065458
fastfading_parrots_img154.bmp,308.14691667537494,1.00975413352415
fastfading_parrots_img41.bmp,17.150436196450354,1.000497519429909
fastfading_parrots_img42.bmp,9.278999152535109,1.000247128583385
fastfading_parrots_img43.bmp,280.1216490982658,1.00886264821676
fastfading_parrots_img44.bmp,110.55372031775504,1.0034686830495607
fastfading_parrots_img45.bmp,255.42760115851547,1.0080771291897712
fastfading_plane_img157.bmp,901.5137853679807,1.028629166345014
fastfading_plane_img56.bmp,212.5146805445353,1.0067120668181349
fastfading_plane_img57.bmp,269.3671143306356,1.0085205458726245
fastfading_plane_img58.bmp,12.8965532919392,1.0003622031800892
fastfading_plane_img59.bmp,726.7107945507742,1.0230686735656822
fastfading_plane_img60.bmp,849.2398391185692,1.0269663292315976
fastfading_rapids_img161.bmp,1270.5785293760648,1.0403691362080518
fastfading_rapids_img76.bmp,26.360500073364346,1.000790492069824
fastfading_rapids_img77.bmp,409.7633301400474,1.0129865572412178
fastfading_rapids_img78.bmp,386.1727824440589,1.0122361406178477
fastfading_rapids_img79.bmp,1050.5839115114006,1.0333710952797504
fastfading_rapids_img80.bmp,1056.2167980654378,1.0335502777117218
fastfading_sailing1_img100.bmp,35.65112564479285,1.001086027381685
fastfading_sailing1_img165.bmp,1637.2105763775762,1.052031721845133
fastfading_sailing1_img96.bmp,754.2266206434773,1.0239439535113544
fastfading_sailing1_img97.bmp,1783.976449835263,1.0567003523748426
fastfading_sailing1_img98.bmp,1425.1049036675188,1.045284628697322
fastfading_sailing1_img99.bmp,248.09546091508432,1.0078438934042162
fastfading_sailing2_img111.bmp,26.17447513140559,1.0007845746061599
fastfading_sailing2_img112.bmp,3.5492378772290816,1.0000648645611867
fastfading_sailing2_img113.bmp,24.546480040616437,1.0007327879925283
fastfading_sailing2_img114.bmp,250.5517592467927,1.0079220283896273
fastfading_sailing2_img115.bmp,570.8622251062883,1.0181111219756669
fastfading_sailing2_img168.bmp,627.3698266010803,1.0199086318959505
fastfading_sailing3_img126.bmp,3.5742557828089514,1.000065660382143
fastfading_sailing3_img127.bmp,655.8528460599921,1.0208146783159482
fastfading_sailing3_img128.bmp,429.9806082914041,1.0136296699743168
fastfading_sailing3_img129.bmp,663.2425120667423,1.0210497439992074
fastfading_sailing3_img130.bmp,663.9900230295858,1.0210735223641654
fastfading_sailing3_img171.bmp,721.5072098946276,1.0229031472507613
fastfading_sailing4_img141.bmp,19.158284480968085,1.0005613891945844
fastfading_sailing4_img142.bmp,932.4264112387838,1.0296124986789814
fastfading_sailing4_img143.bmp,500.9654174369381,1.0158877006684754
fastfading_sailing4_img144.bmp,270.5152623901765,1.0085570685257257
fastfading_sailing4_img145.bmp,601.9238101309165,1.0190991927085336
fastfading_sailing4_img174.bmp,1211.5169576945034,1.0384903843552604
fastfading_statue_img11.bmp,4.229030549719959,1.0000864888035932
fastfading_statue_img12.bmp,95.8922611315985,1.0030023012241813
fastfading_statue_img13.bmp,746.8905261701334,1.0237105919415277
fastfading_statue_img14.bmp,435.3786854302969,1.0138013831058414
fastfading_statue_img148.bmp,820.5307970806272,1.0260530930208944
fastfading_statue_img15.bmp,741.5997600947545,1.0235422923808521
fastfading_stream_img151.bmp,4610.475050228235,1.1466114287517437
fastfading_stream_img26.bmp,97.58137242955854,1.0030560319477342
fastfading_stream_img27.bmp,3478.178587171767,1.1105930158089563
fastfading_stream_img28.bmp,3497.7520573247784,1.111215648974118
fastfading_stream_img29.bmp,3509.1357014799087,1.1115777633225692
fastfading_stream_img30.bmp,3527.374789754525,1.1121579497265803
fastfading_studentsculpture_img155.bmp,3306.6554370886465,1.1051368549442786
fastfading_studentsculpture_img46.bmp,2.410007281419466,1.0000286255730986
fastfading_studentsculpture_img47.bmp,6.291179971632438,1.0001520858904442
fastfading_studentsculpture_img48.bmp,98.1077327885436,1.0030727754997855
fastfading_studentsculpture_img49.bmp,2847.3989474807063,1.090527880679092
fastfading_studentsculpture_img50.bmp,2844.802969940856,1.0904453024903655
fastfading_womanhat_img162.bmp,524.6250954555601,1.0166403163312214
fastfading_womanhat_img81.bmp,78.8598844518591,1.0024605003825608
fastfading_womanhat_img82.bmp,183.26173763489692,1.0057815290907035
fastfading_womanhat_img83.bmp,419.623327184305,1.0133002042910337
fastfading_womanhat_img84.bmp,301.8686307677469,1.009554420903143
fastfading_womanhat_img85.bmp,18.5905502432364,1.0005433295371682
fastfading_woman_img158.bmp,2022.6946640432093,1.064293991935543
fastfading_woman_img61.bmp,5.001723150350102,1.000111068197838
fastfading_woman_img62.bmp,8.521410792815702,1.0002230296558767
fastfading_woman_img63.bmp,1660.456769716708,1.0527711845374181
fastfading_woman_img64.bmp,1685.007491441481,1.053552144349603
fastfading_woman_img65.bmp,2.048954929020049,1.0000171404778546
gblur_bikes_img112.bmp,217.48005873707336,1.00687001577231
gblur_bikes_img129.bmp,182.55225280687185,1.0057589603391917
gblur_bikes_img152.bmp,2388.3180487404265,1.0759244919690905
gblur_bikes_img26.bmp,73.99325012570868,1.002305692476222
gblur_bikes_img40.bmp,11.243000545435478,1.0003096035760195
gblur_bikes_img60.bmp,601.8280930153754,1.019096147941809
gblur_building2_img137.bmp,1939.6976553942168,1.0616538525126342
gblur_building2_img156.bmp,4995.730834102173,1.1588664364859478
gblur_building2_img25.bmp,38.24179042816162,1.0011684365713347
gblur_building2_img33.bmp,410.3538613698538,1.0130053420722092
gblur_building2_img8.bmp,855.8015028130636,1.0271750561156348
gblur_building2_img80.bmp,212.7549023889005,1.0067197082882537
gblur_buildings_img134.bmp,67.85388554114616,1.002110398950164
gblur_buildings_img159.bmp,3751.4988242914937,1.11928734762699
gblur_buildings_img45.bmp,1229.9644207782048,1.0390771991734415
gblur_buildings_img62.bmp,287.7289712495015,1.0091046375539805
gblur_buildings_img7.bmp,380.07139357861735,1.0120420551015097
gblur_buildings_img73.bmp,18.66160144149844,1.0005455896797038
gblur_caps_img1.bmp,30.05284392210241,1.0009079457313075
gblur_caps_img115.bmp,16.01150905029822,1.0004612900945713
gblur_caps_img163.bmp,392.66196588509615,1.0124425619010247
gblur_caps_img28.bmp,81.74354033161785,1.002552229635147
gblur_caps_img70.bmp,3.0434539010748267,1.0000487755450083
gblur_caps_img88.bmp,6.776264610157038,1.000167516459551
gblur_carnivaldolls_img166.bmp,1973.4889954004848,1.0627287569020292
gblur_carnivaldolls_img27.bmp,356.97893702474227,1.011307482784843
gblur_carnivaldolls_img52.bmp,31.10426130742076,1.0009413913763263
gblur_carnivaldolls_img59.bmp,164.32137593789668,1.005179035140447
gblur_carnivaldolls_img6.bmp,83.39985087885552,1.00260491696501
gblur_carnivaldolls_img95.bmp,1071.2062617156007,1.0340270933771927
gblur_cemetry_img109.bmp,259.01176883690675,1.0081911417613094
gblur_cemetry_img13.bmp,766.0675156264226,1.0243206130338585
gblur_cemetry_img135.bmp,129.08171742116224,1.0040580596593505
gblur_cemetry_img143.bmp,465.0912976868353,1.0147465429405513
gblur_cemetry_img169.bmp,2571.142465799704,1.0817401467596126
gblur_cemetry_img83.bmp,30.52377876554656,1.0009229261946522
gblur_churchandcapitol_img104.bmp,3.18733135167053,1.0000533522946473
gblur_churchandcapitol_img142.bmp,444.5696891115395,1.014093749439881
gblur_churchandcapitol_img172.bmp,2340.4487344894937,1.0744017664424876
gblur_churchandcapitol_img2.bmp,265.5449940129401,1.0083989640145057
gblur_churchandcapitol_img66.bmp,65.62106936786007,1.0020393729445385
gblur_churchandcapitol_img91.bmp,116.97597806450014,1.0036729754227107
gblur_coinsinfountain_img101.bmp,162.73828800096177,1.0051286770258563
gblur_coinsinfountain_img123.bmp,10.993309671347962,1.0003016608955428
gblur_coinsinfountain_img146.bmp,1243.9246635936202,1.0395212752673912
gblur_coinsinfountain_img19.bmp,26.921209025373678,1.000808328252514
gblur_coinsinfountain_img22.bmp,40.92701354063117,1.0012538536666487
gblur_coinsinfountain_img32.bmp,446.679926467305,1.0141608762065601
gblur_dancers_img128.bmp,103.91700029636812,1.0032575686196255
gblur_dancers_img149.bmp,4043.824530179805,1.1285862444548183
gblur_dancers_img21.bmp,375.7673833909741,1.0119051443000486
gblur_dancers_img41.bmp,40.322949193059344,1.0012346383464346
gblur_dancers_img51.bmp,1339.0729172613187,1.0425479464645593
gblur_dancers_img93.bmp,319.80661184814306,1.010125029070698
gblur_flowersonih35_img107.bmp,23.70164251401089,1.0007059136642091
gblur_flowersonih35_img153.bmp,5304.506567887207,1.1686886096084887
gblur_flowersonih35_img65.bmp,476.14004329248337,1.0150980041476716
gblur_flowersonih35_img85.bmp,235.56379001285887,1.0074452602616193
gblur_flowersonih35_img87.bmp,739.6800860033928,1.0234812274421243
gblur_flowersonih35_img90.bmp,3179.3340195846185,1.1010867536309334
gblur_house_img113.bmp,33.24307370806086,1.001009427116759
gblur_house_img122.bmp,61.49711923999067,1.0019081898635103
gblur_house_img138.bmp,5.309311065505934,1.0001208525863843
gblur_house_img160.bmp,892.232279458989,1.0283339211301181
gblur_house_img49.bmp,69.58336883410168,1.0021654139091043
gblur_house_img94.bmp,316.2020061607992,1.010010366364968
gblur_lighthouse2_img118.bmp,9.692983330014007,1.0002602974429042
gblur_lighthouse2_img133.bmp,377.1950821810298,1.0119505594773066
gblur_lighthouse2_img167.bmp,1424.8257565096849,1.0452757490108349
gblur_lighthouse2_img53.bmp,30.313132467964248,1.0009162255243078
gblur_lighthouse2_img55.bmp,51.23802324094706,1.00158184745393
gblur_lighthouse2_img75.bmp,78.7308398066024,1.0024563954652776
gblur_lighthouse_img102.bmp,188.9411056550872,1.005962190100677
gblur_lighthouse_img15.bmp,83.64753496233568,1.002612795809367
gblur_lighthouse_img164.bmp,1530.2722111370238,1.0486300065485368
gblur_lighthouse_img24.bmp,1.6468965856481483,1.0000043509797758
gblur_lighthouse_img4.bmp,918.1405014466836,1.029158063100541
gblur_lighthouse_img97.bmp,42.68856867845743,1.0013098888327432
gblur_manfishing_img14.bmp,404.5017876026836,1.0128191872828984
gblur_manfishing_img16.bmp,63.26809818467032,1.0019645248014208
gblur_manfishing_img170.bmp,2189.6319923059377,1.0696042775551782
gblur_manfishing_img47.bmp,191.7420501965375,1.0060512883010295
gblur_manfishing_img67.bmp,1127.480794625017,1.0358171893729202
gblur_manfishing_img78.bmp,43.75818676908808,1.001343913443202
gblur_monarch_img103.bmp,29.057785157709272,1.0008762928571286
gblur_monarch_img11.bmp,2.183254357427358,1.0000214125500795
gblur_monarch_img173.bmp,625.7877254355632,1.019858305170613
gblur_monarch_img3.bmp,24.55965163387333,1.0007332069816361
gblur_monarch_img37.bmp,10.379051368657706,1.0002821213050543
gblur_monarch_img96.bmp,100.43933466563207,1.0031469438840974
gblur_ocean_img106.bmp,83.41060064235677,1.0026052589155798
gblur_ocean_img117.bmp,2.4917930215532467,1.000031227182003
gblur_ocean_img119.bmp,37.813687007848365,1.0011548185779222
gblur_ocean_img147.bmp,694.0550426834311,1.0220298922976208
gblur_ocean_img57.bmp,18.13937886286294,1.0005289777506736
gblur_ocean_img92.bmp,215.36552683758143,1.006802752395958
gblur_paintedhouse_img110.bmp,75.47474694122018,1.0023528189716366
gblur_paintedhouse_img116.bmp,3.1640069185652666,1.0000526103431437
gblur_paintedhouse_img150.bmp,2297.1048008338475,1.0730229935222229
gblur_paintedhouse_img23.bmp,643.4868026822805,1.0204213137940417
gblur_paintedhouse_img39.bmp,150.50693280016355,1.004739596942286
gblur_paintedhouse_img81.bmp,56.105537195586514,1.0017366833412997
gblur_parrots_img105.bmp,4.434992503989229,1.0000930404647186
gblur_parrots_img12.bmp,64.76639687973595,1.002012185765551
gblur_parrots_img154.bmp,308.14691667537494,1.00975413352415
gblur_parrots_img31.bmp,10.81632553775691,1.0002960310204916
gblur_parrots_img56.bmp,29.38257534584004,1.0008866244509271
gblur_parrots_img69.bmp,2.496846625788344,1.0000313879374327
gblur_plane_img139.bmp,15.384245119885444,1.0004413367943474
gblur_plane_img157.bmp,901.5137853679807,1.028629166345014
gblur_plane_img30.bmp,52.70519104723484,1.001628518142771
gblur_plane_img5.bmp,7.525824202431569,1.000191359991524
gblur_plane_img63.bmp,341.0313648577367,1.010800189634606
gblur_plane_img86.bmp,114.98457412232852,1.0036096287534724
gblur_rapids_img141.bmp,32.87830640613617,1.0009978238487658
gblur_rapids_img161.bmp,1270.5785293760648,1.0403691362080518
gblur_rapids_img17.bmp,2.2312074812685343,1.000022937941594
gblur_rapids_img29.bmp,160.77747563456387,1.0050663034763305
gblur_rapids_img34.bmp,81.69726874430974,1.0025507577334025
gblur_rapids_img9.bmp,398.0715979842095,1.012614642596471
gblur_sailing1_img125.bmp,18.7061961942818,1.0005470082412495
gblur_sailing1_img130.bmp,53.0368075751596,1.001639066882815
gblur_sailing1_img165.bmp,1637.2105763775762,1.052031721845133
gblur_sailing1_img35.bmp,227.9966074250988,1.007204547766127
gblur_sailing1_img46.bmp,432.9185028963773,1.0137231245637437
gblur_sailing1_img74.bmp,77.49036315704386,1.0024169358346355
gblur_sailing2_img10.bmp,1.8858786365817768,1.0000119530119973
gblur_sailing2_img168.bmp,627.3698266010803,1.0199086318959505
gblur_sailing2_img43.bmp,60.67895312379438,1.0018821639542275
gblur_sailing2_img48.bmp,16.00822683708285,1.000461185687188
gblur_sailing2_img72.bmp,35.68154913502551,1.0010869951545873
gblur_sailing2_img84.bmp,123.95718586434992,1.0038950480278797
gblur_sailing3_img111.bmp,242.8461716368792,1.0076769132227466
gblur_sailing3_img114.bmp,35.2459743770814,1.0010731394975128
gblur_sailing3_img124.bmp,13.44380124534324,1.000379611167671
gblur_sailing3_img144.bmp,7.635461676418897,1.0001948475656188
gblur_sailing3_img171.bmp,721.5072098946276,1.0229031472507613
gblur_sailing3_img79.bmp,75.49909793949833,1.002353593578235
gblur_sailing4_img121.bmp,5.222885646753842,1.000118103389047
gblur_sailing4_img127.bmp,28.880663888315517,1.0008706586197798
gblur_sailing4_img136.bmp,210.39088279396276,1.006644508694549
gblur_sailing4_img174.bmp,1211.5169576945034,1.0384903843552604
gblur_sailing4_img76.bmp,67.54916036064323,1.0021007056253648
gblur_sailing4_img89.bmp,139.10345976411023,1.0043768518360392
gblur_statue_img120.bmp,3.49740713512698,1.0000632158224216
gblur_statue_img131.bmp,14.397034866764187,1.0004099335817451
gblur_statue_img148.bmp,820.5307970806272,1.0260530930208944
gblur_statue_img54.bmp,9.87082505123102,1.0002659545978652
gblur_statue_img77.bmp,31.108453915283867,1.0009415247434137
gblur_statue_img98.bmp,83.45534935611674,1.002606682374633
gblur_stream_img126.bmp,322.593111278638,1.0102136677712743
gblur_stream_img151.bmp,4610.475050228235,1.1466114287517437
gblur_stream_img18.bmp,431.4077574684181,1.0136750676683535
gblur_stream_img50.bmp,168.7760762362676,1.0053207394026418
gblur_stream_img58.bmp,10.839337556907491,1.00029676303409
gblur_stream_img71.bmp,2944.0124384148253,1.0936011611545216
gblur_studentsculpture_img100.bmp,80.66775551736171,1.0025180088608694
gblur_studentsculpture_img108.bmp,1403.881098305685,1.0446094982781418
gblur_studentsculpture_img155.bmp,3306.6554370886465,1.1051368549442786
gblur_studentsculpture_img20.bmp,285.34384421280583,1.009028766531389
gblur_studentsculpture_img38.bmp,132.61503860050192,1.0041704548009494
gblur_studentsculpture_img44.bmp,788.8761223175488,1.0250461560707351
gblur_womanhat_img132.bmp,6.524759717399693,1.0001595160750405
gblur_womanhat_img162.bmp,524.6250954555601,1.0166403163312214
gblur_womanhat_img36.bmp,16.311926495512036,1.0004708463900733
gblur_womanhat_img42.bmp,25.48915683170941,1.0007627745932473
gblur_womanhat_img61.bmp,48.94510506847156,1.0015089096003953
gblur_womanhat_img82.bmp,106.72484889319564,1.0033468864383601
gblur_woman_img140.bmp,94.5285772376543,1.0029589223642996
gblur_woman_img145.bmp,344.3919855833119,1.0109070911652451
gblur_woman_img158.bmp,2022.6946640432093,1.064293991935543
gblur_woman_img64.bmp,120.9125297939892,1.0037981973503503
gblur_woman_img68.bmp,15.274747355612083,1.0004378536644265
gblur_woman_img99.bmp,25.664474084246603,1.00076835144472
jp2k_bikes_img115.bmp,307.59446855271625,1.0097365601188975
jp2k_bikes_img129.bmp,2138.104361939341,1.067965180791158
jp2k_bikes_img133.bmp,1124.8532513891696,1.035733607077663
jp2k_bikes_img15.bmp,2344.983184791248,1.0745460075566888
jp2k_bikes_img188.bmp,2388.3180487404265,1.0759244919690905
jp2k_bikes_img225.bmp,32.82121141190226,1.00099600765385
jp2k_bikes_img73.bmp,2388.3180487404265,1.0759244919690905
jp2k_bikes_img78.bmp,1845.2584274771243,1.0586497354637
jp2k_building2_img107.bmp,553.5144110559577,1.0175592870538896
jp2k_building2_img119.bmp,4995.730834102173,1.1588664364859478
jp2k_building2_img132.bmp,4126.688084485531,1.131222138687707
jp2k_building2_img163.bmp,1763.0748729827908,1.0560354720623177
jp2k_building2_img216.bmp,4647.540222015381,1.1477904739106601
jp2k_building2_img24.bmp,4995.730834102173,1.1588664364859478
jp2k_building2_img30.bmp,889.1093815706578,1.0282345815760436
jp2k_building2_img41.bmp,3264.4577792301407,1.1037945451203448
jp2k_buildings_img1.bmp,3751.4988242914937,1.11928734762699
jp2k_buildings_img123.bmp,3751.4988242914937,1.11928734762699
jp2k_buildings_img13.bmp,2541.5881866463383,1.0808000235096478
jp2k_buildings_img156.bmp,1124.8512918812278,1.0357335447456073
jp2k_buildings_img199.bmp,3627.7775824268406,1.1153517680993046
jp2k_buildings_img222.bmp,3335.81274896994,1.1060643506434238
jp2k_buildings_img29.bmp,1605.756536781264,1.0510311671106947
jp2k_buildings_img33.bmp,2529.8301469580165,1.0804259996186356
jp2k_caps_img122.bmp,70.0086583174804,1.002178942391028
jp2k_caps_img153.bmp,392.66196588509615,1.0124425619010247
jp2k_caps_img193.bmp,23.475301980965835,1.0006987137593688
jp2k_caps_img25.bmp,392.66196588509615,1.0124425619010247
jp2k_caps_img49.bmp,348.1219431581752,1.011025741321431
jp2k_caps_img68.bmp,301.9528206461627,1.009557098987819
jp2k_caps_img83.bmp,182.8511647604561,1.005768468744922
jp2k_carnivaldolls_img108.bmp,1570.662333972662,1.0499148185836966
jp2k_carnivaldolls_img124.bmp,1242.0015083897647,1.039460099594283
jp2k_carnivaldolls_img148.bmp,1908.1823743006,1.060651349682789
jp2k_carnivaldolls_img161.bmp,1973.4889954004848,1.0627287569020292
jp2k_carnivaldolls_img18.bmp,1728.865174108951,1.0549472596542704
jp2k_carnivaldolls_img181.bmp,802.2082109172597,1.0254702505444369
jp2k_carnivaldolls_img67.bmp,1973.4889954004848,1.0627287569020292
jp2k_carnivaldolls_img79.bmp,1088.7934010920233,1.034586541250793
jp2k_cemetry_img118.bmp,2571.142465799704,1.0817401467596126
jp2k_cemetry_img125.bmp,2219.805773353605,1.07056410719457
jp2k_cemetry_img178.bmp,1450.039858166566,1.0460778109752495
jp2k_cemetry_img46.bmp,716.4587847928852,1.0227425565698238
jp2k_cemetry_img48.bmp,714.7037966865645,1.0226867303013636
jp2k_cemetry_img9.bmp,2571.142465799704,1.0817401467596126
jp2k_cemetry_img98.bmp,2058.6007617804457,1.0654361668850016
jp2k_churchandcapitol_img110.bmp,2340.4487344894937,1.0744017664424876
jp2k_churchandcapitol_img128.bmp,2340.4487344894937,1.0744017664424876
jp2k_churchandcapitol_img176.bmp,2068.72413386181,1.065758191909275
jp2k_churchandcapitol_img194.bmp,589.4076066854373,1.018701051586589
jp2k_churchandcapitol_img198.bmp,2305.558426579937,1.0732919038234743
jp2k_churchandcapitol_img45.bmp,604.6153795983518,1.019184811681749
jp2k_churchandcapitol_img5.bmp,598.8824236769325,1.0190024460376816
jp2k_churchandcapitol_img7.bmp,1643.9064475386274,1.0522447178760834
jp2k_coinsinfountain_img168.bmp,335.7586211153772,1.010632463365338
jp2k_coinsinfountain_img177.bmp,74.52509971018881,1.002322610640839
jp2k_coinsinfountain_img182.bmp,448.3822718354966,1.0142150279066169
jp2k_coinsinfountain_img21.bmp,856.7212065278648,1.0272043119415297
jp2k_coinsinfountain_img224.bmp,1243.9246635936202,1.0395212752673912
jp2k_coinsinfountain_img28.bmp,204.44289518710224,1.0064553028807075
jp2k_coinsinfountain_img54.bmp,1243.9246635936202,1.0395212752673912
jp2k_coinsinfountain_img77.bmp,1233.91558727026,1.0392028859974844
jp2k_dancers_img165.bmp,3590.6633414089297,1.1141711620454513
jp2k_dancers_img170.bmp,2840.2323346413496,1.0902999103293902
jp2k_dancers_img184.bmp,4043.824530179805,1.1285862444548183
jp2k_dancers_img205.bmp,3928.240830816087,1.1249095206029223
jp2k_dancers_img4.bmp,1506.931935069431,1.04788755107947
jp2k_dancers_img6.bmp,1153.3943740014386,1.036641501762174
jp2k_dancers_img65.bmp,644.4704049157557,1.02045260223534
jp2k_dancers_img84.bmp,4043.824530179805,1.1285862444548183
jp2k_flowersonih35_img111.bmp,5144.594571981197,1.1636018001986101
jp2k_flowersonih35_img167.bmp,3265.5581959670776,1.1038295494374415
jp2k_flowersonih35_img192.bmp,4504.785520474576,1.1432494389808665
jp2k_flowersonih35_img201.bmp,92.95352381169796,1.0029088198279463
jp2k_flowersonih35_img209.bmp,5304.506567887207,1.1686886096084887
jp2k_flowersonih35_img44.bmp,1236.4199084140268,1.039282548591196
jp2k_flowersonih35_img86.bmp,939.9904603025968,1.0298531114969043
jp2k_flowersonih35_img89.bmp,5304.506567887207,1.1686886096084887
jp2k_house_img131.bmp,892.232279458989,1.0283339211301181
jp2k_house_img144.bmp,164.21449007434742,1.0051756350952321
jp2k_house_img179.bmp,74.08469316543778,1.0023086012843592
jp2k_house_img187.bmp,506.07827758351846,1.0160503410317432
jp2k_house_img20.bmp,892.232279458989,1.0283339211301181
jp2k_house_img212.bmp,862.4316554330289,1.0273859616361687
jp2k_house_img27.bmp,315.96395077167693,1.0100027938099099
jp2k_house_img47.bmp,304.27633881847675,1.0096310102290365
jp2k_house_img80.bmp,679.845246469699,1.0215778778963063
jp2k_lighthouse2_img103.bmp,1417.1150822802383,1.0450304720383061
jp2k_lighthouse2_img11.bmp,1424.8257565096849,1.0452757490108349
jp2k_lighthouse2_img114.bmp,1401.7968317569273,1.0445431976442658
jp2k_lighthouse2_img137.bmp,273.51533700059457,1.0086525010645553
jp2k_lighthouse2_img151.bmp,1424.8257565096849,1.0452757490108349
jp2k_lighthouse2_img164.bmp,1087.3376101590438,1.0345402324609194
jp2k_lighthouse2_img211.bmp,1375.630187243527,1.0437108352390467
jp2k_lighthouse2_img74.bmp,606.3341437116615,1.0192394856629936
jp2k_lighthouse_img106.bmp,999.8981870408464,1.0317587795887195
jp2k_lighthouse_img149.bmp,1140.1996287424763,1.0362217761877168
jp2k_lighthouse_img174.bmp,1490.9908792462054,1.047380465214488
jp2k_lighthouse_img180.bmp,1530.2722111370238,1.0486300065485368
jp2k_lighthouse_img202.bmp,307.0072399313259,1.0097178803440618
jp2k_lighthouse_img51.bmp,1283.6706858796294,1.0407855984285415
jp2k_lighthouse_img72.bmp,1530.2722111370238,1.0486300065485368
jp2k_lighthouse_img91.bmp,1005.449726355525,1.0319353743605202
jp2k_manfishing_img121.bmp,245.0141298561823,1.0077458760932785
jp2k_manfishing_img143.bmp,1853.957420133668,1.0589264508999063
jp2k_manfishing_img157.bmp,2189.6319923059377,1.0696042775551782
jp2k_manfishing_img200.bmp,1026.9576293037428,1.0326195419395932
jp2k_manfishing_img26.bmp,2171.899452407837,1.0690402044829634
jp2k_manfishing_img36.bmp,2189.6319923059377,1.0696042775551782
jp2k_manfishing_img63.bmp,2020.277237485482,1.064217093463406
jp2k_manfishing_img94.bmp,2024.013338205939,1.0643359390333922
jp2k_monarch_img105.bmp,619.5219618330399,1.0196589908848221
jp2k_monarch_img160.bmp,41.05766550414652,1.0012580097128143
jp2k_monarch_img204.bmp,625.7877254355632,1.019858305170613
jp2k_monarch_img208.bmp,137.38621242592075,1.0043222261034948
jp2k_monarch_img22.bmp,625.7877254355632,1.019858305170613
jp2k_monarch_img56.bmp,271.5008301183828,1.00858841948952
jp2k_monarch_img61.bmp,494.83428626166034,1.0156926690476211
jp2k_ocean_img120.bmp,356.68730135509713,1.0112982058381061
jp2k_ocean_img140.bmp,694.0550426834311,1.0220298922976208
jp2k_ocean_img16.bmp,694.0550426834311,1.0220298922976208
jp2k_ocean_img219.bmp,83.98103036451441,1.0026234043165043
jp2k_ocean_img31.bmp,573.8298799990572,1.01820552324149
jp2k_ocean_img37.bmp,511.4320266065122,1.0162206440834562
jp2k_ocean_img69.bmp,694.1529676649303,1.0220330072966834
jp2k_paintedhouse_img117.bmp,2297.1048008338475,1.0730229935222229
jp2k_paintedhouse_img14.bmp,1468.149616904324,1.0466538833995598
jp2k_paintedhouse_img196.bmp,1097.1556659994276,1.034852545358727
jp2k_paintedhouse_img210.bmp,1956.9781337707843,1.062203545482915
jp2k_paintedhouse_img215.bmp,349.7105836665466,1.0110762760636254
jp2k_paintedhouse_img35.bmp,2297.1048008338475,1.0730229935222229
jp2k_paintedhouse_img40.bmp,980.6347016590493,1.0311460070562273
jp2k_paintedhouse_img82.bmp,2285.1292803320025,1.0726420515545372
jp2k_parrots_img101.bmp,268.83814194083817,1.008503719231729
jp2k_parrots_img127.bmp,60.647171020481984,1.0018811529637681
jp2k_parrots_img145.bmp,308.14691667537494,1.00975413352415
jp2k_parrots_img158.bmp,70.41196187244107,1.0021917714993558
jp2k_parrots_img197.bmp,169.1457621038942,1.0053324991304813
jp2k_parrots_img50.bmp,308.14691667537494,1.00975413352415
jp2k_parrots_img85.bmp,247.82365912695727,1.0078352473743444
jp2k_parrots_img96.bmp,215.12775421141944,1.0067951888356053
jp2k_plane_img113.bmp,811.0173405031092,1.025750469442439
jp2k_plane_img139.bmp,901.5137853679807,1.028629166345014
jp2k_plane_img173.bmp,711.3497426956825,1.0225800376589174
jp2k_plane_img203.bmp,625.8080872187014,1.0198589528800577
jp2k_plane_img220.bmp,258.05504494468266,1.0081607083215287
jp2k_plane_img53.bmp,445.2261414566116,1.014114631225185
jp2k_plane_img57.bmp,901.5137853679807,1.028629166345014
jp2k_plane_img58.bmp,899.4063445773531,1.0285621285372262
jp2k_rapids_img126.bmp,1169.3118998412392,1.0371478391370852
jp2k_rapids_img135.bmp,46.02568121585582,1.0014160425666196
jp2k_rapids_img146.bmp,357.25256865324144,1.011316187022038
jp2k_rapids_img189.bmp,1270.5785293760648,1.0403691362080518
jp2k_rapids_img3.bmp,859.4428670465263,1.0272908881127443
jp2k_rapids_img32.bmp,135.2887173886928,1.0042555046706712
jp2k_rapids_img64.bmp,1270.5785293760648,1.0403691362080518
jp2k_rapids_img81.bmp,673.5156522705154,1.021376533155715
jp2k_sailing1_img136.bmp,1304.1702418240154,1.0414376904338063
jp2k_sailing1_img159.bmp,1637.2105763775762,1.052031721845133
jp2k_sailing1_img19.bmp,1625.9627530449586,1.051673927964537
jp2k_sailing1_img213.bmp,201.3234915885389,1.0063560744801832
jp2k_sailing1_img214.bmp,1530.545319442094,1.0486386941387846
jp2k_sailing1_img43.bmp,506.1858723949797,1.0160537636286304
jp2k_sailing1_img66.bmp,1637.2105763775762,1.052031721845133
jp2k_sailing1_img88.bmp,553.6863184567127,1.0175647554377893
jp2k_sailing2_img138.bmp,130.71505282110522,1.004110016148511
jp2k_sailing2_img141.bmp,580.4762411779502,1.0184169443571773
jp2k_sailing2_img185.bmp,535.8056742198216,1.016995971158389
jp2k_sailing2_img206.bmp,627.3698266010803,1.0199086318959505
jp2k_sailing2_img55.bmp,381.35196469153885,1.0120827901392428
jp2k_sailing2_img59.bmp,622.8416227043999,1.0197645894802394
jp2k_sailing2_img62.bmp,604.145836746873,1.0191698754977454
jp2k_sailing2_img93.bmp,627.3698266010803,1.0199086318959505
jp2k_sailing3_img100.bmp,721.5072098946276,1.0229031472507613
jp2k_sailing3_img109.bmp,550.9639155080536,1.0174781556498356
jp2k_sailing3_img12.bmp,551.8986245804061,1.017507888796982
jp2k_sailing3_img130.bmp,487.7328313319496,1.015466771374619
jp2k_sailing3_img147.bmp,721.5072098946276,1.0229031472507613
jp2k_sailing3_img154.bmp,112.35518520319437,1.0035259877469282
jp2k_sailing3_img183.bmp,676.9666417044095,1.02148630931995
jp2k_sailing3_img38.bmp,318.5834076736429,1.0100861188784402
jp2k_sailing4_img166.bmp,1211.5169576945034,1.0384903843552604
jp2k_sailing4_img172.bmp,16.145829870979984,1.0004655628472856
jp2k_sailing4_img221.bmp,320.07302765672404,1.0101335037722634
jp2k_sailing4_img39.bmp,935.3662405808768,1.0297060148125028
jp2k_sailing4_img52.bmp,629.23354700533,1.019967916944805
jp2k_sailing4_img70.bmp,1211.5169576945034,1.0384903843552604
jp2k_sailing4_img90.bmp,1195.724769072756,1.0379880339641685
jp2k_statue_img102.bmp,810.9474885967155,1.025748247449444
jp2k_statue_img116.bmp,446.90871575249577,1.0141681540063412
jp2k_statue_img162.bmp,732.4366981770079,1.0232508148758508
jp2k_statue_img169.bmp,143.90369238883235,1.0045295475005933
jp2k_statue_img207.bmp,820.5307970806272,1.0260530930208944
jp2k_statue_img227.bmp,74.63356538869601,1.0023260609400546
jp2k_statue_img92.bmp,589.135788210645,1.0186924050259134
jp2k_statue_img95.bmp,820.5307970806272,1.0260530930208944
jp2k_stream_img112.bmp,4610.475050228235,1.1466114287517437
jp2k_stream_img17.bmp,2194.0703097356018,1.0697454606774157
jp2k_stream_img175.bmp,124.00596345944918,1.0038965996458702
jp2k_stream_img217.bmp,4142.045417762026,1.1317106563062815
jp2k_stream_img223.bmp,4610.475050228235,1.1466114287517437
jp2k_stream_img71.bmp,927.4402039091414,1.0294538871488064
jp2k_stream_img8.bmp,3308.7802173532286,1.1052044443216895
jp2k_studentsculpture_img142.bmp,1671.2840483324023,1.0531156008673728
jp2k_studentsculpture_img171.bmp,2698.6568180149325,1.0857963853367625
jp2k_studentsculpture_img190.bmp,3306.6554370886465,1.1051368549442786
jp2k_studentsculpture_img2.bmp,3056.793087951404,1.0971887198368113
jp2k_studentsculpture_img218.bmp,484.5781831314597,1.0153664218413636
jp2k_studentsculpture_img34.bmp,3273.2563054503125,1.1040744267247002
jp2k_studentsculpture_img60.bmp,704.1238574220733,1.0223501818498129
jp2k_studentsculpture_img87.bmp,3306.6554370886465,1.1051368549442786
jp2k_womanhat_img186.bmp,524.6250954555601,1.0166403163312214
jp2k_womanhat_img191.bmp,13.089196887324244,1.000368331183484
jp2k_womanhat_img195.bmp,436.8659104804312,1.0138486918167156
jp2k_womanhat_img226.bmp,101.03393391521858,1.0031658581190226
jp2k_womanhat_img42.bmp,196.84445879147376,1.006213596199863
jp2k_womanhat_img75.bmp,500.91960133661127,1.0158862432557971
jp2k_womanhat_img97.bmp,524.6250954555601,1.0166403163312214
jp2k_womanhat_img99.bmp,206.9820227378228,1.006536072668144
jp2k_woman_img10.bmp,1121.1025476882664,1.0356142969860636
jp2k_woman_img104.bmp,1027.1240876283914,1.0326248369880815
jp2k_woman_img134.bmp,2022.6946640432093,1.064293991935543
jp2k_woman_img150.bmp,1926.410511123837,1.0612311877205276
jp2k_woman_img152.bmp,435.91541523095066,1.013818456510404
jp2k_woman_img155.bmp,51.34007924690823,1.0015850938611086
jp2k_woman_img23.bmp,1459.0611750831129,1.0463647795639448
jp2k_woman_img76.bmp,2022.6946640432093,1.064293991935543
jpeg_bikes_img179.bmp,2388.3180487404265,1.0759244919690905
jpeg_bikes_img183.bmp,1451.7437511057942,1.0461320119036264
jpeg_bikes_img188.bmp,1413.983069028059,1.044930842524005
jpeg_bikes_img203.bmp,2039.9068790813328,1.064841513445263
jpeg_bikes_img226.bmp,2312.84058655984,1.07352354973409
jpeg_bikes_img29.bmp,1405.9433389305811,1.0446750982661646
jpeg_bikes_img42.bmp,2388.3180487404265,1.0759244919690905
jpeg_bikes_img77.bmp,1472.1303097096518,1.0467805094572564
jpeg_bikes_img81.bmp,1582.0959434550412,1.0502785223319635
jpeg_building2_img113.bmp,4995.730834102173,1.1588664364859478
jpeg_building2_img171.bmp,4931.219569825529,1.1568143296111235
jpeg_building2_img192.bmp,2851.835726242801,1.0906690148562292
jpeg_building2_img205.bmp,2805.746892478317,1.0892029265121046
jpeg_building2_img224.bmp,4995.730834102173,1.1588664364859478
jpeg_building2_img225.bmp,3912.099497326277,1.1243960638943196
jpeg_building2_img36.bmp,2840.0136711075534,1.0902929546303195
jpeg_building2_img60.bmp,3180.6669008698227,1.1011291526581322
jpeg_building2_img62.bmp,2840.0136711075534,1.0902929546303195
jpeg_buildings_img157.bmp,3653.1723286296087,1.1161595763766876
jpeg_buildings_img162.bmp,2695.5438353183367,1.085697361185484
jpeg_buildings_img163.bmp,3333.4876338459176,1.1059903886030844
jpeg_buildings_img204.bmp,2751.375205099059,1.0874733601376447
jpeg_buildings_img227.bmp,3751.4988242914937,1.11928734762699
jpeg_buildings_img43.bmp,2777.534299625802,1.088305482377372
jpeg_buildings_img66.bmp,3751.4988242914937,1.11928734762699
jpeg_buildings_img84.bmp,2777.534299625802,1.088305482377372
jpeg_buildings_img90.bmp,2777.534299625802,1.088305482377372
jpeg_caps_img105.bmp,258.2053475867272,1.0081654894568621
jpeg_caps_img12.bmp,392.66196588509615,1.0124425619010247
jpeg_caps_img126.bmp,197.5211204002456,1.00623512084296
jpeg_caps_img136.bmp,392.66196588509615,1.0124425619010247
jpeg_caps_img159.bmp,197.5211204002456,1.00623512084296
jpeg_caps_img207.bmp,180.67776275899573,1.0056993327073793
jpeg_caps_img24.bmp,357.92929396341145,1.01133771369148
jpeg_caps_img63.bmp,249.74303064354996,1.007896302688152
jpeg_carnivaldolls_img104.bmp,1369.9058827852054,1.0435287447984978
jpeg_carnivaldolls_img14.bmp,2009.9038867102763,1.063887116603094
jpeg_carnivaldolls_img153.bmp,1973.4889954004848,1.0627287569020292
jpeg_carnivaldolls_img176.bmp,1453.474479908985,1.046187066482316
jpeg_carnivaldolls_img216.bmp,1834.591570587413,1.0583104221576969
jpeg_carnivaldolls_img5.bmp,1973.4889954004848,1.0627287569020292
jpeg_carnivaldolls_img80.bmp,1369.9058827852054,1.0435287447984978
jpeg_cemetry_img117.bmp,2456.374553774935,1.078089373147964
jpeg_cemetry_img123.bmp,2571.142465799704,1.0817401467596126
jpeg_cemetry_img128.bmp,1743.7269155234226,1.055420012468379
jpeg_cemetry_img213.bmp,1537.30118798931,1.0488535986898984
jpeg_cemetry_img46.bmp,1549.5412437767593,1.04924295553961
jpeg_cemetry_img55.bmp,2086.208911320633,1.0663143836446307
jpeg_cemetry_img78.bmp,1549.5412437767593,1.04924295553961
jpeg_cemetry_img82.bmp,2571.142465799704,1.0817401467596126
jpeg_churchandcapitol_img118.bmp,2340.4487344894937,1.0744017664424876
jpeg_churchandcapitol_img132.bmp,2357.749663926762,1.0749521099621375
jpeg_churchandcapitol_img195.bmp,1663.1169329747754,1.0528558044773813
jpeg_churchandcapitol_img2.bmp,2051.1870012568347,1.0652003347538321
jpeg_churchandcapitol_img21.bmp,1797.5900064772277,1.057133400362493
jpeg_churchandcapitol_img22.bmp,2340.4487344894937,1.0744017664424876
jpeg_churchandcapitol_img4.bmp,1585.3174730080343,1.0503809993647308
jpeg_coinsinfountain_img101.bmp,1191.0952368008998,1.0378407682872541
jpeg_coinsinfountain_img112.bmp,1243.9246635936202,1.0395212752673912
jpeg_coinsinfountain_img129.bmp,659.8116142803337,1.0209406069513873
jpeg_coinsinfountain_img182.bmp,1243.9246635936202,1.0395212752673912
jpeg_coinsinfountain_img184.bmp,747.8584045873582,1.0237413802073638
jpeg_coinsinfountain_img230.bmp,747.8584045873582,1.0237413802073638
jpeg_coinsinfountain_img49.bmp,813.8318872001395,1.0258400003281107
jpeg_coinsinfountain_img73.bmp,753.1468307900337,1.0239096053365595
jpeg_dancers_img119.bmp,3774.4932652481248,1.1200188020621022
jpeg_dancers_img155.bmp,4043.824530179805,1.1285862444548183
jpeg_dancers_img186.bmp,2304.131361525101,1.0732465088053689
jpeg_dancers_img187.bmp,2304.131361525101,1.0732465088053689
jpeg_dancers_img39.bmp,2636.197335604842,1.0838095457562813
jpeg_dancers_img41.bmp,2475.491392090683,1.0786974808291965
jpeg_dancers_img61.bmp,4165.496192300468,1.1324566267378007
jpeg_dancers_img68.bmp,4043.824530179805,1.1285862444548183
jpeg_flowersonih35_img115.bmp,5304.506567887207,1.1686886096084887
jpeg_flowersonih35_img125.bmp,5304.506567887207,1.1686886096084887
jpeg_flowersonih35_img134.bmp,3079.652388816922,1.0979158754581715
jpeg_flowersonih35_img198.bmp,5318.634757823348,1.1691380281096122
jpeg_flowersonih35_img229.bmp,3155.7547417808228,1.1003366955034557
jpeg_flowersonih35_img27.bmp,4031.204089868032,1.1281847875524076
jpeg_flowersonih35_img74.bmp,5531.680677080815,1.1759150305519561
jpeg_flowersonih35_img79.bmp,2744.774123535156,1.0872633793690076
jpeg_house_img120.bmp,823.1567960817096,1.0261366261939584
jpeg_house_img140.bmp,892.232279458989,1.0283339211301181
jpeg_house_img147.bmp,384.8066629349809,1.0121926842809141
jpeg_house_img151.bmp,890.3370348692929,1.0282736332951856
jpeg_house_img160.bmp,384.8066629349809,1.0121926842809141
jpeg_house_img50.bmp,441.6234663594447,1.014000029931635
jpeg_house_img51.bmp,554.6740163496318,1.0175961741622406
jpeg_house_img54.bmp,892.232279458989,1.0283339211301181
jpeg_house_img75.bmp,456.4526706119002,1.0144717477368252
jpeg_lighthouse2_img133.bmp,1424.8257565096849,1.0452757490108349
jpeg_lighthouse2_img141.bmp,1356.318358845983,1.0430965249125574
jpeg_lighthouse2_img181.bmp,658.9277011466457,1.0209124896258515
jpeg_lighthouse2_img232.bmp,660.7140554664592,1.0209693136552929
jpeg_lighthouse2_img64.bmp,1487.8124461397272,1.0472793590820613
jpeg_lighthouse2_img69.bmp,860.1666540342007,1.0273139118167434
jpeg_lighthouse2_img95.bmp,1424.8257565096849,1.0452757490108349
jpeg_lighthouse2_img97.bmp,1478.1867245141573,1.0469731643462354
jpeg_lighthouse_img131.bmp,1073.9205952200348,1.0341134364756805
jpeg_lighthouse_img161.bmp,1048.2939659903066,1.03329825198642
jpeg_lighthouse_img202.bmp,1530.2722111370238,1.0486300065485368
jpeg_lighthouse_img231.bmp,1423.072783276593,1.0452199868356031
jpeg_lighthouse_img3.bmp,1530.2722111370238,1.0486300065485368
jpeg_lighthouse_img44.bmp,1148.7940768787694,1.0364951660569677
jpeg_lighthouse_img57.bmp,1581.9482428415472,1.0502738239673017
jpeg_lighthouse_img86.bmp,1106.9317777957867,1.0351635240141805
jpeg_manfishing_img114.bmp,2189.6319923059377,1.0696042775551782
jpeg_manfishing_img135.bmp,2174.0349188785203,1.0691081337891797
jpeg_manfishing_img148.bmp,1465.561738310147,1.046571562838742
jpeg_manfishing_img174.bmp,2070.023171018626,1.065799514352883
jpeg_manfishing_img193.bmp,2189.6319923059377,1.0696042775551782
jpeg_manfishing_img33.bmp,1760.901159278292,1.0559663261094843
jpeg_manfishing_img92.bmp,1630.5311641851222,1.051819249374881
jpeg_manfishing_img93.bmp,1623.4247251833117,1.0515931931582707
jpeg_monarch_img170.bmp,697.0536521520504,1.022125278230209
jpeg_monarch_img178.bmp,510.8012837637152,1.0162005801188374
jpeg_monarch_img18.bmp,489.0196960990368,1.0155077066138385
jpeg_monarch_img209.bmp,697.0536521520504,1.022125278230209
jpeg_monarch_img211.bmp,625.7877254355632,1.019858305170613
jpeg_monarch_img48.bmp,625.7877254355632,1.019858305170613
jpeg_monarch_img94.bmp,556.5390718376469,1.0176555016801834
jpeg_monarch_img96.bmp,636.4095981484279,1.0201961875274694
jpeg_ocean_img143.bmp,683.2857454226402,1.0216873203577637
jpeg_ocean_img156.bmp,377.2975927949107,1.0119538203455882
jpeg_ocean_img164.bmp,204.77408582924144,1.006465838073301
jpeg_ocean_img169.bmp,694.0550426834311,1.0220298922976208
jpeg_ocean_img194.bmp,457.525844236674,1.0145058854490214
jpeg_ocean_img28.bmp,694.0550426834311,1.0220298922976208
jpeg_ocean_img30.bmp,720.6725444466124,1.022876596496823
jpeg_ocean_img8.bmp,599.3682652802672,1.0190179006858808
jpeg_ocean_img98.bmp,582.4619418945318,1.0184801096064953
jpeg_paintedhouse_img152.bmp,1221.7590140676475,1.0388161847334012
jpeg_paintedhouse_img172.bmp,2297.1048008338475,1.0730229935222229
jpeg_paintedhouse_img20.bmp,2297.1048008338475,1.0730229935222229
jpeg_paintedhouse_img215.bmp,1031.2833041064189,1.0327571418936532
jpeg_paintedhouse_img228.bmp,2215.837956580849,1.0704378907241798
jpeg_paintedhouse_img23.bmp,1104.153815901935,1.0350751568931158
jpeg_paintedhouse_img56.bmp,1488.666855708069,1.0473065378975561
jpeg_paintedhouse_img91.bmp,1104.153815901935,1.0350751568931158
jpeg_parrots_img103.bmp,230.35450454598893,1.0072795526035947
jpeg_parrots_img109.bmp,308.14691667537494,1.00975413352415
jpeg_parrots_img142.bmp,308.14691667537494,1.00975413352415
jpeg_parrots_img149.bmp,240.9531732999345,1.0076166968412381
jpeg_parrots_img196.bmp,328.21221415201825,1.0103924117436038
jpeg_parrots_img233.bmp,328.21221415201825,1.0103924117436038
jpeg_parrots_img32.bmp,233.35990564338223,1.0073751545782688
jpeg_parrots_img72.bmp,280.2455321597712,1.0088665889437793
jpeg_plane_img165.bmp,502.4952892698087,1.0159363659758607
jpeg_plane_img17.bmp,925.1779440038894,1.0293819245364428
jpeg_plane_img191.bmp,901.5137853679807,1.028629166345014
jpeg_plane_img201.bmp,583.514750248442,1.0185135994983017
jpeg_plane_img25.bmp,653.8212352560367,1.0207500526642188
jpeg_plane_img40.bmp,849.1835673884426,1.0269645392247586
jpeg_plane_img76.bmp,901.5137853679807,1.028629166345014
jpeg_rapids_img110.bmp,896.4606919204816,1.0284684271637405
jpeg_rapids_img139.bmp,1270.5785293760648,1.0403691362080518
jpeg_rapids_img146.bmp,1138.494103093263,1.0361675233227452
jpeg_rapids_img199.bmp,609.6221361474794,1.0193440768837294
jpeg_rapids_img31.bmp,1270.5785293760648,1.0403691362080518
jpeg_rapids_img35.bmp,619.3815396881284,1.0196545240486474
jpeg_rapids_img9.bmp,670.6312338700451,1.021284779647303
jpeg_sailing1_img102.bmp,1414.4283481711109,1.0449450068781052
jpeg_sailing1_img106.bmp,1689.1959168389178,1.0536853783925124
jpeg_sailing1_img121.bmp,1093.7341244292911,1.0347437059326623
jpeg_sailing1_img122.bmp,1637.2105763775762,1.052031721845133
jpeg_sailing1_img175.bmp,831.957106564964,1.0264165645558208
jpeg_sailing1_img210.bmp,679.1541427637695,1.0215558938493021
jpeg_sailing1_img71.bmp,1410.4050369973547,1.0448170251277582
jpeg_sailing1_img88.bmp,1637.2105763775762,1.052031721845133
jpeg_sailing2_img111.bmp,426.05828278529793,1.0135049005836279
jpeg_sailing2_img124.bmp,399.07977340320633,1.0126467127121563
jpeg_sailing2_img144.bmp,603.6957742989918,1.0191555589864547
jpeg_sailing2_img177.bmp,392.3988266048897,1.0124341914260075
jpeg_sailing2_img219.bmp,627.3698266010803,1.0199086318959505
jpeg_sailing2_img52.bmp,627.3698266010803,1.0199086318959505
jpeg_sailing2_img67.bmp,496.718821749204,1.0157526162254233
jpeg_sailing2_img99.bmp,403.4201046788513,1.01278477888943
jpeg_sailing3_img108.bmp,477.81771709124206,1.015151371043744
jpeg_sailing3_img145.bmp,477.5868941213014,1.015144028552339
jpeg_sailing3_img19.bmp,721.5072098946276,1.0229031472507613
jpeg_sailing3_img206.bmp,710.8725014124656,1.0225648565873755
jpeg_sailing3_img222.bmp,721.5072098946276,1.0229031472507613
jpeg_sailing3_img223.bmp,477.5868941213014,1.015144028552339
jpeg_sailing3_img38.bmp,667.9127793155538,1.0211983054579856
jpeg_sailing3_img83.bmp,599.5894227253394,1.0190249357164067
jpeg_sailing4_img15.bmp,793.1733063234846,1.0251828497309794
jpeg_sailing4_img166.bmp,499.27749738469066,1.0158340078385146
jpeg_sailing4_img173.bmp,1211.5169576945034,1.0384903843552604
jpeg_sailing4_img197.bmp,499.27749738469066,1.0158340078385146
jpeg_sailing4_img214.bmp,1164.0663552518042,1.036980978074372
jpeg_sailing4_img37.bmp,591.753815778059,1.018775684627233
jpeg_sailing4_img47.bmp,697.0352706925672,1.022124693514969
jpeg_sailing4_img6.bmp,1211.5169576945034,1.0384903843552604
jpeg_statue_img11.bmp,396.0601692382728,1.0125506589371205
jpeg_statue_img13.bmp,833.4308260961883,1.0264634436553934
jpeg_statue_img130.bmp,743.5340395018777,1.02360382191548
jpeg_statue_img208.bmp,820.5307970806272,1.0260530930208944
jpeg_statue_img218.bmp,414.06584876543207,1.013123420596001
jpeg_statue_img221.bmp,414.06584876543207,1.013123420596001
jpeg_statue_img70.bmp,830.1474809569556,1.0263590002654184
jpeg_statue_img87.bmp,820.5307970806272,1.0260530930208944
jpeg_stream_img100.bmp,1689.4038715874706,1.053691993444534
jpeg_stream_img137.bmp,4242.315314094123,1.1349002472390937
jpeg_stream_img16.bmp,2200.2037385400936,1.0699405653859821
jpeg_stream_img185.bmp,3056.246983331706,1.0971713482187377
jpeg_stream_img212.bmp,4610.475050228235,1.1466114287517437
jpeg_stream_img217.bmp,1564.0890696394297,1.0497057226827013
jpeg_stream_img7.bmp,4610.475050228235,1.1466114287517437
jpeg_stream_img85.bmp,1910.5438104745235,1.0607264670977288
jpeg_studentsculpture_img127.bmp,2102.17433217743,1.0668222445626743
jpeg_studentsculpture_img158.bmp,3306.6554370886465,1.1051368549442786
jpeg_studentsculpture_img180.bmp,2102.17433217743,1.0668222445626743
jpeg_studentsculpture_img200.bmp,2136.748917210276,1.0679220640195655
jpeg_studentsculpture_img34.bmp,3306.6554370886465,1.1051368549442786
jpeg_studentsculpture_img45.bmp,2465.341644529597,1.0783746167994588
jpeg_studentsculpture_img53.bmp,3335.145996400251,1.1060431412074065
jpeg_studentsculpture_img59.bmp,2509.699063239389,1.0797856287351957
jpeg_womanhat_img1.bmp,252.6840335599923,1.007989856153138
jpeg_womanhat_img107.bmp,312.42916339899176,1.00989035202862
jpeg_womanhat_img138.bmp,256.1209956270361,1.0080991861060598
jpeg_womanhat_img154.bmp,243.1993614121091,1.0076881482089772
jpeg_womanhat_img168.bmp,488.6777936366622,1.0154968306776524
jpeg_womanhat_img190.bmp,524.6250954555601,1.0166403163312214
jpeg_womanhat_img26.bmp,524.6250954555601,1.0166403163312214
jpeg_womanhat_img89.bmp,280.00829282205626,1.0088590423473616
jpeg_woman_img10.bmp,2022.6946640432093,1.064293991935543
jpeg_woman_img116.bmp,2076.361655441548,1.0660011418919815
jpeg_woman_img150.bmp,1707.9902719798904,1.0542832278661685
jpeg_woman_img167.bmp,715.131810483504,1.0227003454438517
jpeg_woman_img189.bmp,2022.6946640432093,1.064293991935543
jpeg_woman_img220.bmp,634.6451263231065,1.0201400595813845
jpeg_woman_img58.bmp,2087.3262906373243,1.0663499275423247
jpeg_woman_img65.bmp,858.5765975303284,1.027263332031654
wn_bikes_img152.bmp,2388.3180487404265,1.0759244919690905
wn_bikes_img29.bmp,40114.4022212058,2.275993310315698
wn_bikes_img68.bmp,6665.52760589479,1.2119827638960077
wn_bikes_img87.bmp,125022.25628700502,4.976916831327689
wn_bikes_img95.bmp,3078.723362718916,1.0978863230867524
wn_bikes_img97.bmp,29926.88720123096,1.951927895627562
wn_building2_img102.bmp,11542.781315880971,1.3671284734205493
wn_building2_img118.bmp,1408.65521362713,1.044761363149838
wn_building2_img121.bmp,55209.72198416605,2.756176264573155
wn_building2_img136.bmp,117606.9461449027,4.741035406708452
wn_building2_img156.bmp,4995.730834102173,1.1588664364859478
wn_building2_img36.bmp,38998.089251859776,2.2404833331894256
wn_building2_img48.bmp,6985.120877762054,1.2221490435015967
wn_buildings_img103.bmp,4256.78818845987,1.135360630170934
wn_buildings_img130.bmp,36800.486156393854,2.1705774575116243
wn_buildings_img159.bmp,3751.4988242914937,1.11928734762699
wn_buildings_img4.bmp,125409.46719987616,4.9892340318231305
wn_buildings_img46.bmp,5576.588422342355,1.177343548405658
wn_buildings_img61.bmp,55073.49606292529,2.7518429105048074
wn_caps_img110.bmp,2629.4909590279885,1.0835962155474745
wn_caps_img132.bmp,952.233106314722,1.0302425507418056
wn_caps_img144.bmp,9035.099220455617,1.2873589676513162
wn_caps_img163.bmp,392.66196588509615,1.0124425619010247
wn_caps_img64.bmp,534.4848803133742,1.016953956631375
wn_caps_img80.bmp,105236.07891529036,4.347517437806738
wn_carnivaldolls_img135.bmp,18311.466777681548,1.5824407312941462
wn_carnivaldolls_img14.bmp,2164.865566619608,1.0688164561880786
wn_carnivaldolls_img166.bmp,1973.4889954004848,1.0627287569020292
wn_carnivaldolls_img47.bmp,123661.44918626864,4.933629482396567
wn_carnivaldolls_img71.bmp,11970.25714291632,1.380726503056407
wn_carnivaldolls_img90.bmp,3048.5767512692864,1.0969273577137728
wn_cemetry_img169.bmp,2571.142465799704,1.0817401467596126
wn_cemetry_img23.bmp,125547.8186240711,4.993634998257685
wn_cemetry_img45.bmp,3400.5174398800737,1.108122610430128
wn_cemetry_img63.bmp,4739.366994508048,1.1507114886084506
wn_cemetry_img65.bmp,31373.473522206372,1.9979438862857275
wn_cemetry_img9.bmp,19132.08969463217,1.6085447915446358
wn_churchandcapitol_img13.bmp,2549.5592144439765,1.0810535823435408
wn_churchandcapitol_img172.bmp,2340.4487344894937,1.0744017664424876
wn_churchandcapitol_img18.bmp,3021.1694006612142,1.0960555283792497
wn_churchandcapitol_img20.bmp,125388.17484462366,4.9885567208281465
wn_churchandcapitol_img62.bmp,12466.9972234991,1.396527832417949
wn_churchandcapitol_img93.bmp,26751.210869291317,1.850909456350909
wn_coinsinfountain_img124.bmp,14615.50737353674,1.4648720587939055
wn_coinsinfountain_img146.bmp,1243.9246635936202,1.0395212752673912
wn_coinsinfountain_img24.bmp,102085.65573703342,4.247302302741596
wn_coinsinfountain_img31.bmp,2620.648211399875,1.0833149272576936
wn_coinsinfountain_img8.bmp,1773.2295984461537,1.0563584944394016
wn_coinsinfountain_img92.bmp,26194.81450092196,1.833210457184473
wn_dancers_img149.bmp,4043.824530179805,1.1285862444548183
wn_dancers_img15.bmp,78761.87109647166,3.5053714268782983
wn_dancers_img27.bmp,7688.347012960148,1.2445187056493996
wn_dancers_img30.bmp,4996.943836914627,1.1589050221723163
wn_dancers_img50.bmp,50113.53802926096,2.594066371882423
wn_dancers_img51.bmp,28278.81157731755,1.8995025191295918
wn_flowersonih35_img122.bmp,30230.15374864042,1.9615748212276314
wn_flowersonih35_img133.bmp,5499.482209431669,1.1748907955200978
wn_flowersonih35_img153.bmp,5304.506567887207,1.1686886096084887
wn_flowersonih35_img49.bmp,37713.54341315737,2.199621859209872
wn_flowersonih35_img53.bmp,90034.2082623541,3.8639450938622226
wn_flowersonih35_img72.bmp,7797.490542332595,1.2479905673386593
wn_house_img109.bmp,9669.627679967942,1.3075433529464648
wn_house_img160.bmp,892.232279458989,1.0283339211301181
wn_house_img38.bmp,16947.754265745458,1.5390609610725106
wn_house_img54.bmp,1111.5636818645871,1.0353108651380865
wn_house_img70.bmp,2143.5477616095645,1.0681383356349041
wn_house_img83.bmp,31279.125109138884,1.9949426580621683
wn_lighthouse2_img108.bmp,9553.16056567316,1.303838527616886
wn_lighthouse2_img125.bmp,1641.2697318761232,1.0521608438054284
wn_lighthouse2_img137.bmp,125625.97799574817,4.996121252181691
wn_lighthouse2_img167.bmp,1424.8257565096849,1.0452757490108349
wn_lighthouse2_img32.bmp,15954.242243083738,1.5074572888334767
wn_lighthouse2_img6.bmp,2127.223134789609,1.0676190483553598
wn_lighthouse_img114.bmp,2394.2608593050404,1.0761135331009326
wn_lighthouse_img164.bmp,1530.2722111370238,1.0486300065485368
wn_lighthouse_img40.bmp,3751.4246454013055,1.1192849879924016
wn_lighthouse_img43.bmp,1753.6229250995318,1.0557348050788196
wn_lighthouse_img66.bmp,105786.24111898118,4.365018127850899
wn_lighthouse_img96.bmp,17193.140837379433,1.546866721450733
wn_manfishing_img143.bmp,15266.749167155738,1.4855880961688284
wn_manfishing_img170.bmp,2189.6319923059377,1.0696042775551782
wn_manfishing_img37.bmp,3152.5104588715467,1.10023349468517
wn_manfishing_img41.bmp,124762.44693707953,4.96865228157651
wn_manfishing_img59.bmp,2317.2425533253618,1.0736635765396962
wn_manfishing_img73.bmp,25357.620379635777,1.8065792660100675
wn_monarch_img1.bmp,1347.6233552280405,1.042819936367889
wn_monarch_img140.bmp,18601.855627056808,1.5916780166094648
wn_monarch_img17.bmp,8338.291802084694,1.2651934852398163
wn_monarch_img173.bmp,625.7877254355632,1.019858305170613
wn_monarch_img34.bmp,104923.71357434172,4.337581079082335
wn_monarch_img82.bmp,1060.1038726318254,1.0336739257680743
wn_ocean_img120.bmp,17681.099137402427,1.5623887018882998
wn_ocean_img147.bmp,694.0550426834311,1.0220298922976208
wn_ocean_img21.bmp,7479.37144369381,1.2378711812647778
wn_ocean_img42.bmp,125265.97100819396,4.9846694100510405
wn_ocean_img99.bmp,775.0268426834504,1.0246056097217033
wn_paintedhouse_img111.bmp,4116.103603099138,1.130885445751008
wn_paintedhouse_img142.bmp,2801.941301478047,1.0890818704524847
wn_paintedhouse_img150.bmp,2297.1048008338475,1.0730229935222229
wn_paintedhouse_img26.bmp,10502.572758262348,1.3340393818289416
wn_paintedhouse_img39.bmp,30524.35899657508,1.970933506391622
wn_paintedhouse_img94.bmp,125672.13913656256,4.997589640617062
wn_parrots_img104.bmp,104594.16483933316,4.327098115645118
wn_parrots_img154.bmp,308.14691667537494,1.00975413352415
wn_parrots_img22.bmp,875.6111904270882,1.0278052033712604
wn_parrots_img67.bmp,2548.9903555462483,1.081035486910628
wn_parrots_img69.bmp,9425.266910945318,1.2997702234058888
wn_parrots_img75.bmp,388.94927286843046,1.012324460931387
wn_plane_img10.bmp,1628.8956756641212,1.051767224394821
wn_plane_img105.bmp,97814.44269631586,4.111434780333277
wn_plane_img129.bmp,12932.409640471114,1.4113326270721234
wn_plane_img139.bmp,5341.057100889733,1.169851284079281
wn_plane_img157.bmp,901.5137853679807,1.028629166345014
wn_plane_img78.bmp,1053.8183927647517,1.0334739843068206
wn_rapids_img101.bmp,1491.1326941328782,1.047384976353855
wn_rapids_img107.bmp,2522.712372190778,1.0801995828107016
wn_rapids_img116.bmp,29038.05524628732,1.9236541021163758
wn_rapids_img161.bmp,1270.5785293760648,1.0403691362080518
wn_rapids_img74.bmp,9610.796945376418,1.3056719440342395
wn_rapids_img77.bmp,103941.2883286454,4.306330077830072
wn_sailing1_img141.bmp,18814.01341918607,1.5984267676788755
wn_sailing1_img165.bmp,1637.2105763775762,1.052031721845133
wn_sailing1_img52.bmp,125449.61700934166,4.990511199476732
wn_sailing1_img56.bmp,2831.3495148718284,1.090017347342581
wn_sailing1_img76.bmp,1935.2179287468125,1.0615113521608963
wn_sailing1_img79.bmp,10250.28211346887,1.3260140025027143
wn_sailing2_img113.bmp,105876.31311993288,4.367883323169185
wn_sailing2_img117.bmp,1062.4864246393818,1.0337497148788466
wn_sailing2_img12.bmp,2886.067744402774,1.0917579372419997
wn_sailing2_img128.bmp,10628.190437096482,1.338035287121226
wn_sailing2_img168.bmp,627.3698266010803,1.0199086318959505
wn_sailing2_img81.bmp,768.8351562714001,1.0244086518354272
wn_sailing3_img123.bmp,15501.22970934874,1.493046935149
wn_sailing3_img171.bmp,721.5072098946276,1.0229031472507613
wn_sailing3_img5.bmp,939.1296136811102,1.0298257279183938
wn_sailing3_img58.bmp,125747.91264186194,5.0
wn_sailing3_img84.bmp,1279.6122326340662,1.040656498806952
wn_sailing3_img89.bmp,7492.119810118199,1.2382767075038865
wn_sailing4_img100.bmp,2472.690178885117,1.0786083740826236
wn_sailing4_img126.bmp,13946.76079265235,1.4435991931705763
wn_sailing4_img127.bmp,1352.924077351888,1.0429885526310152
wn_sailing4_img134.bmp,35658.665727629326,2.1342560866943594
wn_sailing4_img174.bmp,1211.5169576945034,1.0384903843552604
wn_sailing4_img86.bmp,9581.469562897431,1.3047390383800015
wn_statue_img145.bmp,103284.95168461346,4.285451972982503
wn_statue_img148.bmp,820.5307970806272,1.0260530930208944
wn_statue_img25.bmp,6958.192654652329,1.2212924552392228
wn_statue_img55.bmp,2030.2639019699704,1.0645347698114822
wn_statue_img85.bmp,960.142038676396,1.0304941343164555
wn_statue_img91.bmp,19466.4233679784,1.6191799641342928
wn_stream_img106.bmp,43220.10056724095,2.374785746001023
wn_stream_img131.bmp,70299.80175230237,3.236192534306245
wn_stream_img138.bmp,5134.68237685495,1.1632864927249271
wn_stream_img151.bmp,4610.475050228235,1.1466114287517437
wn_stream_img2.bmp,21881.0306476876,1.6959887548819588
wn_stream_img88.bmp,6735.264240015687,1.214201090073788
wn_studentsculpture_img112.bmp,27190.18109093857,1.8648731233133566
wn_studentsculpture_img155.bmp,3306.6554370886465,1.1051368549442786
wn_studentsculpture_img16.bmp,6543.98688359158,1.2081165468158406
wn_studentsculpture_img19.bmp,3600.2656214763583,1.1144766111040196
wn_studentsculpture_img44.bmp,59436.13809230711,2.8906187940853947
wn_studentsculpture_img57.bmp,125337.9083342517,4.986957740360714
wn_womanhat_img11.bmp,748.8312684608409,1.0237723270608385
wn_womanhat_img119.bmp,10542.626316148917,1.335313487714508
wn_womanhat_img162.bmp,524.6250954555601,1.0166403163312214
wn_womanhat_img28.bmp,5422.616863892899,1.1724457046389232
wn_womanhat_img3.bmp,1414.6151543209874,1.0449509491920361
wn_womanhat_img60.bmp,104155.94230377878,4.313158232618523
wn_woman_img115.bmp,14106.880259281152,1.4486926022355902
wn_woman_img158.bmp,2022.6946640432093,1.064293991935543
wn_woman_img33.bmp,124963.4354257896,4.975045736488101
wn_woman_img35.bmp,3252.0483738420567,1.1033998012504966
wn_woman_img7.bmp,23194.29737090017,1.7377638417819106
wn_woman_img98.bmp,2153.041901345678,1.0684403447435686
