image_name,Brightness_Score,Brightness_Score_to_MOS_scale
fastfading_bikes_img152.bmp,0.1408827968889722,1.7391654431261827
fastfading_bikes_img31.bmp,0.0934780659627937,1.2736855103943254
fastfading_bikes_img32.bmp,0.1332843473684452,1.6645542028010505
fastfading_bikes_img33.bmp,0.1385060303693421,1.7158273269073687
fastfading_bikes_img34.bmp,0.1399161394068234,1.7296735706701178
fastfading_bikes_img35.bmp,0.1336447234723005,1.6680928336782506
fastfading_building2_img156.bmp,0.1881703423525165,2.2034946999613862
fastfading_building2_img51.bmp,0.1528485818796059,1.8566607370283403
fastfading_building2_img52.bmp,0.1680921393121992,2.0063413691021177
fastfading_building2_img53.bmp,0.1856047357039167,2.178302311208745
fastfading_building2_img54.bmp,0.1868639068196349,2.1906664545081798
fastfading_building2_img55.bmp,0.1864116395349946,2.1862255191602067
fastfading_buildings_img159.bmp,0.2310953217750616,2.6249867355398147
fastfading_buildings_img66.bmp,0.2150621068112791,2.4675522416189666
fastfading_buildings_img67.bmp,0.2030342126281827,2.349447080681078
fastfading_buildings_img68.bmp,0.2101330345301601,2.419152341671877
fastfading_buildings_img69.bmp,0.188457168337344,2.2063111222364364
fastfading_buildings_img70.bmp,0.2288774444479372,2.6032087954720806
fastfading_caps_img163.bmp,0.173894156953229,2.0633129567156265
fastfading_caps_img86.bmp,0.1625900962636229,1.9523153135143878
fastfading_caps_img87.bmp,0.1657679253251331,1.9835192804789645
fastfading_caps_img88.bmp,0.1700355095490923,2.0254238494678596
fastfading_caps_img89.bmp,0.1726999693185609,2.0515869038725008
fastfading_caps_img90.bmp,0.1727326299455064,2.0519076074423035
fastfading_carnivaldolls_img101.bmp,0.2739014530247056,3.045311768617723
fastfading_carnivaldolls_img102.bmp,0.2777113171881418,3.082721859970746
fastfading_carnivaldolls_img103.bmp,0.2725604672375213,3.0321442648302854
fastfading_carnivaldolls_img104.bmp,0.2779418130711528,3.084985161671287
fastfading_carnivaldolls_img105.bmp,0.2771872645205243,3.0775760444433797
fastfading_carnivaldolls_img166.bmp,0.2768676179431908,3.074437347853226
fastfading_cemetry_img116.bmp,0.1369181613253489,1.7002356093436524
fastfading_cemetry_img117.bmp,0.1687249696428703,2.012555302057674
fastfading_cemetry_img118.bmp,0.1807978591167983,2.131102283981366
fastfading_cemetry_img119.bmp,0.1915500194602804,2.2366806677338262
fastfading_cemetry_img120.bmp,0.1624324728299711,1.9507675661933987
fastfading_cemetry_img169.bmp,0.1921516712410104,2.242588450036363
fastfading_churchandcapitol_img131.bmp,0.2323704042426639,2.6375071167264803
fastfading_churchandcapitol_img132.bmp,0.2114092112163107,2.431683467287766
fastfading_churchandcapitol_img133.bmp,0.2390767241531975,2.7033582940213106
fastfading_churchandcapitol_img134.bmp,0.239132235369277,2.703903373734278
fastfading_churchandcapitol_img135.bmp,0.2367731809901634,2.680739177835548
fastfading_churchandcapitol_img172.bmp,0.2391598307772735,2.7041743405430116
fastfading_coinsinfountain_img1.bmp,0.1805196724326968,2.1283706933474242
fastfading_coinsinfountain_img146.bmp,0.1889056736843231,2.2107151180964024
fastfading_coinsinfountain_img2.bmp,0.1810181809275999,2.1332656837026085
fastfading_coinsinfountain_img3.bmp,0.181283743034802,2.1358733101859033
fastfading_coinsinfountain_img4.bmp,0.1876080937636366,2.1979738283053916
fastfading_coinsinfountain_img5.bmp,0.1884481858281363,2.2062229205379964
fastfading_dancers_img149.bmp,0.264766068056121,2.9556089415459197
fastfading_dancers_img16.bmp,0.2560361494218551,2.8698874985751583
fastfading_dancers_img17.bmp,0.258182851488993,2.8909665494269134
fastfading_dancers_img18.bmp,0.2467527944558403,2.778731713895444
fastfading_dancers_img19.bmp,0.2606179965277695,2.9148779001865495
fastfading_dancers_img20.bmp,0.2643963767662306,2.951978842326124
fastfading_flowersonih35_img153.bmp,0.2344318640770001,2.6577491509342166
fastfading_flowersonih35_img36.bmp,0.2224843099928565,2.5404328712561854
fastfading_flowersonih35_img37.bmp,0.2035072504447844,2.35409196752569
fastfading_flowersonih35_img38.bmp,0.2327221783490569,2.6409612822534534
fastfading_flowersonih35_img39.bmp,0.2332988071008293,2.64662335663595
fastfading_flowersonih35_img40.bmp,0.2334825578917505,2.6484276555767163
fastfading_house_img160.bmp,0.1894340102225253,2.2159029981129588
fastfading_house_img71.bmp,0.1328940226719564,1.6607214985558114
fastfading_house_img72.bmp,0.1873928761719885,2.1958605482988225
fastfading_house_img73.bmp,0.1875840478938119,2.1977377153763693
fastfading_house_img74.bmp,0.1878396178728589,2.200247226438469
fastfading_house_img75.bmp,0.1879717470674723,2.201544638899607
fastfading_lighthouse2_img106.bmp,0.1813318556423107,2.1363457409511275
fastfading_lighthouse2_img107.bmp,0.1840315473142117,2.162854746978188
fastfading_lighthouse2_img108.bmp,0.1847898528331134,2.1703007548983306
fastfading_lighthouse2_img109.bmp,0.1871491128925054,2.1934669704275973
fastfading_lighthouse2_img110.bmp,0.1894817622504444,2.216371888249224
fastfading_lighthouse2_img167.bmp,0.1900087678790438,2.221546699702785
fastfading_lighthouse_img164.bmp,0.1724476458182882,2.0491092708675485
fastfading_lighthouse_img91.bmp,0.1629405496292617,1.9557565103290526
fastfading_lighthouse_img92.bmp,0.1595668112716986,1.922628856758381
fastfading_lighthouse_img93.bmp,0.1689825880060189,2.0150849267598083
fastfading_lighthouse_img94.bmp,0.1690691652550995,2.015935052291391
fastfading_lighthouse_img95.bmp,0.1634267036296739,1.9605301885461404
fastfading_manfishing_img121.bmp,0.2543218703021306,2.853054526132479
fastfading_manfishing_img122.bmp,0.2623213380387095,2.931603473276848
fastfading_manfishing_img123.bmp,0.2603233564591646,2.911984749299818
fastfading_manfishing_img124.bmp,0.2586629791649094,2.895681053526437
fastfading_manfishing_img125.bmp,0.2601251717653438,2.9100387199448186
fastfading_manfishing_img170.bmp,0.2599541411265916,2.908359323634239
fastfading_monarch_img136.bmp,0.2124811062464779,2.442208695820648
fastfading_monarch_img137.bmp,0.2256495791218516,2.571513508830888
fastfading_monarch_img138.bmp,0.2298308020200609,2.612570072498051
fastfading_monarch_img139.bmp,0.2313769924040265,2.6277525359749507
fastfading_monarch_img140.bmp,0.2316183205462858,2.630122202572154
fastfading_monarch_img173.bmp,0.2311986446529619,2.6260012909505304
fastfading_ocean_img10.bmp,0.1270152208173011,1.602995945886601
fastfading_ocean_img147.bmp,0.1270483539817923,1.6033212894309525
fastfading_ocean_img6.bmp,0.1249781463778734,1.5829933584969327
fastfading_ocean_img7.bmp,0.1262043199849329,1.5950334902934924
fastfading_ocean_img8.bmp,0.1260557154445612,1.5935743019360353
fastfading_ocean_img9.bmp,0.1308812534813555,1.6409575710080595
fastfading_paintedhouse_img150.bmp,0.1441822164216009,1.771563339962552
fastfading_paintedhouse_img21.bmp,0.1327768095571355,1.6595705511348233
fastfading_paintedhouse_img22.bmp,0.1403032738960593,1.733474949403568
fastfading_paintedhouse_img23.bmp,0.1400728058026536,1.7312119205767114
fastfading_paintedhouse_img24.bmp,0.1368567591096088,1.699632684304445
fastfading_paintedhouse_img25.bmp,0.1415754510826336,1.7459668028464614
fastfading_parrots_img154.bmp,0.2339730998466817,2.6532444203114243
fastfading_parrots_img41.bmp,0.2309682520152532,2.6237390030436636
fastfading_parrots_img42.bmp,0.2286478510395948,2.6009543554155106
fastfading_parrots_img43.bmp,0.2338926340313937,2.6524543046087157
fastfading_parrots_img44.bmp,0.2328170627358211,2.6418929778269833
fastfading_parrots_img45.bmp,0.2338243967439708,2.651784264143579
fastfading_plane_img157.bmp,0.4014744151091701,4.297985344636002
fastfading_plane_img56.bmp,0.3967129124849412,4.251230856678248
fastfading_plane_img57.bmp,0.3925282366258172,4.210140387449701
fastfading_plane_img58.bmp,0.4008329287653391,4.291686415935407
fastfading_plane_img59.bmp,0.4010345511480531,4.293666200891662
fastfading_plane_img60.bmp,0.4010961398579106,4.294270957167279
fastfading_rapids_img161.bmp,0.193354630479509,2.254400633640727
fastfading_rapids_img76.bmp,0.1411537528364113,1.7418260331922597
fastfading_rapids_img77.bmp,0.1911595200540497,2.2328462479661626
fastfading_rapids_img78.bmp,0.1911433172710099,2.2326871484372317
fastfading_rapids_img79.bmp,0.1915130812127926,2.2363179610456974
fastfading_rapids_img80.bmp,0.1930621858870222,2.2515290407305057
fastfading_sailing1_img100.bmp,0.2032656942698299,2.351720061813497
fastfading_sailing1_img165.bmp,0.2092084419100848,2.410073515525448
fastfading_sailing1_img96.bmp,0.2110662664145573,2.428315999101953
fastfading_sailing1_img97.bmp,0.2041976945233072,2.360871625524939
fastfading_sailing1_img98.bmp,0.2084088962549531,2.402222559502803
fastfading_sailing1_img99.bmp,0.2053912231832819,2.372591207716508
fastfading_sailing2_img111.bmp,0.122025071862882,1.5539963174899716
fastfading_sailing2_img112.bmp,0.1191732666768058,1.5259936675382968
fastfading_sailing2_img113.bmp,0.1219785979634436,1.5535399776445233
fastfading_sailing2_img114.bmp,0.1249302422922109,1.5825229752643715
fastfading_sailing2_img115.bmp,0.1240183990723937,1.5735693389430625
fastfading_sailing2_img168.bmp,0.1240663011969857,1.5740397029193396
fastfading_sailing3_img126.bmp,0.0967492416867514,1.3058060735995698
fastfading_sailing3_img127.bmp,0.0984652397951746,1.322655925259327
fastfading_sailing3_img128.bmp,0.0985297929948504,1.3232897906659151
fastfading_sailing3_img129.bmp,0.0986240260707764,1.3242150908413652
fastfading_sailing3_img130.bmp,0.0986288958815814,1.324262908836777
fastfading_sailing3_img171.bmp,0.0986820926288661,1.3247852621518121
fastfading_sailing4_img141.bmp,0.1198948163300742,1.5330787596272932
fastfading_sailing4_img142.bmp,0.1247310899813343,1.5805674446146014
fastfading_sailing4_img143.bmp,0.1282648182594811,1.6152660826844167
fastfading_sailing4_img144.bmp,0.1139642538421653,1.4748449552369083
fastfading_sailing4_img145.bmp,0.1296293120667201,1.628664418107852
fastfading_sailing4_img174.bmp,0.1314610876154377,1.6466511199103522
fastfading_statue_img11.bmp,0.0877024427696783,1.216973097036205
fastfading_statue_img12.bmp,0.0892998502558161,1.2326584751549143
fastfading_statue_img13.bmp,0.0908875070997417,1.2482481090685127
fastfading_statue_img14.bmp,0.0904076411215075,1.2435361746496336
fastfading_statue_img148.bmp,0.0910755131868093,1.2500941919182962
fastfading_statue_img15.bmp,0.0909711556277187,1.2490694766918515
fastfading_stream_img151.bmp,0.1650064735302726,1.9760423784203456
fastfading_stream_img26.bmp,0.1477625856483687,1.8067199581791265
fastfading_stream_img27.bmp,0.1623998454896616,1.9504471894741189
fastfading_stream_img28.bmp,0.1616836338265197,1.9434145125604956
fastfading_stream_img29.bmp,0.1615204839175568,1.9418124992768946
fastfading_stream_img30.bmp,0.1629483805491466,1.9558334042590473
fastfading_studentsculpture_img155.bmp,0.187347363607454,2.1954136480619884
fastfading_studentsculpture_img46.bmp,0.1659232002905691,1.9850439675524685
fastfading_studentsculpture_img47.bmp,0.1561810189115727,1.8893828416614973
fastfading_studentsculpture_img48.bmp,0.1707986646961086,2.0329174772040934
fastfading_studentsculpture_img49.bmp,0.1864968864492166,2.1870625817723637
fastfading_studentsculpture_img50.bmp,0.1860311468296601,2.1824893579074436
fastfading_womanhat_img162.bmp,0.0868608830207232,1.2087095932111651
fastfading_womanhat_img81.bmp,0.0866336370966357,1.2064782037403006
fastfading_womanhat_img82.bmp,0.0866825396964974,1.2069583916550783
fastfading_womanhat_img83.bmp,0.086891457247008,1.2090098098460098
fastfading_womanhat_img84.bmp,0.0867836325684544,1.2079510500315491
fastfading_womanhat_img85.bmp,0.0864616371325708,1.2047892893611116
fastfading_woman_img158.bmp,0.0906620855219748,1.2460346333498415
fastfading_woman_img61.bmp,0.0736883223820849,1.0793646413427935
fastfading_woman_img62.bmp,0.072989598150435,1.0725036782702893
fastfading_woman_img63.bmp,0.0890300281351103,1.23000901844159
fastfading_woman_img64.bmp,0.0895162628398077,1.234783489115981
fastfading_woman_img65.bmp,0.0656057839022251,1.0
gblur_bikes_img112.bmp,0.1282999105665799,1.6156106635823273
gblur_bikes_img129.bmp,0.1275418046484316,1.6081666155962133
gblur_bikes_img152.bmp,0.1408827968889722,1.7391654431261827
gblur_bikes_img26.bmp,0.1234545646408559,1.5680328954671396
gblur_bikes_img40.bmp,0.1121709344750581,1.4572358651301058
gblur_bikes_img60.bmp,0.1327622287887298,1.6594273786082832
gblur_building2_img137.bmp,0.1786739268788636,2.1102468162690724
gblur_building2_img156.bmp,0.1881703423525165,2.2034946999613862
gblur_building2_img25.bmp,0.1546360307992925,1.8742121836169314
gblur_building2_img33.bmp,0.1689270018591567,2.014539111281127
gblur_building2_img8.bmp,0.1733115746114356,2.0575924224151354
gblur_building2_img80.bmp,0.1652229474463251,1.978167994617582
gblur_buildings_img134.bmp,0.2078859665484674,2.397087770635896
gblur_buildings_img159.bmp,0.2310953217750616,2.6249867355398147
gblur_buildings_img45.bmp,0.2227257628921023,2.542803762876135
gblur_buildings_img62.bmp,0.2155178185819649,2.4720269993112796
gblur_buildings_img7.bmp,0.2168820017623111,2.4854222846048577
gblur_buildings_img73.bmp,0.198156605907247,2.3015525350525152
gblur_caps_img1.bmp,0.170269934538006,2.0277257321267896
gblur_caps_img115.bmp,0.1685970304848792,2.011299032704554
gblur_caps_img163.bmp,0.173894156953229,2.0633129567156265
gblur_caps_img28.bmp,0.1719090208240055,2.0438203657053853
gblur_caps_img70.bmp,0.158567523207866,1.9128165757551006
gblur_caps_img88.bmp,0.1648389984506484,1.9743978951108816
gblur_carnivaldolls_img166.bmp,0.2768676179431908,3.074437347853226
gblur_carnivaldolls_img27.bmp,0.2724099336466951,3.0306661346022965
gblur_carnivaldolls_img52.bmp,0.2644831095025736,2.9528304946293815
gblur_carnivaldolls_img59.bmp,0.2704478276599907,3.0113996828186926
gblur_carnivaldolls_img6.bmp,0.2684321934682636,2.991607623046468
gblur_carnivaldolls_img95.bmp,0.2749212444142681,3.0553253773470566
gblur_cemetry_img109.bmp,0.1791753255854805,2.115170186398339
gblur_cemetry_img13.bmp,0.184316961066252,2.1656573021558
gblur_cemetry_img135.bmp,0.1760192137427475,2.08417946670546
gblur_cemetry_img143.bmp,0.1819311424862278,2.14223030129655
gblur_cemetry_img169.bmp,0.1921516712410104,2.242588450036363
gblur_cemetry_img83.bmp,0.1693248184496771,2.0184453804693945
gblur_churchandcapitol_img104.bmp,0.2067425141804751,2.385859901160927
gblur_churchandcapitol_img142.bmp,0.2324210213999498,2.638004140346448
gblur_churchandcapitol_img172.bmp,0.2391598307772735,2.7041743405430116
gblur_churchandcapitol_img2.bmp,0.2307548838153618,2.6216438827172297
gblur_churchandcapitol_img66.bmp,0.2257274505734236,2.5722781497713867
gblur_churchandcapitol_img91.bmp,0.2279312935565981,2.5939182828027745
gblur_coinsinfountain_img101.bmp,0.1845706852982085,2.1681486893257316
gblur_coinsinfountain_img123.bmp,0.177081275727614,2.0946081418949167
gblur_coinsinfountain_img146.bmp,0.1889056736843231,2.2107151180964024
gblur_coinsinfountain_img19.bmp,0.1803431002532826,2.126636883143459
gblur_coinsinfountain_img22.bmp,0.1815167861069497,2.138161623428644
gblur_coinsinfountain_img32.bmp,0.1864465367696763,2.186568184589053
gblur_dancers_img128.bmp,0.2478541072100359,2.7895458030532967
gblur_dancers_img149.bmp,0.264766068056121,2.9556089415459197
gblur_dancers_img21.bmp,0.2533731038653574,2.8437383307119175
gblur_dancers_img41.bmp,0.242900668165089,2.740906639231782
gblur_dancers_img51.bmp,0.2583778383247494,2.8928811781447274
gblur_dancers_img93.bmp,0.2527229058163854,2.837353859411591
gblur_flowersonih35_img107.bmp,0.2091977907028119,2.4099689284273245
gblur_flowersonih35_img153.bmp,0.2344318640770001,2.6577491509342166
gblur_flowersonih35_img65.bmp,0.2214324906350721,2.530104771204948
gblur_flowersonih35_img85.bmp,0.2187274079935117,2.503542829782087
gblur_flowersonih35_img87.bmp,0.2232137087838196,2.5475950361608004
gblur_flowersonih35_img90.bmp,0.2303317056043879,2.6174885808870294
gblur_house_img113.bmp,0.1824167864919731,2.146998971737439
gblur_house_img122.bmp,0.1837978696048333,2.160560202060049
gblur_house_img138.bmp,0.1754499118277148,2.0785893365235966
gblur_house_img160.bmp,0.1894340102225253,2.2159029981129588
gblur_house_img49.bmp,0.1840596639258594,2.163130831627182
gblur_house_img94.bmp,0.1869207433928107,2.1912245482625723
gblur_lighthouse2_img118.bmp,0.1774933565362299,2.0986544753162226
gblur_lighthouse2_img133.bmp,0.1864889902017767,2.1869850463733576
gblur_lighthouse2_img167.bmp,0.1900087678790438,2.221546699702785
gblur_lighthouse2_img53.bmp,0.1812630658202968,2.13567027499872
gblur_lighthouse2_img55.bmp,0.182549392353453,2.1483010647200493
gblur_lighthouse2_img75.bmp,0.1834840265751218,2.1574784920808074
gblur_lighthouse_img102.bmp,0.1655398559652362,1.9812798054681617
gblur_lighthouse_img15.bmp,0.1634478155074565,1.9607374918101412
gblur_lighthouse_img164.bmp,0.1724476458182882,2.0491092708675485
gblur_lighthouse_img24.bmp,0.1441574843937056,1.771320489461007
gblur_lighthouse_img4.bmp,0.1701758547336553,2.0268019369665815
gblur_lighthouse_img97.bmp,0.1619467438299989,1.9459980611711036
gblur_manfishing_img14.bmp,0.2539689431932398,2.8495890389607124
gblur_manfishing_img16.bmp,0.2481489990210423,2.792441425867066
gblur_manfishing_img170.bmp,0.2599541411265916,2.908359323634239
gblur_manfishing_img47.bmp,0.2518633135163267,2.8289132890678577
gblur_manfishing_img67.bmp,0.2569217705992306,2.8785836535372575
gblur_manfishing_img78.bmp,0.2466113678825302,2.777343007946804
gblur_monarch_img103.bmp,0.214659200485257,2.463595994934937
gblur_monarch_img11.bmp,0.1741695965654311,2.0660175731042143
gblur_monarch_img173.bmp,0.2311986446529619,2.6260012909505304
gblur_monarch_img3.bmp,0.213194820241151,2.449216847448965
gblur_monarch_img37.bmp,0.2043162250880178,2.3620355093443424
gblur_monarch_img96.bmp,0.2231265412803911,2.546739114761405
gblur_ocean_img106.bmp,0.1250827550499237,1.5840205394697553
gblur_ocean_img117.bmp,0.1201023893506119,1.5351169755131149
gblur_ocean_img119.bmp,0.1245487496400497,1.578776995262033
gblur_ocean_img147.bmp,0.1270483539817923,1.6033212894309525
gblur_ocean_img57.bmp,0.1239973059554859,1.5733622198971884
gblur_ocean_img92.bmp,0.1257429066696113,1.5905027475853026
gblur_paintedhouse_img110.bmp,0.1342013289477419,1.6735582940701705
gblur_paintedhouse_img116.bmp,0.1165031012988928,1.499774588214138
gblur_paintedhouse_img150.bmp,0.1441822164216009,1.771563339962552
gblur_paintedhouse_img23.bmp,0.1394114479146644,1.72471786778497
gblur_paintedhouse_img39.bmp,0.1359059798133202,1.6902967240694116
gblur_paintedhouse_img81.bmp,0.1334124639982745,1.665812214798369
gblur_parrots_img105.bmp,0.222206313666876,2.537703149800354
gblur_parrots_img12.bmp,0.2315355902276294,2.629309851095609
gblur_parrots_img154.bmp,0.2339730998466817,2.6532444203114243
gblur_parrots_img31.bmp,0.2272789265853453,2.5875125142652813
gblur_parrots_img56.bmp,0.2299227187689334,2.6134726280288207
gblur_parrots_img69.bmp,0.2121048535579644,2.438514168445054
gblur_plane_img139.bmp,0.3951019164985673,4.235412049383752
gblur_plane_img157.bmp,0.4014744151091701,4.297985344636002
gblur_plane_img30.bmp,0.3977466396131346,4.261381304211509
gblur_plane_img5.bmp,0.3927141037391946,4.2119654671356646
gblur_plane_img63.bmp,0.4002993987183755,4.286447539445257
gblur_plane_img86.bmp,0.3989701083045103,4.27339487570605
gblur_rapids_img141.bmp,0.1818446285116102,2.1413807970741114
gblur_rapids_img161.bmp,0.193354630479509,2.254400633640727
gblur_rapids_img17.bmp,0.1609111909542275,1.9358296861263218
gblur_rapids_img29.bmp,0.1867888088437333,2.189929047078836
gblur_rapids_img34.bmp,0.1847907815055531,2.1703098737853344
gblur_rapids_img9.bmp,0.1892312394887993,2.2139119371861127
gblur_sailing1_img125.bmp,0.20041684003158,2.323746388020295
gblur_sailing1_img130.bmp,0.2024588038935956,2.3437969859787997
gblur_sailing1_img165.bmp,0.2092084419100848,2.410073515525448
gblur_sailing1_img35.bmp,0.2045600459502986,2.3644296526367037
gblur_sailing1_img46.bmp,0.2055875524502927,2.3745190181315445
gblur_sailing1_img74.bmp,0.2030267691870711,2.3493739915104355
gblur_sailing2_img10.bmp,0.109292148354781,1.4289682820548482
gblur_sailing2_img168.bmp,0.1240663011969857,1.5740397029193396
gblur_sailing2_img43.bmp,0.1210031256379923,1.5439615498470962
gblur_sailing2_img48.bmp,0.1184831355868303,1.5192170828586322
gblur_sailing2_img72.bmp,0.120096068633974,1.5350549106791216
gblur_sailing2_img84.bmp,0.122036565876822,1.5541091803357485
gblur_sailing3_img111.bmp,0.0980803289478488,1.318876381069951
gblur_sailing3_img114.bmp,0.0970998709751678,1.3092489978477855
gblur_sailing3_img124.bmp,0.0963600674660687,1.3019846661888526
gblur_sailing3_img144.bmp,0.0958199653873558,1.2966812571333486
gblur_sailing3_img171.bmp,0.0986820926288661,1.3247852621518121
gblur_sailing3_img79.bmp,0.0975523103169469,1.3136916226715514
gblur_sailing4_img121.bmp,0.1092641054493792,1.4286929211475083
gblur_sailing4_img127.bmp,0.1181462674170395,1.5159092827730687
gblur_sailing4_img136.bmp,0.124427697461379,1.577588351030038
gblur_sailing4_img174.bmp,0.1314610876154377,1.6466511199103522
gblur_sailing4_img76.bmp,0.1210649959505246,1.5445690712558873
gblur_sailing4_img89.bmp,0.1232402827504721,1.5659288033655128
gblur_statue_img120.bmp,0.0845537355734842,1.186055085579518
gblur_statue_img131.bmp,0.0873694814708156,1.2137036595777733
gblur_statue_img148.bmp,0.0910755131868093,1.2500941919182962
gblur_statue_img54.bmp,0.0868456090937018,1.2085596143718476
gblur_statue_img77.bmp,0.0882374928369822,1.2222268990190628
gblur_statue_img98.bmp,0.089167800991705,1.2313618475530945
gblur_stream_img126.bmp,0.1496292544399615,1.8250492862138403
gblur_stream_img151.bmp,0.1650064735302726,1.9760423784203456
gblur_stream_img18.bmp,0.1506942493344731,1.835506760439968
gblur_stream_img50.bmp,0.1474252436439845,1.8034075053829504
gblur_stream_img58.bmp,0.1369770778154836,1.7008141263677738
gblur_stream_img71.bmp,0.1606270708136306,1.9330398332709438
gblur_studentsculpture_img100.bmp,0.1722543370941919,2.047211119984065
gblur_studentsculpture_img108.bmp,0.1825354596566433,2.14816425578459
gblur_studentsculpture_img155.bmp,0.187347363607454,2.1954136480619884
gblur_studentsculpture_img20.bmp,0.1766532440737054,2.0904051827898695
gblur_studentsculpture_img38.bmp,0.1740092355670351,2.064442944891211
gblur_studentsculpture_img44.bmp,0.1802722293296218,2.1259409822885496
gblur_womanhat_img132.bmp,0.0845118154991985,1.185643460980509
gblur_womanhat_img162.bmp,0.0868608830207232,1.2087095932111651
gblur_womanhat_img36.bmp,0.0853938996377272,1.1943048847971651
gblur_womanhat_img42.bmp,0.0856990871580799,1.1973016039783286
gblur_womanhat_img61.bmp,0.0860246464069368,1.2004983586966316
gblur_womanhat_img82.bmp,0.0863162020180151,1.2033612224568682
gblur_woman_img140.bmp,0.0792815635670442,1.1342861962100135
gblur_woman_img145.bmp,0.0831103659061228,1.171882246655132
gblur_woman_img158.bmp,0.0906620855219748,1.2460346333498415
gblur_woman_img64.bmp,0.080006664106664,1.1414061554168626
gblur_woman_img68.bmp,0.0732856484070146,1.0754106761758888
gblur_woman_img99.bmp,0.0752252427603835,1.0944560801154073
jp2k_bikes_img115.bmp,0.1314768239413781,1.6468056391702883
jp2k_bikes_img129.bmp,0.1401529413847257,1.7319987936297498
jp2k_bikes_img133.bmp,0.1367013774288309,1.6981069493640042
jp2k_bikes_img15.bmp,0.1404992115106513,1.7353989140770931
jp2k_bikes_img188.bmp,0.1408827968889722,1.7391654431261827
jp2k_bikes_img225.bmp,0.1218665431720307,1.5524396812025842
jp2k_bikes_img73.bmp,0.1408827968889722,1.7391654431261827
jp2k_bikes_img78.bmp,0.1390922032528025,1.721583117712031
jp2k_building2_img107.bmp,0.1677265733904691,2.002751777993142
jp2k_building2_img119.bmp,0.1881703423525165,2.2034946999613862
jp2k_building2_img132.bmp,0.186039414751073,2.182570542874174
jp2k_building2_img163.bmp,0.1791676131883763,2.1150944562757306
jp2k_building2_img216.bmp,0.1875385377543765,2.197290838952242
jp2k_building2_img24.bmp,0.1881703423525165,2.2034946999613862
jp2k_building2_img30.bmp,0.1727539195295946,2.052116655652802
jp2k_building2_img41.bmp,0.1846251563231841,2.1686835551196326
jp2k_buildings_img1.bmp,0.2310953217750616,2.6249867355398147
jp2k_buildings_img123.bmp,0.2310953217750616,2.6249867355398147
jp2k_buildings_img13.bmp,0.2249487569844241,2.5646319458515565
jp2k_buildings_img156.bmp,0.2157896145147465,2.4746958374216566
jp2k_buildings_img199.bmp,0.2297932824235891,2.612201657386297
jp2k_buildings_img222.bmp,0.2281867002636885,2.5964261906531707
jp2k_buildings_img29.bmp,0.2197288715306834,2.5133764723491554
jp2k_buildings_img33.bmp,0.2244734899906113,2.559965170110246
jp2k_caps_img122.bmp,0.1702499275202725,2.027529277783799
jp2k_caps_img153.bmp,0.173894156953229,2.0633129567156265
jp2k_caps_img193.bmp,0.1687822577207985,2.0131178292599037
jp2k_caps_img25.bmp,0.173894156953229,2.0633129567156265
jp2k_caps_img49.bmp,0.1729789412004856,2.054326204577205
jp2k_caps_img68.bmp,0.1724300289260172,2.048936285815866
jp2k_caps_img83.bmp,0.1715321525058076,2.0401197932946546
jp2k_carnivaldolls_img108.bmp,0.2779742327596553,3.085303499401056
jp2k_carnivaldolls_img124.bmp,0.2780608557261225,3.086154073844079
jp2k_carnivaldolls_img148.bmp,0.2773995151839976,3.079660191376092
jp2k_carnivaldolls_img161.bmp,0.2768676179431908,3.074437347853226
jp2k_carnivaldolls_img18.bmp,0.2779338091303726,3.0849065688021122
jp2k_carnivaldolls_img181.bmp,0.2739739242075098,3.046023382851949
jp2k_carnivaldolls_img67.bmp,0.2768676179431908,3.074437347853226
jp2k_carnivaldolls_img79.bmp,0.2763600113371279,3.069453020672625
jp2k_cemetry_img118.bmp,0.1921516712410104,2.242588450036363
jp2k_cemetry_img125.bmp,0.191044325330012,2.2317151196726672
jp2k_cemetry_img178.bmp,0.1879005720131178,2.2008457517027846
jp2k_cemetry_img46.bmp,0.1831958669025969,2.154648973963896
jp2k_cemetry_img48.bmp,0.1828814375083798,2.1515615063122597
jp2k_cemetry_img9.bmp,0.1921516712410104,2.242588450036363
jp2k_cemetry_img98.bmp,0.1900838536374291,2.2222839871650164
jp2k_churchandcapitol_img110.bmp,0.2391598307772735,2.7041743405430116
jp2k_churchandcapitol_img128.bmp,0.2391598307772735,2.7041743405430116
jp2k_churchandcapitol_img176.bmp,0.2386046719801737,2.6987230854787874
jp2k_churchandcapitol_img194.bmp,0.2316378856114076,2.630314317262372
jp2k_churchandcapitol_img198.bmp,0.239212005592437,2.7046866592288916
jp2k_churchandcapitol_img45.bmp,0.2325447883644152,2.639219441797763
jp2k_churchandcapitol_img5.bmp,0.2333764997876529,2.6473862422368137
jp2k_churchandcapitol_img7.bmp,0.2375787308627108,2.6886490909003316
jp2k_coinsinfountain_img168.bmp,0.1842484263301677,2.1649843409614413
jp2k_coinsinfountain_img177.bmp,0.1778366781948772,2.1020256439622678
jp2k_coinsinfountain_img182.bmp,0.1859211154822699,2.181408930212129
jp2k_coinsinfountain_img21.bmp,0.1880636727913357,2.2024472825582517
jp2k_coinsinfountain_img224.bmp,0.1889056736843231,2.2107151180964024
jp2k_coinsinfountain_img28.bmp,0.1826300153395303,2.149092723725442
jp2k_coinsinfountain_img54.bmp,0.1889056736843231,2.2107151180964024
jp2k_coinsinfountain_img77.bmp,0.189101534463468,2.2126383283017965
jp2k_dancers_img165.bmp,0.264927104139158,2.9571901985984317
jp2k_dancers_img170.bmp,0.26454495064979,2.9534377296560117
jp2k_dancers_img184.bmp,0.264766068056121,2.9556089415459197
jp2k_dancers_img205.bmp,0.2650001635534701,2.9579075888376547
jp2k_dancers_img4.bmp,0.2613482854240491,2.922048805277107
jp2k_dancers_img6.bmp,0.2608803334837071,2.917453858033311
jp2k_dancers_img65.bmp,0.257032564403666,2.879671568005457
jp2k_dancers_img84.bmp,0.264766068056121,2.9556089415459197
jp2k_flowersonih35_img111.bmp,0.2334256196030434,2.6478685630498857
jp2k_flowersonih35_img167.bmp,0.2297016064806705,2.6113014663946146
jp2k_flowersonih35_img192.bmp,0.2320178984524102,2.6340457665968824
jp2k_flowersonih35_img201.bmp,0.2110904190849954,2.4285531607352153
jp2k_flowersonih35_img209.bmp,0.2344318640770001,2.6577491509342166
jp2k_flowersonih35_img44.bmp,0.2246201399743569,2.5614051661451427
jp2k_flowersonih35_img86.bmp,0.2226034071240304,2.541602318345627
jp2k_flowersonih35_img89.bmp,0.2344318640770001,2.6577491509342166
jp2k_house_img131.bmp,0.1894340102225253,2.2159029981129588
jp2k_house_img144.bmp,0.1830234476491953,2.1529559424687896
jp2k_house_img179.bmp,0.1802574028627808,2.1257953971823174
jp2k_house_img187.bmp,0.1866904002284907,2.188962746148351
jp2k_house_img20.bmp,0.1894340102225253,2.2159029981129588
jp2k_house_img212.bmp,0.1880060825006348,2.2018817878466965
jp2k_house_img27.bmp,0.1854809468611646,2.177086794928589
jp2k_house_img47.bmp,0.1852570598742028,2.1748883877739775
jp2k_house_img80.bmp,0.1870943119256353,2.19292886484459
jp2k_lighthouse2_img103.bmp,0.1898723646926852,2.220207319755465
jp2k_lighthouse2_img11.bmp,0.1900087678790438,2.221546699702785
jp2k_lighthouse2_img114.bmp,0.1897690135108827,2.2191924864210435
jp2k_lighthouse2_img137.bmp,0.1848903234378443,2.1712873030638393
jp2k_lighthouse2_img151.bmp,0.1900087678790438,2.221546699702785
jp2k_lighthouse2_img164.bmp,0.1883734323402083,2.2054888957296632
jp2k_lighthouse2_img211.bmp,0.1893113861943119,2.2146989194632356
jp2k_lighthouse2_img74.bmp,0.1872727128934014,2.1946806324182604
jp2k_lighthouse_img106.bmp,0.1694367906749334,2.0195448661718087
jp2k_lighthouse_img149.bmp,0.1705467603038988,2.030443959535081
jp2k_lighthouse_img174.bmp,0.1718259153686354,2.0430043306595254
jp2k_lighthouse_img180.bmp,0.1724476458182882,2.0491092708675485
jp2k_lighthouse_img202.bmp,0.165061255649764,1.9765802989358208
jp2k_lighthouse_img51.bmp,0.1710894701538915,2.0357729750053077
jp2k_lighthouse_img72.bmp,0.1724476458182882,2.0491092708675485
jp2k_lighthouse_img91.bmp,0.1694644623982,2.019816582340914
jp2k_manfishing_img121.bmp,0.2475011473227464,2.7860799940215273
jp2k_manfishing_img143.bmp,0.2584142130517996,2.893238351472572
jp2k_manfishing_img157.bmp,0.2599541411265916,2.908359323634239
jp2k_manfishing_img200.bmp,0.2548528686511617,2.858268543192773
jp2k_manfishing_img26.bmp,0.260311955568921,2.911872800860918
jp2k_manfishing_img36.bmp,0.2599541411265916,2.908359323634239
jp2k_manfishing_img63.bmp,0.2596405537040391,2.9052801235311394
jp2k_manfishing_img94.bmp,0.2596584971751279,2.9054563153489648
jp2k_monarch_img105.bmp,0.2315638838981561,2.629587674333843
jp2k_monarch_img160.bmp,0.2204111825550537,2.5200762696799464
jp2k_monarch_img204.bmp,0.2311986446529619,2.6260012909505304
jp2k_monarch_img208.bmp,0.2268643657662873,2.58344182894763
jp2k_monarch_img22.bmp,0.2311986446529619,2.6260012909505304
jp2k_monarch_img56.bmp,0.2296717548235121,2.6110083448623427
jp2k_monarch_img61.bmp,0.2318578445615262,2.63247415395598
jp2k_ocean_img120.bmp,0.1260594707676508,1.5936111764737657
jp2k_ocean_img140.bmp,0.1270483539817923,1.6033212894309525
jp2k_ocean_img16.bmp,0.1270483539817923,1.6033212894309525
jp2k_ocean_img219.bmp,0.1251953703889019,1.585126340080538
jp2k_ocean_img31.bmp,0.1267058221518036,1.599957876327101
jp2k_ocean_img37.bmp,0.1265610440706393,1.5985362610122427
jp2k_ocean_img69.bmp,0.1271034618681199,1.6038624087395026
jp2k_paintedhouse_img117.bmp,0.1441822164216009,1.771563339962552
jp2k_paintedhouse_img14.bmp,0.1403460670092464,1.7338951466087527
jp2k_paintedhouse_img196.bmp,0.1388049506536192,1.718762506394711
jp2k_paintedhouse_img210.bmp,0.1420255738544437,1.7503866806402941
jp2k_paintedhouse_img215.bmp,0.1358374152686965,1.689623470176906
jp2k_paintedhouse_img35.bmp,0.1441822164216009,1.771563339962552
jp2k_paintedhouse_img40.bmp,0.1381015088517126,1.711855220218102
jp2k_paintedhouse_img82.bmp,0.1437846504475694,1.7676595316456811
jp2k_parrots_img101.bmp,0.233623273828792,2.649809383594757
jp2k_parrots_img127.bmp,0.2298884783623899,2.6131364121739225
jp2k_parrots_img145.bmp,0.2339730998466817,2.6532444203114243
jp2k_parrots_img158.bmp,0.2311300705501896,2.625327943203967
jp2k_parrots_img197.bmp,0.232427822986572,2.6380709269734686
jp2k_parrots_img50.bmp,0.2339730998466817,2.6532444203114243
jp2k_parrots_img85.bmp,0.2332899034083635,2.6465359288605135
jp2k_parrots_img96.bmp,0.2332513698326932,2.646157557211514
jp2k_plane_img113.bmp,0.400819527031728,4.291554820671857
jp2k_plane_img139.bmp,0.4014744151091701,4.297985344636002
jp2k_plane_img173.bmp,0.4005272068124619,4.288684449016082
jp2k_plane_img203.bmp,0.3997868389865582,4.281414576177121
jp2k_plane_img220.bmp,0.397817818785165,4.262080231840909
jp2k_plane_img53.bmp,0.3987101798066875,4.270842567163889
jp2k_plane_img57.bmp,0.4014744151091701,4.297985344636002
jp2k_plane_img58.bmp,0.4010418019994593,4.293737398971661
jp2k_rapids_img126.bmp,0.1932120482280881,2.2530005797747212
jp2k_rapids_img135.bmp,0.1820997167604808,2.1438855778967234
jp2k_rapids_img146.bmp,0.1891026582254923,2.212649362826437
jp2k_rapids_img189.bmp,0.193354630479509,2.254400633640727
jp2k_rapids_img3.bmp,0.1925160261318025,2.2461661497035235
jp2k_rapids_img32.bmp,0.1861015772052154,2.183180932900809
jp2k_rapids_img64.bmp,0.193354630479509,2.254400633640727
jp2k_rapids_img81.bmp,0.1909694534906136,2.23097993273909
jp2k_sailing1_img136.bmp,0.2081342627252529,2.3995258582573125
jp2k_sailing1_img159.bmp,0.2092084419100848,2.410073515525448
jp2k_sailing1_img19.bmp,0.209135836535008,2.4093605836208383
jp2k_sailing1_img213.bmp,0.2029995645657129,2.3491068619418796
jp2k_sailing1_img214.bmp,0.2088309636791456,2.4063669542157986
jp2k_sailing1_img43.bmp,0.2048778728813814,2.367550481625928
jp2k_sailing1_img66.bmp,0.2092084419100848,2.410073515525448
jp2k_sailing1_img88.bmp,0.2051167601959966,2.3698961810733254
jp2k_sailing2_img138.bmp,0.1231071224600548,1.564621266294529
jp2k_sailing2_img141.bmp,0.1240320596532557,1.573703475898098
jp2k_sailing2_img185.bmp,0.1238958641540166,1.5723661352870328
jp2k_sailing2_img206.bmp,0.1240663011969857,1.5740397029193396
jp2k_sailing2_img55.bmp,0.1238429662815311,1.5718467167048549
jp2k_sailing2_img59.bmp,0.1241079516424979,1.5744486799601642
jp2k_sailing2_img62.bmp,0.1240752839332125,1.5741279068469418
jp2k_sailing2_img93.bmp,0.1240663011969857,1.5740397029193396
jp2k_sailing3_img100.bmp,0.0986820926288661,1.3247852621518121
jp2k_sailing3_img109.bmp,0.0983364916177449,1.3213917119245304
jp2k_sailing3_img12.bmp,0.0983352946604149,1.3213799586752963
jp2k_sailing3_img130.bmp,0.0980470959501803,1.318550057236507
jp2k_sailing3_img147.bmp,0.0986820926288661,1.3247852621518121
jp2k_sailing3_img154.bmp,0.0976106777118233,1.3142647479801437
jp2k_sailing3_img183.bmp,0.0985841551319001,1.3238235872596866
jp2k_sailing3_img38.bmp,0.0978390224572676,1.316506927076458
jp2k_sailing4_img166.bmp,0.1314610876154377,1.6466511199103522
jp2k_sailing4_img172.bmp,0.1178598151970435,1.5130965305964503
jp2k_sailing4_img221.bmp,0.1253419882812632,1.5865660210014125
jp2k_sailing4_img39.bmp,0.1303494240483533,1.6357353933084502
jp2k_sailing4_img52.bmp,0.128404216102151,1.6166348679756988
jp2k_sailing4_img70.bmp,0.1314610876154377,1.6466511199103522
jp2k_sailing4_img90.bmp,0.1312326643790579,1.6444081700902162
jp2k_statue_img102.bmp,0.0910716935012106,1.2500566853876016
jp2k_statue_img116.bmp,0.0897661363546225,1.2372370650480666
jp2k_statue_img162.bmp,0.0906184258709032,1.245605927373732
jp2k_statue_img169.bmp,0.0883405031730236,1.2232383854963493
jp2k_statue_img207.bmp,0.0910755131868093,1.2500941919182962
jp2k_statue_img227.bmp,0.0883421794609797,1.2232548454232341
jp2k_statue_img92.bmp,0.0901547714813577,1.2410531789488426
jp2k_statue_img95.bmp,0.0910755131868093,1.2500941919182962
jp2k_stream_img112.bmp,0.1650064735302726,1.9760423784203456
jp2k_stream_img17.bmp,0.158934537358792,1.9164203874200316
jp2k_stream_img175.bmp,0.1448199251996298,1.7778251757181789
jp2k_stream_img217.bmp,0.1635468005475899,1.9617094528132428
jp2k_stream_img223.bmp,0.1650064735302726,1.9760423784203456
jp2k_stream_img71.bmp,0.1533667040340298,1.8617483192353503
jp2k_stream_img8.bmp,0.1612871799128531,1.9395216238664919
jp2k_studentsculpture_img142.bmp,0.1831806893099095,2.154499941057578
jp2k_studentsculpture_img171.bmp,0.1860792961095337,2.182962148768582
jp2k_studentsculpture_img190.bmp,0.187347363607454,2.1954136480619884
jp2k_studentsculpture_img2.bmp,0.186708845620934,2.189143866468327
jp2k_studentsculpture_img218.bmp,0.1765906894685713,2.0897909421261005
jp2k_studentsculpture_img34.bmp,0.187385458474326,2.1957877119101012
jp2k_studentsculpture_img60.bmp,0.1792929934850286,2.116325599474128
jp2k_studentsculpture_img87.bmp,0.187347363607454,2.1954136480619884
jp2k_womanhat_img186.bmp,0.0868608830207232,1.2087095932111651
jp2k_womanhat_img191.bmp,0.086160684492206,1.2018341536171575
jp2k_womanhat_img195.bmp,0.0868673165805654,1.2087727660832406
jp2k_womanhat_img226.bmp,0.0866777399508356,1.2069112616483442
jp2k_womanhat_img42.bmp,0.0867028836537447,1.207158154498701
jp2k_womanhat_img75.bmp,0.0869654501970675,1.2097363667263763
jp2k_womanhat_img97.bmp,0.0868608830207232,1.2087095932111651
jp2k_womanhat_img99.bmp,0.0867190151618668,1.2073165541598492
jp2k_woman_img10.bmp,0.0873750225291818,1.2137580687353653
jp2k_woman_img104.bmp,0.0872493155511572,1.2125237177638146
jp2k_woman_img134.bmp,0.0906620855219748,1.2460346333498415
jp2k_woman_img150.bmp,0.0898207970617233,1.237773793382291
jp2k_woman_img152.bmp,0.0838515981587913,1.1791606075353598
jp2k_woman_img155.bmp,0.0781421579970279,1.1230980633438779
jp2k_woman_img23.bmp,0.088670761661238,1.226481283322677
jp2k_woman_img76.bmp,0.0906620855219748,1.2460346333498415
jpeg_bikes_img179.bmp,0.1408827968889722,1.7391654431261827
jpeg_bikes_img183.bmp,0.1332652464487939,1.664366645681314
jpeg_bikes_img188.bmp,0.1334793089467423,1.666468583509009
jpeg_bikes_img203.bmp,0.1397183510084275,1.727731432647568
jpeg_bikes_img226.bmp,0.1397265072330701,1.727811520833363
jpeg_bikes_img29.bmp,0.134658034848131,1.678042813392143
jpeg_bikes_img42.bmp,0.1408827968889722,1.7391654431261827
jpeg_bikes_img77.bmp,0.1365524174808435,1.696644271162605
jpeg_bikes_img81.bmp,0.1387858108155962,1.7185745671249086
jpeg_building2_img113.bmp,0.1881703423525165,2.2034946999613862
jpeg_building2_img171.bmp,0.18694642307952,2.191476704083489
jpeg_building2_img192.bmp,0.1741669516003631,2.0659916014735797
jpeg_building2_img205.bmp,0.1743836806019254,2.0681197224247434
jpeg_building2_img224.bmp,0.1881703423525165,2.2034946999613862
jpeg_building2_img225.bmp,0.1849557869787725,2.1719301073585227
jpeg_building2_img36.bmp,0.1755515055207249,2.0795869125980593
jpeg_building2_img60.bmp,0.1809195720451668,2.1322974162941675
jpeg_building2_img62.bmp,0.1755515055207249,2.0795869125980593
jpeg_buildings_img157.bmp,0.2289996022339711,2.604408295963166
jpeg_buildings_img162.bmp,0.2062157940368093,2.3806878929614954
jpeg_buildings_img163.bmp,0.2276094062609337,2.5907575839905306
jpeg_buildings_img204.bmp,0.206082712667513,2.379381130838441
jpeg_buildings_img227.bmp,0.2310953217750616,2.6249867355398147
jpeg_buildings_img43.bmp,0.2275265189514988,2.5899436909788784
jpeg_buildings_img66.bmp,0.2310953217750616,2.6249867355398147
jpeg_buildings_img84.bmp,0.2275265189514988,2.5899436909788784
jpeg_buildings_img90.bmp,0.2275265189514988,2.5899436909788784
jpeg_caps_img105.bmp,0.1713034431701458,2.0378740341879364
jpeg_caps_img12.bmp,0.173894156953229,2.0633129567156265
jpeg_caps_img126.bmp,0.1701845365342389,2.026887185925339
jpeg_caps_img136.bmp,0.173894156953229,2.0633129567156265
jpeg_caps_img159.bmp,0.1701845365342389,2.026887185925339
jpeg_caps_img207.bmp,0.1684345463365711,2.009703556705708
jpeg_caps_img24.bmp,0.171853202873052,2.0432722740793507
jpeg_caps_img63.bmp,0.1713650310798913,2.0384787826070356
jpeg_carnivaldolls_img104.bmp,0.276857039607448,3.0743334763004553
jpeg_carnivaldolls_img14.bmp,0.2771745473971701,3.0774511715539488
jpeg_carnivaldolls_img153.bmp,0.2768676179431908,3.074437347853226
jpeg_carnivaldolls_img176.bmp,0.2834193883870741,3.1387709619442448
jpeg_carnivaldolls_img216.bmp,0.2769642003267007,3.075385716518144
jpeg_carnivaldolls_img5.bmp,0.2768676179431908,3.074437347853226
jpeg_carnivaldolls_img80.bmp,0.276857039607448,3.0743334763004553
jpeg_cemetry_img117.bmp,0.1906360936553014,2.227706581942979
jpeg_cemetry_img123.bmp,0.1921516712410104,2.242588450036363
jpeg_cemetry_img128.bmp,0.1906929525554305,2.228264894931793
jpeg_cemetry_img213.bmp,0.1766121719936593,2.0900018848766972
jpeg_cemetry_img46.bmp,0.1787107091100317,2.1106079909905686
jpeg_cemetry_img55.bmp,0.1894163506050979,2.215729593531358
jpeg_cemetry_img78.bmp,0.1787107091100317,2.1106079909905686
jpeg_cemetry_img82.bmp,0.1921516712410104,2.242588450036363
jpeg_churchandcapitol_img118.bmp,0.2391598307772735,2.7041743405430116
jpeg_churchandcapitol_img132.bmp,0.2388213896114112,2.700851094781642
jpeg_churchandcapitol_img195.bmp,0.2205874314439752,2.5218069054067267
jpeg_churchandcapitol_img2.bmp,0.2393077276677047,2.7056265802934356
jpeg_churchandcapitol_img21.bmp,0.2382455194618957,2.695196469320816
jpeg_churchandcapitol_img22.bmp,0.2391598307772735,2.7041743405430116
jpeg_churchandcapitol_img4.bmp,0.2368865471206521,2.6818523506721608
jpeg_coinsinfountain_img101.bmp,0.1881865713359768,2.203654056759364
jpeg_coinsinfountain_img112.bmp,0.1889056736843231,2.2107151180964024
jpeg_coinsinfountain_img129.bmp,0.1753401115778491,2.077511178037663
jpeg_coinsinfountain_img182.bmp,0.1889056736843231,2.2107151180964024
jpeg_coinsinfountain_img184.bmp,0.1720815741096207,2.0455147132992133
jpeg_coinsinfountain_img230.bmp,0.1720815741096207,2.0455147132992133
jpeg_coinsinfountain_img49.bmp,0.1872068641036285,2.1940340452604996
jpeg_coinsinfountain_img73.bmp,0.1869556008803232,2.191566823403165
jpeg_dancers_img119.bmp,0.2650181147182712,2.9580838562021308
jpeg_dancers_img155.bmp,0.264766068056121,2.9556089415459197
jpeg_dancers_img186.bmp,0.2602282350277067,2.9110507261200365
jpeg_dancers_img187.bmp,0.2602282350277067,2.9110507261200365
jpeg_dancers_img39.bmp,0.2622466258436998,2.9308698539348983
jpeg_dancers_img41.bmp,0.2582834980630935,2.891954825483473
jpeg_dancers_img61.bmp,0.2645433298080831,2.9534218141709125
jpeg_dancers_img68.bmp,0.264766068056121,2.9556089415459197
jpeg_flowersonih35_img115.bmp,0.2344318640770001,2.6577491509342166
jpeg_flowersonih35_img125.bmp,0.2344318640770001,2.6577491509342166
jpeg_flowersonih35_img134.bmp,0.2253771270237639,2.568838227655091
jpeg_flowersonih35_img198.bmp,0.233493854971883,2.648538584675931
jpeg_flowersonih35_img229.bmp,0.2269957189036517,2.5847316210917883
jpeg_flowersonih35_img27.bmp,0.2317815735349561,2.6317252280234076
jpeg_flowersonih35_img74.bmp,0.2337473124683312,2.6510273526974353
jpeg_flowersonih35_img79.bmp,0.2208291146845239,2.5241800588105128
jpeg_house_img120.bmp,0.1862197851538114,2.184341648864929
jpeg_house_img140.bmp,0.1894340102225253,2.2159029981129588
jpeg_house_img147.bmp,0.1843319753417483,2.1658047314062454
jpeg_house_img151.bmp,0.1863325144927219,2.1854485688720207
jpeg_house_img160.bmp,0.1843319753417483,2.1658047314062454
jpeg_house_img50.bmp,0.1838046087000145,2.1606263750666317
jpeg_house_img51.bmp,0.1854618223078069,2.1768990057430675
jpeg_house_img54.bmp,0.1894340102225253,2.2159029981129588
jpeg_house_img75.bmp,0.1845265779263991,2.167715587058053
jpeg_lighthouse2_img133.bmp,0.1900087678790438,2.221546699702785
jpeg_lighthouse2_img141.bmp,0.1889419868894406,2.211071687323675
jpeg_lighthouse2_img181.bmp,0.1898489133028504,2.219977044186983
jpeg_lighthouse2_img232.bmp,0.1784717738363065,2.108261820619639
jpeg_lighthouse2_img64.bmp,0.189096843757919,2.212592268989556
jpeg_lighthouse2_img69.bmp,0.1878514209445174,2.2003631240059534
jpeg_lighthouse2_img95.bmp,0.1900087678790438,2.221546699702785
jpeg_lighthouse2_img97.bmp,0.1890775757153968,2.212403070844943
jpeg_lighthouse_img131.bmp,0.1669424025127539,1.9950517910872452
jpeg_lighthouse_img161.bmp,0.1670848596151277,1.9964506160807542
jpeg_lighthouse_img202.bmp,0.1724476458182882,2.0491092708675485
jpeg_lighthouse_img231.bmp,0.1713908773726568,2.038732574378084
jpeg_lighthouse_img3.bmp,0.1724476458182882,2.0491092708675485
jpeg_lighthouse_img44.bmp,0.1691196027418588,2.0164303116776416
jpeg_lighthouse_img57.bmp,0.171614123328974,2.040924687078629
jpeg_lighthouse_img86.bmp,0.1700006428229671,2.0250814836108186
jpeg_manfishing_img114.bmp,0.2599541411265916,2.908359323634239
jpeg_manfishing_img135.bmp,0.2598884003887088,2.907713797467345
jpeg_manfishing_img148.bmp,0.2290556662347675,2.6049588036194593
jpeg_manfishing_img174.bmp,0.2595928359397887,2.904811569839147
jpeg_manfishing_img193.bmp,0.2599541411265916,2.908359323634239
jpeg_manfishing_img33.bmp,0.259897951097209,2.907807578469016
jpeg_manfishing_img92.bmp,0.2571683099127848,2.8810044900412697
jpeg_manfishing_img93.bmp,0.2591492155097727,2.900455540306063
jpeg_monarch_img170.bmp,0.2362964549397432,2.676058075220986
jpeg_monarch_img178.bmp,0.2311314207771641,2.6253412014494835
jpeg_monarch_img18.bmp,0.2311809526044942,2.625827567919733
jpeg_monarch_img209.bmp,0.2362964549397432,2.676058075220986
jpeg_monarch_img211.bmp,0.2311986446529619,2.6260012909505304
jpeg_monarch_img48.bmp,0.2311986446529619,2.6260012909505304
jpeg_monarch_img94.bmp,0.2311822317973859,2.6258401286622908
jpeg_monarch_img96.bmp,0.2314824869131226,2.628788415222406
jpeg_ocean_img143.bmp,0.12697063525868,1.602558148172696
jpeg_ocean_img156.bmp,0.1295322831263894,1.6277116645801817
jpeg_ocean_img164.bmp,0.1224070569530235,1.5577471328746328
jpeg_ocean_img169.bmp,0.1270483539817923,1.6033212894309525
jpeg_ocean_img194.bmp,0.1263070947969268,1.5960426640961654
jpeg_ocean_img28.bmp,0.1270483539817923,1.6033212894309525
jpeg_ocean_img30.bmp,0.1269780542214959,1.6026309969843022
jpeg_ocean_img8.bmp,0.1270232803019038,1.6030750841556602
jpeg_ocean_img98.bmp,0.1272459743634188,1.6052617776511937
jpeg_paintedhouse_img152.bmp,0.1398700145276155,1.7292206579491407
jpeg_paintedhouse_img172.bmp,0.1441822164216009,1.771563339962552
jpeg_paintedhouse_img20.bmp,0.1441822164216009,1.771563339962552
jpeg_paintedhouse_img215.bmp,0.1323364212687893,1.6552462588789614
jpeg_paintedhouse_img228.bmp,0.1414754394176861,1.7449847611353784
jpeg_paintedhouse_img23.bmp,0.1369982914455496,1.7010224287650915
jpeg_paintedhouse_img56.bmp,0.1399444971800318,1.7299520233499994
jpeg_paintedhouse_img91.bmp,0.1369982914455496,1.7010224287650915
jpeg_parrots_img103.bmp,0.2328194875553755,2.641916787789006
jpeg_parrots_img109.bmp,0.2339730998466817,2.6532444203114243
jpeg_parrots_img142.bmp,0.2339730998466817,2.6532444203114243
jpeg_parrots_img149.bmp,0.2304212636375639,2.6183679755475175
jpeg_parrots_img196.bmp,0.2256799003028425,2.57181124074524
jpeg_parrots_img233.bmp,0.2256799003028425,2.57181124074524
jpeg_parrots_img32.bmp,0.2324235344786114,2.6380288169486246
jpeg_parrots_img72.bmp,0.2331866324749189,2.645521883506521
jpeg_plane_img165.bmp,0.3990208116978683,4.273892746101438
jpeg_plane_img17.bmp,0.4006480305544396,4.289870850166123
jpeg_plane_img191.bmp,0.4014744151091701,4.297985344636002
jpeg_plane_img201.bmp,0.3946522589911559,4.230996740147461
jpeg_plane_img25.bmp,0.3997027810271985,4.280589188235793
jpeg_plane_img40.bmp,0.4005461676131613,4.28887063026976
jpeg_plane_img76.bmp,0.4014744151091701,4.297985344636002
jpeg_rapids_img110.bmp,0.1906007800231711,2.2273598277944506
jpeg_rapids_img139.bmp,0.193354630479509,2.254400633640727
jpeg_rapids_img146.bmp,0.1914641899047258,2.235837884008122
jpeg_rapids_img199.bmp,0.1930921435882504,2.251823203538311
jpeg_rapids_img31.bmp,0.193354630479509,2.254400633640727
jpeg_rapids_img35.bmp,0.1910073059431103,2.2313516162545883
jpeg_rapids_img9.bmp,0.188806356660863,2.2097398972588174
jpeg_sailing1_img102.bmp,0.2085348204441585,2.4034590433299536
jpeg_sailing1_img106.bmp,0.208835381915726,2.406410338081207
jpeg_sailing1_img121.bmp,0.2078082177068246,2.3963243336356053
jpeg_sailing1_img122.bmp,0.2092084419100848,2.410073515525448
jpeg_sailing1_img175.bmp,0.2079023831644165,2.397248969848261
jpeg_sailing1_img210.bmp,0.2044205371656156,2.3630597779756517
jpeg_sailing1_img71.bmp,0.2079065348511617,2.3972897363884167
jpeg_sailing1_img88.bmp,0.2092084419100848,2.410073515525448
jpeg_sailing2_img111.bmp,0.1239984729104751,1.5733736785452865
jpeg_sailing2_img124.bmp,0.1248463084353718,1.5816988059194124
jpeg_sailing2_img144.bmp,0.1239001521438869,1.5724082402246073
jpeg_sailing2_img177.bmp,0.1246503922583857,1.5797750517475642
jpeg_sailing2_img219.bmp,0.1240663011969857,1.5740397029193396
jpeg_sailing2_img52.bmp,0.1240663011969857,1.5740397029193396
jpeg_sailing2_img67.bmp,0.1241950936912467,1.575304351413144
jpeg_sailing2_img99.bmp,0.1244135707563351,1.5774496370750153
jpeg_sailing3_img108.bmp,0.0989966098417347,1.3278735921186475
jpeg_sailing3_img145.bmp,0.0926207988103275,1.265267771306541
jpeg_sailing3_img19.bmp,0.0986820926288661,1.3247852621518121
jpeg_sailing3_img206.bmp,0.0985400189464836,1.3233902020633717
jpeg_sailing3_img222.bmp,0.0986820926288661,1.3247852621518121
jpeg_sailing3_img223.bmp,0.0926207988103275,1.265267771306541
jpeg_sailing3_img38.bmp,0.0985514016275966,1.323501971701871
jpeg_sailing3_img83.bmp,0.0984704315558686,1.3227069045681723
jpeg_sailing4_img15.bmp,0.1290758111850298,1.623229442565486
jpeg_sailing4_img166.bmp,0.1271941651756696,1.6047530491602346
jpeg_sailing4_img173.bmp,0.1314610876154377,1.6466511199103522
jpeg_sailing4_img197.bmp,0.1271941651756696,1.6047530491602346
jpeg_sailing4_img214.bmp,0.1301653591089563,1.633928009658446
jpeg_sailing4_img37.bmp,0.1268149627660606,1.6010295576717706
jpeg_sailing4_img47.bmp,0.1289813276044261,1.622301682616544
jpeg_sailing4_img6.bmp,0.1314610876154377,1.6466511199103522
jpeg_statue_img11.bmp,0.0895378301825167,1.2349952647138431
jpeg_statue_img13.bmp,0.0908599382967807,1.2479774035018518
jpeg_statue_img130.bmp,0.0906084289210884,1.24550776460735
jpeg_statue_img208.bmp,0.0910755131868093,1.2500941919182962
jpeg_statue_img218.bmp,0.0881608818606458,1.2214746350273713
jpeg_statue_img221.bmp,0.0881608818606458,1.2214746350273713
jpeg_statue_img70.bmp,0.0908571370445178,1.247949897244788
jpeg_statue_img87.bmp,0.0910755131868093,1.2500941919182962
jpeg_stream_img100.bmp,0.1559196582908869,1.886816470715841
jpeg_stream_img137.bmp,0.1631890042044576,1.9581961533074974
jpeg_stream_img16.bmp,0.1604665340625981,1.9314634792950511
jpeg_stream_img185.bmp,0.1611025373141613,1.9377085680229231
jpeg_stream_img212.bmp,0.1650064735302726,1.9760423784203456
jpeg_stream_img217.bmp,0.1506132325565748,1.834711234685693
jpeg_stream_img7.bmp,0.1650064735302726,1.9760423784203456
jpeg_stream_img85.bmp,0.1591467544538972,1.9185042047358172
jpeg_studentsculpture_img127.bmp,0.1669760404576816,1.9953820912078504
jpeg_studentsculpture_img158.bmp,0.187347363607454,2.1954136480619884
jpeg_studentsculpture_img180.bmp,0.1669760404576816,1.9953820912078504
jpeg_studentsculpture_img200.bmp,0.1822755730570823,2.145612358652847
jpeg_studentsculpture_img34.bmp,0.187347363607454,2.1954136480619884
jpeg_studentsculpture_img45.bmp,0.1846265455271221,2.1686971960905437
jpeg_studentsculpture_img53.bmp,0.1867292559460903,2.18934428099648
jpeg_studentsculpture_img59.bmp,0.1857937197339613,2.1801579967463245
jpeg_womanhat_img1.bmp,0.0873691019505948,1.2136999329656104
jpeg_womanhat_img107.bmp,0.0871930596382045,1.2119713256699165
jpeg_womanhat_img138.bmp,0.077392139824023,1.1157334311247507
jpeg_womanhat_img154.bmp,0.0774007436808379,1.1158179147324663
jpeg_womanhat_img168.bmp,0.0870607129235682,1.210671777320573
jpeg_womanhat_img190.bmp,0.0868608830207232,1.2087095932111651
jpeg_womanhat_img26.bmp,0.0868608830207232,1.2087095932111651
jpeg_womanhat_img89.bmp,0.0874390632297701,1.214386901774168
jpeg_woman_img10.bmp,0.0906620855219748,1.2460346333498415
jpeg_woman_img116.bmp,0.0895871929310894,1.2354799709538358
jpeg_woman_img150.bmp,0.0880481569917375,1.220367758912446
jpeg_woman_img167.bmp,0.0824721345523369,1.1656152795861647
jpeg_woman_img189.bmp,0.0906620855219748,1.2460346333498415
jpeg_woman_img220.bmp,0.0822733962575023,1.1636638142723985
jpeg_woman_img58.bmp,0.0895451414017925,1.2350670555623555
jpeg_woman_img65.bmp,0.0846690757356676,1.1871876419696814
wn_bikes_img152.bmp,0.1408827968889722,1.7391654431261827
wn_bikes_img29.bmp,0.263097961093409,2.939229346057826
wn_bikes_img68.bmp,0.1571154643941667,1.898558415742
wn_bikes_img87.bmp,0.4635448604408283,4.907471911759648
wn_bikes_img95.bmp,0.1438765051092055,1.768561477525008
wn_bikes_img97.bmp,0.2309618824725395,2.6236764587731662
wn_building2_img102.bmp,0.2152718235243441,2.46961150700415
wn_building2_img118.bmp,0.1341515580263488,1.6730695798703548
wn_building2_img121.bmp,0.3183950558414575,3.482206543495612
wn_building2_img136.bmp,0.4260416424065404,4.539217624333915
wn_building2_img156.bmp,0.1881703423525165,2.2034946999613862
wn_building2_img36.bmp,0.2819503376664601,3.1243459537804825
wn_building2_img48.bmp,0.1999603550772745,2.3192640382279475
wn_buildings_img103.bmp,0.2321312559082001,2.6351588542542705
wn_buildings_img130.bmp,0.316746170676738,3.4660156920645298
wn_buildings_img159.bmp,0.2310953217750616,2.6249867355398147
wn_buildings_img4.bmp,0.4717467917116237,4.988008903355414
wn_buildings_img46.bmp,0.2368337730695821,2.681334147926103
wn_buildings_img61.bmp,0.3590593390732487,3.8815001889505316
wn_caps_img110.bmp,0.1798304426483079,2.121602958832197
wn_caps_img132.bmp,0.1748512124407757,2.0727105445778515
wn_caps_img144.bmp,0.1985161894674867,2.305083383728621
wn_caps_img163.bmp,0.173894156953229,2.0633129567156265
wn_caps_img64.bmp,0.1738405628984189,2.062786702130052
wn_caps_img80.bmp,0.435723742486884,4.63428879562945
wn_carnivaldolls_img135.bmp,0.3254724533118391,3.551701432171598
wn_carnivaldolls_img14.bmp,0.2814426673906637,3.11936100140947
wn_carnivaldolls_img166.bmp,0.2768676179431908,3.074437347853226
wn_carnivaldolls_img47.bmp,0.4419485128776325,4.695411507353498
wn_carnivaldolls_img71.bmp,0.3131045000962935,3.4302571392007524
wn_carnivaldolls_img90.bmp,0.2875784577094855,3.179609993631567
wn_cemetry_img169.bmp,0.1921516712410104,2.242588450036363
wn_cemetry_img23.bmp,0.4471200870216584,4.746192598979726
wn_cemetry_img45.bmp,0.1977481881222434,2.2975421698552942
wn_cemetry_img63.bmp,0.2047825567066316,2.366614546208851
wn_cemetry_img65.bmp,0.2932447603310308,3.235248958595267
wn_cemetry_img9.bmp,0.2592396577620154,2.9013436173538074
wn_churchandcapitol_img13.bmp,0.2420224319970368,2.73228299968272
wn_churchandcapitol_img172.bmp,0.2391598307772735,2.7041743405430116
wn_churchandcapitol_img18.bmp,0.2468633652037779,2.779817438111288
wn_churchandcapitol_img20.bmp,0.4438303790782287,4.71389006287632
wn_churchandcapitol_img62.bmp,0.2952329296367829,3.25477133318995
wn_churchandcapitol_img93.bmp,0.3302082288081052,3.598203298469879
wn_coinsinfountain_img124.bmp,0.2454988002047661,2.766418403636493
wn_coinsinfountain_img146.bmp,0.1889056736843231,2.2107151180964024
wn_coinsinfountain_img24.bmp,0.4096840932848561,4.3785984051957065
wn_coinsinfountain_img31.bmp,0.2001237143688562,2.3208681074963717
wn_coinsinfountain_img8.bmp,0.1935387209633218,2.2562082681182902
wn_coinsinfountain_img92.bmp,0.2738549640754006,3.044855280993546
wn_dancers_img149.bmp,0.264766068056121,2.9556089415459197
wn_dancers_img15.bmp,0.4273345068054017,4.551912611134927
wn_dancers_img27.bmp,0.2996723107326905,3.298362822341363
wn_dancers_img30.bmp,0.2782425819078374,3.0879384925969666
wn_dancers_img50.bmp,0.3982766842382123,4.266585956397179
wn_dancers_img51.bmp,0.3664638007159818,3.9542066095974984
wn_flowersonih35_img122.bmp,0.3203865006143613,3.5017610807921957
wn_flowersonih35_img133.bmp,0.2371228663621525,2.684172833511904
wn_flowersonih35_img153.bmp,0.2344318640770001,2.6577491509342166
wn_flowersonih35_img49.bmp,0.3353476261313859,3.6486684371508344
wn_flowersonih35_img53.bmp,0.4102305999052543,4.383964702186119
wn_flowersonih35_img72.bmp,0.2526318626951462,2.8364598822679152
wn_house_img109.bmp,0.2142631077546122,2.4597066527951568
wn_house_img160.bmp,0.1894340102225253,2.2159029981129588
wn_house_img38.bmp,0.2345831367217158,2.659234538133146
wn_house_img54.bmp,0.1887932955370902,2.209611646535812
wn_house_img70.bmp,0.1913785831982506,2.234997288498076
wn_house_img83.bmp,0.2750367170912299,3.056459234935833
wn_lighthouse2_img108.bmp,0.228165480941003,2.5962178323584757
wn_lighthouse2_img125.bmp,0.1910280888267558,2.23155568903577
wn_lighthouse2_img137.bmp,0.4729679715519883,5.0
wn_lighthouse2_img167.bmp,0.1900087678790438,2.221546699702785
wn_lighthouse2_img32.bmp,0.2532530623743515,2.842559610696705
wn_lighthouse2_img6.bmp,0.1937531360592702,2.2583136682015468
wn_lighthouse_img114.bmp,0.1741966158055814,2.066282882364322
wn_lighthouse_img164.bmp,0.1724476458182882,2.0491092708675485
wn_lighthouse_img40.bmp,0.177915312313538,2.102797773738126
wn_lighthouse_img43.bmp,0.1727948346996138,2.0525184128237877
wn_lighthouse_img66.bmp,0.3149445301317666,3.448324894051432
wn_lighthouse_img96.bmp,0.2079329052166962,2.397548674172374
wn_manfishing_img143.bmp,0.323674444461583,3.5340462947556337
wn_manfishing_img170.bmp,0.2599541411265916,2.908359323634239
wn_manfishing_img37.bmp,0.2688887393187474,2.996090570794935
wn_manfishing_img41.bmp,0.4698734935287703,4.9696144795267205
wn_manfishing_img59.bmp,0.261612475843854,2.924642962789164
wn_manfishing_img73.bmp,0.3491234089856918,3.7839365918490793
wn_monarch_img1.bmp,0.2339177561526821,2.652700985543275
wn_monarch_img140.bmp,0.2783770835435776,3.089259200702117
wn_monarch_img17.bmp,0.2549601071511286,2.8593215471604276
wn_monarch_img173.bmp,0.2311986446529619,2.6260012909505304
wn_monarch_img34.bmp,0.4423879860801345,4.699726814132829
wn_monarch_img82.bmp,0.2327133513066278,2.6408746071255527
wn_ocean_img120.bmp,0.2080222029405316,2.3984255127847214
wn_ocean_img147.bmp,0.1270483539817923,1.6033212894309525
wn_ocean_img21.bmp,0.1658461194074806,1.9842870894187055
wn_ocean_img42.bmp,0.469156816615103,4.96257723419178
wn_ocean_img99.bmp,0.1282045280408398,1.6146740766468493
wn_paintedhouse_img111.bmp,0.1530727613622879,1.8588620162778984
wn_paintedhouse_img142.bmp,0.1469583703446088,1.798823149607867
wn_paintedhouse_img150.bmp,0.1441822164216009,1.771563339962552
wn_paintedhouse_img26.bmp,0.1785672718220443,2.1091995412882047
wn_paintedhouse_img39.bmp,0.2533673790659738,2.843682117351354
wn_paintedhouse_img94.bmp,0.4687400324924355,4.9584847176519204
wn_parrots_img104.bmp,0.4487910950617143,4.762600680934476
wn_parrots_img154.bmp,0.2339730998466817,2.6532444203114243
wn_parrots_img22.bmp,0.2360142499009812,2.673287027270855
wn_parrots_img67.bmp,0.242064110672135,2.732692253917519
wn_parrots_img69.bmp,0.2629943858208115,2.9382123123150032
wn_parrots_img75.bmp,0.2340867279140322,2.654360165177251
wn_plane_img10.bmp,0.398374628940381,4.267547702039147
wn_plane_img105.bmp,0.4702039334675266,4.972859159065219
wn_plane_img129.bmp,0.4068843037050969,4.351106510614991
wn_plane_img139.bmp,0.4004817255637933,4.2882378562782435
wn_plane_img157.bmp,0.4014744151091701,4.297985344636002
wn_plane_img78.bmp,0.3994031116204016,4.277646652910894
wn_rapids_img101.bmp,0.1941405133262633,2.2621174308357572
wn_rapids_img107.bmp,0.1985299178597627,2.305218186542355
wn_rapids_img116.bmp,0.2834877127974468,3.1394418578932957
wn_rapids_img161.bmp,0.193354630479509,2.254400633640727
wn_rapids_img74.bmp,0.2252260028148176,2.5673542979873116
wn_rapids_img77.bmp,0.4406965054820537,4.6831177065684795
wn_sailing1_img141.bmp,0.2725100867968298,3.031649565594874
wn_sailing1_img165.bmp,0.2092084419100848,2.410073515525448
wn_sailing1_img52.bmp,0.4727126510843099,4.997492938957821
wn_sailing1_img56.bmp,0.2179753405785917,2.49615807549982
wn_sailing1_img76.bmp,0.2122691445820098,2.4401273866476885
wn_sailing1_img79.bmp,0.2460007601662178,2.7713472848794742
wn_sailing2_img113.bmp,0.3102194521280199,3.4019280693386857
wn_sailing2_img117.bmp,0.1275516757864062,1.6082635429819536
wn_sailing2_img12.bmp,0.1378766102904732,1.709646880140817
wn_sailing2_img128.bmp,0.1678179992646971,2.0036495134924084
wn_sailing2_img168.bmp,0.1240663011969857,1.5740397029193396
wn_sailing2_img81.bmp,0.1253301010218975,1.5864492967719572
wn_sailing3_img123.bmp,0.1610346399529945,1.9370418653860533
wn_sailing3_img171.bmp,0.0986820926288661,1.3247852621518121
wn_sailing3_img5.bmp,0.1007177557559464,1.3447739914820904
wn_sailing3_img58.bmp,0.3262213148056201,3.559054706643159
wn_sailing3_img84.bmp,0.1033001845935706,1.3701315618793164
wn_sailing3_img89.bmp,0.1329932341324692,1.661695682842136
wn_sailing4_img100.bmp,0.1360636556015527,1.6918449854742532
wn_sailing4_img126.bmp,0.1791036145608764,2.1144660363640138
wn_sailing4_img127.bmp,0.1319215141218201,1.651172172873454
wn_sailing4_img134.bmp,0.2526330977510501,2.836472009617397
wn_sailing4_img174.bmp,0.1314610876154377,1.6466511199103522
wn_sailing4_img86.bmp,0.1632102520025243,1.9584047912096971
wn_statue_img145.bmp,0.306275178464911,3.3631981745895927
wn_statue_img148.bmp,0.0910755131868093,1.2500941919182962
wn_statue_img25.bmp,0.1232379630600025,1.5659060256945367
wn_statue_img55.bmp,0.0997932387803971,1.3356959081098148
wn_statue_img85.bmp,0.0923747268567437,1.2628515239370588
wn_statue_img91.bmp,0.1685450835971272,2.0107889520998543
wn_stream_img106.bmp,0.2935800153515253,3.2385409187296004
wn_stream_img131.bmp,0.3660378579408526,3.95002416176073
wn_stream_img138.bmp,0.1681511653590549,2.006920961893449
wn_stream_img151.bmp,0.1650064735302726,1.9760423784203456
wn_stream_img2.bmp,0.228054517215031,2.595128249384541
wn_stream_img88.bmp,0.1759488137300418,2.083488189853164
wn_studentsculpture_img112.bmp,0.2804487886570014,3.1096018360888356
wn_studentsculpture_img155.bmp,0.187347363607454,2.1954136480619884
wn_studentsculpture_img16.bmp,0.2102459579692654,2.4202611676015175
wn_studentsculpture_img19.bmp,0.1907666946095363,2.2289889881966216
wn_studentsculpture_img44.bmp,0.3519230911264568,3.8114274314571195
wn_studentsculpture_img57.bmp,0.4402220178609999,4.678458583700044
wn_womanhat_img11.bmp,0.0873616751365656,1.2136270070608077
wn_womanhat_img119.bmp,0.1192340763683168,1.5265907744211111
wn_womanhat_img162.bmp,0.0868608830207232,1.2087095932111651
wn_womanhat_img28.bmp,0.1021398814273736,1.3587382298384485
wn_womanhat_img3.bmp,0.0892144256909151,1.2318196681424731
wn_womanhat_img60.bmp,0.3029633352056403,3.3306782858058246
wn_woman_img115.bmp,0.1074101301692784,1.4104882341509353
wn_woman_img158.bmp,0.0906620855219748,1.2460346333498415
wn_woman_img33.bmp,0.3167737456258827,3.466286457982238
wn_woman_img35.bmp,0.0916868135077738,1.256096715858884
wn_woman_img7.bmp,0.1253565353243359,1.5867088623697452
wn_woman_img98.bmp,0.0906813963528883,1.2462242516452942
