image_name,Overall_Contrast_Score,Contrast_Score_to_MOS_scale
fastfading_bikes_img152.bmp,2.025540090792969,1.493577093268191
fastfading_bikes_img31.bmp,0.347859068981074,1.0621324640794039
fastfading_bikes_img32.bmp,1.484433076649616,1.354422085830367
fastfading_bikes_img33.bmp,1.7301564794002624,1.417614099690226
fastfading_bikes_img34.bmp,1.7433585979427395,1.4210092523235398
fastfading_bikes_img35.bmp,1.4089636170153466,1.3350138117880106
fastfading_building2_img156.bmp,3.4003710398562887,1.847138599480663
fastfading_building2_img51.bmp,0.5701790989486971,1.1193058967186007
fastfading_building2_img52.bmp,4.349605552407479,2.0912506368443227
fastfading_building2_img53.bmp,4.693713394464982,2.1797439072498683
fastfading_building2_img54.bmp,2.650583764770912,1.6543178614119265
fastfading_building2_img55.bmp,2.6331134906060867,1.6498250788979245
fastfading_buildings_img159.bmp,1.38513824769879,1.32888670687568
fastfading_buildings_img66.bmp,0.8144445552804165,1.182122974494715
fastfading_buildings_img67.bmp,0.4442037490383859,1.0869091613306767
fastfading_buildings_img68.bmp,1.7795827131114823,1.4303249087167864
fastfading_buildings_img69.bmp,0.3415067568961657,1.0604988573947407
fastfading_buildings_img70.bmp,1.1387389057476784,1.2655208635846553
fastfading_caps_img163.bmp,0.7044812464430747,1.153844011814157
fastfading_caps_img86.bmp,0.3238373308201988,1.0559548595297048
fastfading_caps_img87.bmp,0.4025093184659359,1.076186718921368
fastfading_caps_img88.bmp,0.5236039675817492,1.107328297865912
fastfading_caps_img89.bmp,0.6922593433346526,1.1507009384968587
fastfading_caps_img90.bmp,0.748506875802978,1.1651659622248927
fastfading_carnivaldolls_img101.bmp,0.7389214527576614,1.1627009052577835
fastfading_carnivaldolls_img102.bmp,0.8622898218535945,1.1944272105364444
fastfading_carnivaldolls_img103.bmp,0.5084572212829728,1.1034330506435084
fastfading_carnivaldolls_img104.bmp,1.1092644244012877,1.257940992018074
fastfading_carnivaldolls_img105.bmp,1.1066201014472128,1.257260958733115
fastfading_carnivaldolls_img166.bmp,1.2399174859850624,1.2915406816935955
fastfading_cemetry_img116.bmp,0.1891617839753308,1.0213207183468191
fastfading_cemetry_img117.bmp,0.4415191244902452,1.0862187637952545
fastfading_cemetry_img118.bmp,1.1915721159330823,1.2791078354112049
fastfading_cemetry_img119.bmp,1.966846566228776,1.4784830404582998
fastfading_cemetry_img120.bmp,0.342941496006132,1.0608678253184605
fastfading_cemetry_img169.bmp,2.299655265702936,1.5640705413411293
fastfading_churchandcapitol_img131.bmp,0.4932383787067999,1.099519262619091
fastfading_churchandcapitol_img132.bmp,0.2610588419443458,1.039810287646295
fastfading_churchandcapitol_img133.bmp,1.6688479705812018,1.4018475585482215
fastfading_churchandcapitol_img134.bmp,1.6639099100462835,1.4005776510576435
fastfading_churchandcapitol_img135.bmp,1.5546571562217788,1.3724814198618231
fastfading_churchandcapitol_img172.bmp,1.991552114253735,1.4848364985161506
fastfading_coinsinfountain_img1.bmp,1.0282484924794828,1.2371063469026176
fastfading_coinsinfountain_img146.bmp,2.908573719907896,1.720664430921484
fastfading_coinsinfountain_img2.bmp,0.8730138803110449,1.19718508725104
fastfading_coinsinfountain_img3.bmp,0.9051115964176204,1.2054395689095687
fastfading_coinsinfountain_img4.bmp,1.98824719211611,1.483986580750123
fastfading_coinsinfountain_img5.bmp,2.469103296437541,1.6076470268807377
fastfading_dancers_img149.bmp,2.659852431617514,1.6567014590557672
fastfading_dancers_img16.bmp,1.386172748443982,1.3291527465963433
fastfading_dancers_img17.bmp,1.4745173669150071,1.3518720899408196
fastfading_dancers_img18.bmp,0.7012773880261567,1.1530200843281277
fastfading_dancers_img19.bmp,1.5865193614796216,1.3806753358410124
fastfading_dancers_img20.bmp,2.213675737897815,1.5419594218795498
fastfading_flowersonih35_img153.bmp,2.188644733172484,1.5355222670142705
fastfading_flowersonih35_img36.bmp,1.0409302889317946,1.2403676897304132
fastfading_flowersonih35_img37.bmp,0.272588037469829,1.0427752192534756
fastfading_flowersonih35_img38.bmp,1.7867292887987365,1.4321627739946727
fastfading_flowersonih35_img39.bmp,1.882520647218672,1.4567971750373359
fastfading_flowersonih35_img40.bmp,1.8010981246632245,1.4358579681232522
fastfading_house_img160.bmp,0.9171912155839048,1.2085460514555242
fastfading_house_img71.bmp,0.1062557466256259,1.0
fastfading_house_img72.bmp,0.7904717394486028,1.1759579511662652
fastfading_house_img73.bmp,1.1921276148526756,1.2792506915455133
fastfading_house_img74.bmp,0.8163818211268502,1.1826211758416265
fastfading_house_img75.bmp,0.8185181136115475,1.1831705603234892
fastfading_lighthouse2_img106.bmp,0.4409004777636363,1.086059668112529
fastfading_lighthouse2_img107.bmp,0.5688823486612907,1.1189724150020965
fastfading_lighthouse2_img108.bmp,0.6296256724598561,1.1345936090617768
fastfading_lighthouse2_img109.bmp,0.792607462217601,1.1765071891359034
fastfading_lighthouse2_img110.bmp,0.8188875547815573,1.1832655684963955
fastfading_lighthouse2_img167.bmp,0.9339222109186311,1.212848715659447
fastfading_lighthouse_img164.bmp,0.8835025690565116,1.1998824345820462
fastfading_lighthouse_img91.bmp,0.4456396487156179,1.0872784277142986
fastfading_lighthouse_img92.bmp,0.2992240494948047,1.0496251294460415
fastfading_lighthouse_img93.bmp,0.7634441054920722,1.1690073286351526
fastfading_lighthouse_img94.bmp,1.3747175440386596,1.3262068430826954
fastfading_lighthouse_img95.bmp,0.4361308975303229,1.0848330882392432
fastfading_manfishing_img121.bmp,0.84622544785992,1.190295979515326
fastfading_manfishing_img122.bmp,1.9891995556087243,1.4842314974587116
fastfading_manfishing_img123.bmp,1.4882202083173806,1.3553960120993327
fastfading_manfishing_img124.bmp,1.2935689672410446,1.3053380860481592
fastfading_manfishing_img125.bmp,1.3115395547810225,1.3099595327812914
fastfading_manfishing_img170.bmp,1.5677434020887178,1.3758467738368219
fastfading_monarch_img136.bmp,0.5527621023618886,1.1148268154532823
fastfading_monarch_img137.bmp,0.763344754682548,1.1689817788598273
fastfading_monarch_img138.bmp,0.9723063098500054,1.222719849155555
fastfading_monarch_img139.bmp,0.8698452007997517,1.1963702066277306
fastfading_monarch_img140.bmp,0.8804877203388916,1.1991071142022347
fastfading_monarch_img173.bmp,0.8926607653312427,1.2022376228117624
fastfading_ocean_img10.bmp,0.5687283128670524,1.1189328020391656
fastfading_ocean_img147.bmp,0.6562000301152421,1.1414276637691345
fastfading_ocean_img6.bmp,0.7895566665814465,1.175722624385597
fastfading_ocean_img7.bmp,0.5464570279312848,1.1132053567466793
fastfading_ocean_img8.bmp,0.6119937290477764,1.1300592505106581
fastfading_ocean_img9.bmp,1.301892327299472,1.3074785817367465
fastfading_paintedhouse_img150.bmp,1.0500565484900108,1.2427146648822947
fastfading_paintedhouse_img21.bmp,0.3142922819580521,1.0535001854805999
fastfading_paintedhouse_img22.bmp,1.2035194870505808,1.2821803080889984
fastfading_paintedhouse_img23.bmp,1.5956713319491538,1.3830289229974728
fastfading_paintedhouse_img24.bmp,0.6394125533909069,1.137110474401084
fastfading_paintedhouse_img25.bmp,0.9404119622669296,1.2145176672227005
fastfading_parrots_img154.bmp,0.6087177948572907,1.1292167874955288
fastfading_parrots_img41.bmp,0.4243574314271041,1.081805338237229
fastfading_parrots_img42.bmp,0.4039569753974339,1.0765590088858383
fastfading_parrots_img43.bmp,0.5746641149421687,1.1204592959864301
fastfading_parrots_img44.bmp,0.5296544300247493,1.1088842787056556
fastfading_parrots_img45.bmp,0.657360951459453,1.1417262147286784
fastfading_plane_img157.bmp,0.7709175483567039,1.1709292534489724
fastfading_plane_img56.bmp,0.7246756177322028,1.159037342917783
fastfading_plane_img57.bmp,0.7577822932584846,1.1675512959043188
fastfading_plane_img58.bmp,0.7474232876022375,1.164887298817854
fastfading_plane_img59.bmp,0.6841080216449492,1.1486046854439307
fastfading_plane_img60.bmp,0.6958119227131976,1.151614545596607
fastfading_rapids_img161.bmp,1.6657100185624687,1.401040580029938
fastfading_rapids_img76.bmp,0.5877487783260045,1.1238242429985876
fastfading_rapids_img77.bmp,2.257345949747508,1.5531899705435253
fastfading_rapids_img78.bmp,1.6633241566961157,1.4004270144743636
fastfading_rapids_img79.bmp,1.7352140309826125,1.4189147363658996
fastfading_rapids_img80.bmp,1.572056259346643,1.3769558995145865
fastfading_sailing1_img100.bmp,0.4493505846724046,1.088232758941155
fastfading_sailing1_img165.bmp,0.7273293979923077,1.1597198083122073
fastfading_sailing1_img96.bmp,1.533616350525943,1.3670704135422374
fastfading_sailing1_img97.bmp,0.7033140461341646,1.1535438461104746
fastfading_sailing1_img98.bmp,0.6781583347656339,1.147074620779634
fastfading_sailing1_img99.bmp,0.4903882679249769,1.0987863074426163
fastfading_sailing2_img111.bmp,0.4292252912825876,1.0830571924115249
fastfading_sailing2_img112.bmp,0.2683667365054734,1.0416896388567363
fastfading_sailing2_img113.bmp,0.4082993941029144,1.077675736800031
fastfading_sailing2_img114.bmp,0.7815052229381698,1.173652056696063
fastfading_sailing2_img115.bmp,0.5909266216776968,1.1246414802616105
fastfading_sailing2_img168.bmp,0.6372451212940075,1.1365530818305176
fastfading_sailing3_img126.bmp,0.3020600329988959,1.0503544515492305
fastfading_sailing3_img127.bmp,0.5956338183171836,1.12585201711709
fastfading_sailing3_img128.bmp,0.5945829692767848,1.1255817731501656
fastfading_sailing3_img129.bmp,0.5818633939646406,1.1223107148365536
fastfading_sailing3_img130.bmp,0.5716469067048704,1.1196833688154113
fastfading_sailing3_img171.bmp,0.6566323073880114,1.1415388313303287
fastfading_sailing4_img141.bmp,0.6984374561226047,1.1522897468258735
fastfading_sailing4_img142.bmp,1.1792992131324371,1.2759516466428682
fastfading_sailing4_img143.bmp,1.276715893001203,1.3010040271468748
fastfading_sailing4_img144.bmp,0.9870656046282806,1.2265154565325902
fastfading_sailing4_img145.bmp,2.0819074661834067,1.5080729366719674
fastfading_sailing4_img174.bmp,1.271996560007286,1.299790369218397
fastfading_statue_img11.bmp,0.571194164656721,1.1195669383840348
fastfading_statue_img12.bmp,0.8834472793892794,1.1998682158898952
fastfading_statue_img13.bmp,1.078811767995146,1.250109565852943
fastfading_statue_img14.bmp,1.036671674186484,1.2392725134509177
fastfading_statue_img148.bmp,1.2836862436726924,1.3027965731205597
fastfading_statue_img15.bmp,1.078700949007756,1.2500810668377547
fastfading_stream_img151.bmp,1.2903672636049606,1.3045147127012098
fastfading_stream_img26.bmp,0.7852102058135926,1.1746048569853047
fastfading_stream_img27.bmp,1.0035519577417595,1.2307552067671361
fastfading_stream_img28.bmp,1.0064060320217525,1.2314891812255697
fastfading_stream_img29.bmp,1.006719247983873,1.2315697301158988
fastfading_stream_img30.bmp,1.016448373704599,1.234071742706097
fastfading_studentsculpture_img155.bmp,1.7711091800640495,1.4281457934523005
fastfading_studentsculpture_img46.bmp,0.4120252571553364,1.0786339067871504
fastfading_studentsculpture_img47.bmp,0.7976661296735861,1.1778081127777407
fastfading_studentsculpture_img48.bmp,0.8696084422248813,1.1963093200740806
fastfading_studentsculpture_img49.bmp,1.4196899065790805,1.3377722622700927
fastfading_studentsculpture_img50.bmp,1.4028318658118697,1.33343692614058
fastfading_womanhat_img162.bmp,0.96738563923697,1.221454413783515
fastfading_womanhat_img81.bmp,0.7224450022263068,1.1584637016431354
fastfading_womanhat_img82.bmp,0.9729685155281804,1.2228901467744424
fastfading_womanhat_img83.bmp,0.9379857918820248,1.213893735635912
fastfading_womanhat_img84.bmp,0.9046393352634504,1.2053181188032065
fastfading_womanhat_img85.bmp,0.5988429702600463,1.1266773059246749
fastfading_woman_img158.bmp,1.6627843207744724,1.4002881863502994
fastfading_woman_img61.bmp,0.5694394681143485,1.1191156878845534
fastfading_woman_img62.bmp,0.4890918008637742,1.0984528985626183
fastfading_woman_img63.bmp,1.4192944304407034,1.3376705587557436
fastfading_woman_img64.bmp,1.4309022521697128,1.3406557104481394
fastfading_woman_img65.bmp,0.3861311527381998,1.0719747909402288
gblur_bikes_img112.bmp,1.2140623176800474,1.2848915789398887
gblur_bikes_img129.bmp,1.173898672409988,1.2745628043903048
gblur_bikes_img152.bmp,2.025540090792969,1.493577093268191
gblur_bikes_img26.bmp,0.9598189926159924,1.2195085200151843
gblur_bikes_img40.bmp,0.581590982615263,1.1222406595566221
gblur_bikes_img60.bmp,1.467529421478054,1.3500750191695345
gblur_building2_img137.bmp,2.6575065261008097,1.6560981689650958
gblur_building2_img156.bmp,3.4003710398562887,1.847138599480663
gblur_building2_img25.bmp,0.8954111255263955,1.2029449254033193
gblur_building2_img33.bmp,1.8897490457059756,1.458656082460402
gblur_building2_img8.bmp,2.248421180582993,1.5508948121238268
gblur_building2_img80.bmp,1.5865370794439135,1.3806798923213173
gblur_buildings_img134.bmp,0.5611944269308653,1.1169953332463325
gblur_buildings_img159.bmp,1.38513824769879,1.32888670687568
gblur_buildings_img45.bmp,1.0119406824899255,1.232912512113793
gblur_buildings_img62.bmp,0.7749680335910876,1.1719709056327086
gblur_buildings_img7.bmp,0.815993276043845,1.1825212547677866
gblur_buildings_img73.bmp,0.3942089261312698,1.0740521297793368
gblur_caps_img1.bmp,0.4551637278885699,1.0897277090459199
gblur_caps_img115.bmp,0.3874263546528748,1.0723078744659624
gblur_caps_img163.bmp,0.7044812464430747,1.153844011814157
gblur_caps_img28.bmp,0.5598273697038683,1.116643770886913
gblur_caps_img70.bmp,0.2635934109977024,1.0404620958214854
gblur_caps_img88.bmp,0.3114392539695509,1.0527664800940808
gblur_carnivaldolls_img166.bmp,1.2399174859850624,1.2915406816935955
gblur_carnivaldolls_img27.bmp,0.8023968231569543,1.179024692252147
gblur_carnivaldolls_img52.bmp,0.3555383503162899,1.0641073238084187
gblur_carnivaldolls_img59.bmp,0.6218913407815745,1.1326045921869508
gblur_carnivaldolls_img6.bmp,0.494376510632604,1.0998119528863781
gblur_carnivaldolls_img95.bmp,1.0381274763867792,1.2396468981118351
gblur_cemetry_img109.bmp,1.2362400391123505,1.2905949627626838
gblur_cemetry_img13.bmp,1.6640079302547586,1.4006028586459447
gblur_cemetry_img135.bmp,0.9918850806709678,1.2277548679743884
gblur_cemetry_img143.bmp,1.4846600292401348,1.3544804506059034
gblur_cemetry_img169.bmp,2.299655265702936,1.5640705413411293
gblur_cemetry_img83.bmp,0.5843155697913022,1.1229413341715075
gblur_churchandcapitol_img104.bmp,0.2752959324196507,1.0434716011743048
gblur_churchandcapitol_img142.bmp,1.2600193679565868,1.2967102275729632
gblur_churchandcapitol_img172.bmp,1.991552114253735,1.4848364985161506
gblur_churchandcapitol_img2.bmp,1.0940551707957222,1.2540296699629407
gblur_churchandcapitol_img66.bmp,0.69728195913578,1.1519925908334483
gblur_churchandcapitol_img91.bmp,0.848460155424767,1.190870673133556
gblur_coinsinfountain_img101.bmp,2.018372735884444,1.4917338842549346
gblur_coinsinfountain_img123.bmp,0.8990430333489612,1.2038789331815454
gblur_coinsinfountain_img146.bmp,2.908573719907896,1.720664430921484
gblur_coinsinfountain_img19.bmp,1.2124215494282595,1.2844696270665745
gblur_coinsinfountain_img22.bmp,1.4286963600586438,1.3400884272211628
gblur_coinsinfountain_img32.bmp,2.4324239658455253,1.5982143039850147
gblur_dancers_img128.bmp,1.056430590960318,1.2443538599105992
gblur_dancers_img149.bmp,2.659852431617514,1.6567014590557672
gblur_dancers_img21.bmp,1.5204979704710275,1.3636967957062092
gblur_dancers_img41.bmp,0.7594490183999967,1.1679799230398054
gblur_dancers_img51.bmp,2.009954840077255,1.4895690770669985
gblur_dancers_img93.bmp,1.4594177719147643,1.3479889684885993
gblur_flowersonih35_img107.bmp,0.4332361377306046,1.084088650797237
gblur_flowersonih35_img153.bmp,2.188644733172484,1.5355222670142705
gblur_flowersonih35_img65.bmp,1.1870692656746238,1.2779498497543396
gblur_flowersonih35_img85.bmp,0.963801591091572,1.2205327139472637
gblur_flowersonih35_img87.bmp,1.323660760303311,1.3130767099764156
gblur_flowersonih35_img90.bmp,1.9050092382913848,1.4625805043533378
gblur_house_img113.bmp,0.473736815139812,1.0945040989781065
gblur_house_img122.bmp,0.5470494941958967,1.113357719671764
gblur_house_img138.bmp,0.2860542424676827,1.0462382862765527
gblur_house_img160.bmp,0.9171912155839048,1.2085460514555242
gblur_house_img49.bmp,0.5612177775493982,1.1170013382608872
gblur_house_img94.bmp,0.7363634229292352,1.1620430637393837
gblur_lighthouse2_img118.bmp,0.3225776586861854,1.0556309131002628
gblur_lighthouse2_img133.bmp,0.6717888651077295,1.145436601728959
gblur_lighthouse2_img167.bmp,0.9339222109186311,1.212848715659447
gblur_lighthouse2_img53.bmp,0.4227859311794547,1.081401199826648
gblur_lighthouse2_img55.bmp,0.4748739901741663,1.0947965431642428
gblur_lighthouse2_img75.bmp,0.5189904323939845,1.1061418476692084
gblur_lighthouse_img102.bmp,0.5546319228565778,1.1153076720639803
gblur_lighthouse_img15.bmp,0.4753147796382874,1.0949098997823516
gblur_lighthouse_img164.bmp,0.8835025690565116,1.1998824345820462
gblur_lighthouse_img24.bmp,0.2175431586977582,1.0286194786795557
gblur_lighthouse_img4.bmp,0.7519838349417818,1.1660601222748916
gblur_lighthouse_img97.bmp,0.4156541469130899,1.0795671384179226
gblur_manfishing_img14.bmp,0.9947344600923472,1.228487635068903
gblur_manfishing_img16.bmp,0.572003034446858,1.1197749532105306
gblur_manfishing_img170.bmp,1.5677434020887178,1.3758467738368219
gblur_manfishing_img47.bmp,0.7976459991442926,1.177802935864708
gblur_manfishing_img67.bmp,1.2722500858655257,1.2998555677683452
gblur_manfishing_img78.bmp,0.5137491735949323,1.10479396751223
gblur_monarch_img103.bmp,0.5082392387215352,1.1033769926657602
gblur_monarch_img11.bmp,0.2382294847907209,1.03393932445144
gblur_monarch_img173.bmp,0.8926607653312427,1.2022376228117624
gblur_monarch_img3.bmp,0.488265982041137,1.0982405249998983
gblur_monarch_img37.bmp,0.3876739425634512,1.0723715459701886
gblur_monarch_img96.bmp,0.6568714036313335,1.141600319055766
gblur_ocean_img106.bmp,0.4225872771041099,1.0813501125026814
gblur_ocean_img117.bmp,0.2505582280147944,1.037109873548389
gblur_ocean_img119.bmp,0.3628065504976394,1.0659764669240304
gblur_ocean_img147.bmp,0.6562000301152421,1.1414276637691345
gblur_ocean_img57.bmp,0.3156581740402149,1.0538514482029164
gblur_ocean_img92.bmp,0.4950896052145204,1.099995337465134
gblur_paintedhouse_img110.bmp,0.5242948640709881,1.1075059738220276
gblur_paintedhouse_img116.bmp,0.2577717199901194,1.0389649475046345
gblur_paintedhouse_img150.bmp,1.0500565484900108,1.2427146648822947
gblur_paintedhouse_img23.bmp,0.8156572347261589,1.18243483594334
gblur_paintedhouse_img39.bmp,0.6223269048078357,1.1327166049935302
gblur_paintedhouse_img81.bmp,0.4870633467192057,1.0979312465710587
gblur_parrots_img105.bmp,0.3300072891063108,1.057541570787836
gblur_parrots_img12.bmp,0.4764890362117694,1.0952118801262498
gblur_parrots_img154.bmp,0.6087177948572907,1.1292167874955288
gblur_parrots_img31.bmp,0.3822350548830068,1.0709728421355618
gblur_parrots_img56.bmp,0.4371867237808211,1.0851046121816443
gblur_parrots_img69.bmp,0.2917632828965705,1.0477064645529006
gblur_plane_img139.bmp,0.2453649613904289,1.0357743354074092
gblur_plane_img157.bmp,0.7709175483567039,1.1709292534489724
gblur_plane_img30.bmp,0.3295869496553824,1.0574334732435584
gblur_plane_img5.bmp,0.2188340598668275,1.028951456194332
gblur_plane_img63.bmp,0.5687817275602197,1.1189465385493764
gblur_plane_img86.bmp,0.4215099927142794,1.0810730702294133
gblur_rapids_img141.bmp,0.7959789108769209,1.1773742153451396
gblur_rapids_img161.bmp,1.6657100185624687,1.401040580029938
gblur_rapids_img17.bmp,0.3485471518061015,1.0623094164532079
gblur_rapids_img29.bmp,1.1068466794279046,1.257319227171269
gblur_rapids_img34.bmp,0.9708999003691576,1.2223581666848928
gblur_rapids_img9.bmp,1.2783156991103042,1.301415444898248
gblur_sailing1_img125.bmp,0.2925816706478455,1.0479169270873698
gblur_sailing1_img130.bmp,0.3905236803499962,1.0731044052244902
gblur_sailing1_img165.bmp,0.7273293979923077,1.1597198083122073
gblur_sailing1_img35.bmp,0.5057898004920665,1.1027470773511716
gblur_sailing1_img46.bmp,0.5478853096469697,1.113572664040014
gblur_sailing1_img74.bmp,0.4214235975698082,1.081050852226953
gblur_sailing2_img10.bmp,0.1719743994165302,1.0169006857772858
gblur_sailing2_img168.bmp,0.6372451212940075,1.1365530818305176
gblur_sailing2_img43.bmp,0.3627074536464654,1.0659509824584779
gblur_sailing2_img48.bmp,0.2400740156239913,1.03441367738924
gblur_sailing2_img72.bmp,0.3031385711348623,1.0506318162449553
gblur_sailing2_img84.bmp,0.4482816788432487,1.0879578713593667
gblur_sailing3_img111.bmp,0.5340595453689096,1.1100171301425412
gblur_sailing3_img114.bmp,0.3549841734260393,1.063964807656772
gblur_sailing3_img124.bmp,0.2702271141683114,1.0421680670802536
gblur_sailing3_img144.bmp,0.2359165574546039,1.0333445152690641
gblur_sailing3_img171.bmp,0.6566323073880114,1.1415388313303287
gblur_sailing3_img79.bmp,0.434447898190161,1.084400275912704
gblur_sailing4_img121.bmp,0.4014756254328025,1.0759208869178005
gblur_sailing4_img127.bmp,0.6192005098755468,1.131912598579485
gblur_sailing4_img136.bmp,0.8996827884694363,1.2040434572520549
gblur_sailing4_img174.bmp,1.271996560007286,1.299790369218397
gblur_sailing4_img76.bmp,0.7424645270147092,1.1636120679514934
gblur_sailing4_img89.bmp,0.8470508679883941,1.190508250546961
gblur_statue_img120.bmp,0.4470578273913447,1.0876431368365438
gblur_statue_img131.bmp,0.5800886545016997,1.1218543099541356
gblur_statue_img148.bmp,1.2836862436726924,1.3027965731205597
gblur_statue_img54.bmp,0.5410283293297178,1.111809273209535
gblur_statue_img77.bmp,0.6796302568808259,1.1474531509548744
gblur_statue_img98.bmp,0.8236455352384751,1.1844891652869853
gblur_stream_img126.bmp,0.7216771201414698,1.1582662275124478
gblur_stream_img151.bmp,1.2903672636049606,1.3045147127012098
gblur_stream_img18.bmp,0.7630726316741797,1.1689117977317627
gblur_stream_img50.bmp,0.6292170526385492,1.1344885254225208
gblur_stream_img58.bmp,0.3058457866410054,1.051328023435116
gblur_stream_img71.bmp,1.1073009274782737,1.257436044897108
gblur_studentsculpture_img100.bmp,0.5934519664659268,1.1252909162578257
gblur_studentsculpture_img108.bmp,1.3937825782705209,1.3311097456712657
gblur_studentsculpture_img155.bmp,1.7711091800640495,1.4281457934523005
gblur_studentsculpture_img20.bmp,0.9005094611681324,1.20425605040374
gblur_studentsculpture_img38.bmp,0.7045849517383818,1.1538706814206536
gblur_studentsculpture_img44.bmp,1.2092737759479049,1.28366012278993
gblur_womanhat_img132.bmp,0.3597794152440888,1.0651979868494559
gblur_womanhat_img162.bmp,0.96738563923697,1.221454413783515
gblur_womanhat_img36.bmp,0.4705569803887333,1.0936863495923628
gblur_womanhat_img42.bmp,0.5365248797328266,1.1106511334224483
gblur_womanhat_img61.bmp,0.6398989832379888,1.1372355682313606
gblur_womanhat_img82.bmp,0.7429860675899977,1.1637461911114904
gblur_woman_img140.bmp,0.9747362291276256,1.223344744834806
gblur_woman_img145.bmp,1.1995356157233683,1.281155786821154
gblur_woman_img158.bmp,1.6627843207744724,1.4002881863502994
gblur_woman_img64.bmp,1.0220942688732255,1.2355236820889697
gblur_woman_img68.bmp,0.6249755390650849,1.1333977470045076
gblur_woman_img99.bmp,0.7212090340582555,1.1581458510976377
jp2k_bikes_img115.bmp,0.9856220362802726,1.2261442180179276
jp2k_bikes_img129.bmp,1.594636926983996,1.3827629079082984
jp2k_bikes_img133.bmp,1.255901137295759,1.2956511534836253
jp2k_bikes_img15.bmp,1.6929055966567244,1.4080343922945475
jp2k_bikes_img188.bmp,2.025540090792969,1.493577093268191
jp2k_bikes_img225.bmp,0.6489491688846362,1.1395629796639526
jp2k_bikes_img73.bmp,2.025540090792969,1.493577093268191
jp2k_bikes_img78.bmp,1.47648585952442,1.3523783217887615
jp2k_building2_img107.bmp,0.8820807561958187,1.1995167908664162
jp2k_building2_img119.bmp,3.4003710398562887,1.847138599480663
jp2k_building2_img132.bmp,2.092570802229172,1.5108151975704138
jp2k_building2_img163.bmp,1.3230177328761104,1.3129113443757563
jp2k_building2_img216.bmp,2.455039301249676,1.604030227793276
jp2k_building2_img24.bmp,3.4003710398562887,1.847138599480663
jp2k_building2_img30.bmp,1.0068304954658789,1.2315983393258727
jp2k_building2_img41.bmp,1.7387148709078273,1.4198150377722731
jp2k_buildings_img1.bmp,1.38513824769879,1.32888670687568
jp2k_buildings_img123.bmp,1.38513824769879,1.32888670687568
jp2k_buildings_img13.bmp,0.7801288512557462,1.173298098963676
jp2k_buildings_img156.bmp,0.5992175104559764,1.1267736254000988
jp2k_buildings_img199.bmp,1.087391127082216,1.2523158961099312
jp2k_buildings_img222.bmp,0.955970873675066,1.21851890981637
jp2k_buildings_img29.bmp,0.6498438793598096,1.139793069904096
jp2k_buildings_img33.bmp,0.7753986935956214,1.1720816572854642
jp2k_caps_img122.bmp,0.5312771939010201,1.1093016004430754
jp2k_caps_img153.bmp,0.7044812464430747,1.153844011814157
jp2k_caps_img193.bmp,0.4649284615909213,1.092238878843137
jp2k_caps_img25.bmp,0.7044812464430747,1.153844011814157
jp2k_caps_img49.bmp,0.6339884712527292,1.1357155780671744
jp2k_caps_img68.bmp,0.6089506759270247,1.1292766768818128
jp2k_caps_img83.bmp,0.5840536971273347,1.1228739890964121
jp2k_carnivaldolls_img108.bmp,0.8560423356755356,1.1928205616428762
jp2k_carnivaldolls_img124.bmp,0.75566602830108,1.1670070618467465
jp2k_carnivaldolls_img148.bmp,1.0794310372314135,1.2502688216247708
jp2k_carnivaldolls_img161.bmp,1.2399174859850624,1.2915406816935955
jp2k_carnivaldolls_img18.bmp,0.9553369257669126,1.2183558791707334
jp2k_carnivaldolls_img181.bmp,0.4635884741336283,1.0918942779421832
jp2k_carnivaldolls_img67.bmp,1.2399174859850624,1.2915406816935955
jp2k_carnivaldolls_img79.bmp,0.620613024001196,1.1322758509649153
jp2k_cemetry_img118.bmp,2.299655265702936,1.5640705413411293
jp2k_cemetry_img125.bmp,1.6676667918135673,1.4015437980426295
jp2k_cemetry_img178.bmp,1.2479766752634742,1.293613241306883
jp2k_cemetry_img46.bmp,0.9820001336549412,1.225212783248846
jp2k_cemetry_img48.bmp,0.9740763984579588,1.223175057990346
jp2k_cemetry_img9.bmp,2.299655265702936,1.5640705413411293
jp2k_cemetry_img98.bmp,1.5610373486233606,1.3741221964510943
jp2k_churchandcapitol_img110.bmp,1.991552114253735,1.4848364985161506
jp2k_churchandcapitol_img128.bmp,1.991552114253735,1.4848364985161506
jp2k_churchandcapitol_img176.bmp,1.22588370579235,1.2879316529136058
jp2k_churchandcapitol_img194.bmp,0.7392260379159641,1.162779234587955
jp2k_churchandcapitol_img198.bmp,1.7333879917550217,1.4184451388636394
jp2k_churchandcapitol_img45.bmp,0.7563170134699719,1.1671744739180214
jp2k_churchandcapitol_img5.bmp,0.766670272028098,1.1698369930390173
jp2k_churchandcapitol_img7.bmp,1.0391748029998622,1.239916236225783
jp2k_coinsinfountain_img168.bmp,1.3812011150339387,1.327874205261506
jp2k_coinsinfountain_img177.bmp,0.7984400708539913,1.178007145109425
jp2k_coinsinfountain_img182.bmp,1.6004714289244553,1.3842633507776372
jp2k_coinsinfountain_img21.bmp,1.975671471084112,1.4807525170473743
jp2k_coinsinfountain_img224.bmp,2.908573719907896,1.720664430921484
jp2k_coinsinfountain_img28.bmp,1.1688236277064088,1.2732576690566002
jp2k_coinsinfountain_img54.bmp,2.908573719907896,1.720664430921484
jp2k_coinsinfountain_img77.bmp,2.7085349915130488,1.6692210195258532
jp2k_dancers_img165.bmp,1.9426588248241343,1.4722627453094823
jp2k_dancers_img170.bmp,1.6821697540680387,1.4052734850872275
jp2k_dancers_img184.bmp,2.659852431617514,1.6567014590557672
jp2k_dancers_img205.bmp,2.1990282156050998,1.5381925587262133
jp2k_dancers_img4.bmp,1.3110199672846827,1.3098259118892535
jp2k_dancers_img6.bmp,1.2712281736707358,1.2995927654106787
jp2k_dancers_img65.bmp,1.07441753519669,1.2489795130505028
jp2k_dancers_img84.bmp,2.659852431617514,1.6567014590557672
jp2k_flowersonih35_img111.bmp,1.8082493389204408,1.4376970262894595
jp2k_flowersonih35_img167.bmp,1.1169461050224472,1.2599164687648774
jp2k_flowersonih35_img192.bmp,1.4398133026177289,1.342947340863124
jp2k_flowersonih35_img201.bmp,0.4238976711660828,1.081687102951288
jp2k_flowersonih35_img209.bmp,2.188644733172484,1.5355222670142705
jp2k_flowersonih35_img44.bmp,0.8335657309847976,1.1870403148318671
jp2k_flowersonih35_img86.bmp,0.7410973791036928,1.1632604822711132
jp2k_flowersonih35_img89.bmp,2.188644733172484,1.5355222670142705
jp2k_house_img131.bmp,0.9171912155839048,1.2085460514555242
jp2k_house_img144.bmp,0.4530990464259762,1.0891967405742973
jp2k_house_img179.bmp,0.3800351289815956,1.0704070932223673
jp2k_house_img187.bmp,0.5987428058863027,1.1266515469272698
jp2k_house_img20.bmp,0.9171912155839048,1.2085460514555242
jp2k_house_img212.bmp,0.7996447120287967,1.1783169393779493
jp2k_house_img27.bmp,0.5532672671314138,1.1149567272922036
jp2k_house_img47.bmp,0.5506531161462049,1.1142844532497644
jp2k_house_img80.bmp,0.6800915036687903,1.1475717685268745
jp2k_lighthouse2_img103.bmp,0.8753994211522694,1.1977985702494618
jp2k_lighthouse2_img11.bmp,0.9339222109186311,1.212848715659447
jp2k_lighthouse2_img114.bmp,0.8493979161877687,1.1911118344982021
jp2k_lighthouse2_img137.bmp,0.5052722737272649,1.1026139864118143
jp2k_lighthouse2_img151.bmp,0.9339222109186311,1.212848715659447
jp2k_lighthouse2_img164.bmp,0.6799331900627156,1.1475310554508007
jp2k_lighthouse2_img211.bmp,0.7874350788159735,1.1751770214760657
jp2k_lighthouse2_img74.bmp,0.6018251772699228,1.12744423192599
jp2k_lighthouse_img106.bmp,0.5849575956287336,1.1231064421960717
jp2k_lighthouse_img149.bmp,0.622967178734133,1.1328812624839109
jp2k_lighthouse_img174.bmp,0.7560339575202262,1.1671016811953943
jp2k_lighthouse_img180.bmp,0.8835025690565116,1.1998824345820462
jp2k_lighthouse_img202.bmp,0.4824836976832645,1.0967535107831243
jp2k_lighthouse_img51.bmp,0.6858579606036346,1.1490547124486576
jp2k_lighthouse_img72.bmp,0.8835025690565116,1.1998824345820462
jp2k_lighthouse_img91.bmp,0.5863277656199313,1.1234588050565275
jp2k_manfishing_img121.bmp,0.4793977649005372,1.0959599099091588
jp2k_manfishing_img143.bmp,0.9182185815674148,1.208810256349085
jp2k_manfishing_img157.bmp,1.5677434020887178,1.3758467738368219
jp2k_manfishing_img200.bmp,0.6515757379109252,1.1402384472199736
jp2k_manfishing_img26.bmp,1.4387963034924804,1.3426858019860828
jp2k_manfishing_img36.bmp,1.5677434020887178,1.3758467738368219
jp2k_manfishing_img63.bmp,1.0077852326088756,1.2318438664596232
jp2k_manfishing_img94.bmp,1.0079217085233263,1.2318789635964078
jp2k_monarch_img105.bmp,0.8621926865953281,1.1944022305283624
jp2k_monarch_img160.bmp,0.5482546362658456,1.1136676427541192
jp2k_monarch_img204.bmp,0.8926607653312427,1.2022376228117624
jp2k_monarch_img208.bmp,0.644117559203949,1.138320447847733
jp2k_monarch_img22.bmp,0.8926607653312427,1.2022376228117624
jp2k_monarch_img56.bmp,0.733296708908582,1.1612544053017744
jp2k_monarch_img61.bmp,0.782251475116379,1.1738439683229593
jp2k_ocean_img120.bmp,0.4118964339081452,1.078600777665826
jp2k_ocean_img140.bmp,0.6562000301152421,1.1414276637691345
jp2k_ocean_img16.bmp,0.6562000301152421,1.1414276637691345
jp2k_ocean_img219.bmp,0.3764511710189053,1.0694854165781558
jp2k_ocean_img31.bmp,0.4758760797874596,1.0950542478029675
jp2k_ocean_img37.bmp,0.459836130077794,1.090929297908011
jp2k_ocean_img69.bmp,0.5871576977980535,1.1236722364396012
jp2k_paintedhouse_img117.bmp,1.0500565484900108,1.2427146648822947
jp2k_paintedhouse_img14.bmp,0.6779475605077468,1.1470204165415492
jp2k_paintedhouse_img196.bmp,0.6345902287220183,1.135870330385895
jp2k_paintedhouse_img210.bmp,0.8013822696829656,1.1787637823165358
jp2k_paintedhouse_img215.bmp,0.4992362902357462,1.1010617290843305
jp2k_paintedhouse_img35.bmp,1.0500565484900108,1.2427146648822947
jp2k_paintedhouse_img40.bmp,0.5980007097137794,1.1264607040889625
jp2k_paintedhouse_img82.bmp,0.9957990707136216,1.228761418063855
jp2k_parrots_img101.bmp,0.5435239215993719,1.1124510578321116
jp2k_parrots_img127.bmp,0.4205277774382864,1.0808204766195288
jp2k_parrots_img145.bmp,0.6087177948572907,1.1292167874955288
jp2k_parrots_img158.bmp,0.4382967629760188,1.0853900779184147
jp2k_parrots_img197.bmp,0.4976140150617427,1.100644533025133
jp2k_parrots_img50.bmp,0.6087177948572907,1.1292167874955288
jp2k_parrots_img85.bmp,0.5541851859517815,1.1151927859588573
jp2k_parrots_img96.bmp,0.5187261824829894,1.1060738912440118
jp2k_plane_img113.bmp,0.590237350146977,1.1244642221916226
jp2k_plane_img139.bmp,0.7709175483567039,1.1709292534489724
jp2k_plane_img173.bmp,0.5560054424676613,1.1156608963369994
jp2k_plane_img203.bmp,0.5072973137389892,1.1031347604001898
jp2k_plane_img220.bmp,0.3821040606145656,1.0709391546986542
jp2k_plane_img53.bmp,0.4471063603078944,1.087655617913645
jp2k_plane_img57.bmp,0.7709175483567039,1.1709292534489724
jp2k_plane_img58.bmp,0.7254923144464519,1.159247370572896
jp2k_rapids_img126.bmp,1.5743837398414229,1.3775544512928797
jp2k_rapids_img135.bmp,0.7280615709312711,1.1599080992197437
jp2k_rapids_img146.bmp,1.2170175695015928,1.2856515729493156
jp2k_rapids_img189.bmp,1.6657100185624687,1.401040580029938
jp2k_rapids_img3.bmp,1.5084544514377265,1.3605995969324882
jp2k_rapids_img32.bmp,1.0173166624297487,1.234295038137219
jp2k_rapids_img64.bmp,1.6657100185624687,1.401040580029938
jp2k_rapids_img81.bmp,1.4071617584370766,1.3345504327570477
jp2k_sailing1_img136.bmp,0.5429392854018873,1.1123007085439247
jp2k_sailing1_img159.bmp,0.7273293979923077,1.1597198083122073
jp2k_sailing1_img19.bmp,0.6814939820972372,1.1479324400595672
jp2k_sailing1_img213.bmp,0.3696863037884738,1.0677457142176958
jp2k_sailing1_img214.bmp,0.6044153011270113,1.1281103269777584
jp2k_sailing1_img43.bmp,0.4278953427414135,1.0827151731911089
jp2k_sailing1_img66.bmp,0.7273293979923077,1.1597198083122073
jp2k_sailing1_img88.bmp,0.4412242461692144,1.0861429307458137
jp2k_sailing2_img138.bmp,0.3891005899203097,1.0727384329599443
jp2k_sailing2_img141.bmp,0.5285810725112361,1.108608246296405
jp2k_sailing2_img185.bmp,0.5032406497368975,1.1020915192397003
jp2k_sailing2_img206.bmp,0.6372451212940075,1.1365530818305176
jp2k_sailing2_img55.bmp,0.4583134679652475,1.0905377190667493
jp2k_sailing2_img59.bmp,0.5691873095288594,1.1190508409523903
jp2k_sailing2_img62.bmp,0.5621196188911554,1.1172332623264414
jp2k_sailing2_img93.bmp,0.6372451212940075,1.1365530818305176
jp2k_sailing3_img100.bmp,0.6566323073880114,1.1415388313303287
jp2k_sailing3_img109.bmp,0.4643992208283271,1.0921027754470798
jp2k_sailing3_img12.bmp,0.4699470185308131,1.0935294873735093
jp2k_sailing3_img130.bmp,0.4323928089525092,1.0838717742472737
jp2k_sailing3_img147.bmp,0.6566323073880114,1.1415388313303287
jp2k_sailing3_img154.bmp,0.3197162734274005,1.0548950584974555
jp2k_sailing3_img183.bmp,0.5600619082198621,1.1167040865141078
jp2k_sailing3_img38.bmp,0.3694332945931572,1.067680648536535
jp2k_sailing4_img166.bmp,1.271996560007286,1.299790369218397
jp2k_sailing4_img172.bmp,0.5984785407593132,1.1265835865890175
jp2k_sailing4_img221.bmp,0.8164099187171769,1.1826284016219042
jp2k_sailing4_img39.bmp,1.0389266866822937,1.2398524288325794
jp2k_sailing4_img52.bmp,0.905810892744132,1.2056194050288085
jp2k_sailing4_img70.bmp,1.271996560007286,1.299790369218397
jp2k_sailing4_img90.bmp,1.2247501934991976,1.2876401506645834
jp2k_statue_img102.bmp,1.116012541266897,1.259676386733132
jp2k_statue_img116.bmp,0.8007132976772425,1.1785917446197423
jp2k_statue_img162.bmp,0.9513915949272652,1.2173412692544214
jp2k_statue_img169.bmp,0.6949846446661258,1.1514017967691395
jp2k_statue_img207.bmp,1.2836862436726924,1.3027965731205597
jp2k_statue_img227.bmp,0.6586435895191944,1.1420560672422813
jp2k_statue_img92.bmp,0.8476825812416688,1.1906707065125286
jp2k_statue_img95.bmp,1.2836862436726924,1.3027965731205597
jp2k_stream_img112.bmp,1.2903672636049606,1.3045147127012098
jp2k_stream_img17.bmp,0.7200204964852761,1.1578401981482485
jp2k_stream_img175.bmp,0.4199386662846874,1.0806689765191455
jp2k_stream_img217.bmp,0.8938415926836888,1.2025412929448738
jp2k_stream_img223.bmp,1.2903672636049606,1.3045147127012098
jp2k_stream_img71.bmp,0.5979344849343943,1.1264436732439964
jp2k_stream_img8.bmp,0.8007253895280498,1.1785948542478657
jp2k_studentsculpture_img142.bmp,0.7583468142977395,1.1676964722324075
jp2k_studentsculpture_img171.bmp,1.05314178399443,1.243508086439109
jp2k_studentsculpture_img190.bmp,1.7711091800640495,1.4281457934523005
jp2k_studentsculpture_img2.bmp,1.3206146776064316,1.3122933572397826
jp2k_studentsculpture_img218.bmp,0.4584901005786923,1.0905831431917288
jp2k_studentsculpture_img34.bmp,1.5489922606136342,1.3710245941880073
jp2k_studentsculpture_img60.bmp,0.5487624161566367,1.1137982271166076
jp2k_studentsculpture_img87.bmp,1.7711091800640495,1.4281457934523005
jp2k_womanhat_img186.bmp,0.96738563923697,1.221454413783515
jp2k_womanhat_img191.bmp,0.3921642320353238,1.0735263014040017
jp2k_womanhat_img195.bmp,0.8471438339313977,1.1905321583436668
jp2k_womanhat_img226.bmp,0.5845637979335029,1.1230051703223454
jp2k_womanhat_img42.bmp,0.7104251971834347,1.1553726013313237
jp2k_womanhat_img75.bmp,0.9002140135383303,1.2041800709467232
jp2k_womanhat_img97.bmp,0.96738563923697,1.221454413783515
jp2k_womanhat_img99.bmp,0.7182625530329942,1.157388112649847
jp2k_woman_img10.bmp,1.00155930281426,1.2302427611620903
jp2k_woman_img104.bmp,0.985242575809755,1.2260466332089766
jp2k_woman_img134.bmp,1.6627843207744724,1.4002881863502994
jp2k_woman_img150.bmp,1.3806912295187908,1.3277430794013743
jp2k_woman_img152.bmp,0.763696809326077,1.169072315787382
jp2k_woman_img155.bmp,0.5295448759084656,1.1088561049739023
jp2k_woman_img23.bmp,1.1176002603918886,1.2600846961079368
jp2k_woman_img76.bmp,1.6627843207744724,1.4002881863502994
jpeg_bikes_img179.bmp,2.025540090792969,1.493577093268191
jpeg_bikes_img183.bmp,0.9966327698297902,1.2289758181800594
jpeg_bikes_img188.bmp,1.0134560361101628,1.2333022114501226
jpeg_bikes_img203.bmp,1.5921149804629922,1.38211434583515
jpeg_bikes_img226.bmp,1.616239585576117,1.3883184043969596
jpeg_bikes_img29.bmp,1.2180590196990582,1.2859193998415688
jpeg_bikes_img42.bmp,2.025540090792969,1.493577093268191
jpeg_bikes_img77.bmp,1.490697242068264,1.3560330240785132
jpeg_bikes_img81.bmp,1.6403658162654795,1.3945228810037542
jpeg_building2_img113.bmp,3.4003710398562887,1.847138599480663
jpeg_building2_img171.bmp,2.144050425544312,1.5240540711722574
jpeg_building2_img192.bmp,1.0705129473860229,1.247975380907261
jpeg_building2_img205.bmp,1.1118453717582049,1.2586047271744496
jpeg_building2_img224.bmp,3.4003710398562887,1.847138599480663
jpeg_building2_img225.bmp,1.9897515638521768,1.4843734559054063
jpeg_building2_img36.bmp,1.5349919732140451,1.367424178657808
jpeg_building2_img60.bmp,1.8424408118389064,1.4464899536474825
jpeg_building2_img62.bmp,1.5349919732140451,1.367424178657808
jpeg_buildings_img157.bmp,1.0197128396746782,1.2349112564704232
jpeg_buildings_img162.bmp,0.489917665223596,1.0986652838360111
jpeg_buildings_img163.bmp,0.9908347535757862,1.2274847582346846
jpeg_buildings_img204.bmp,0.4919598474636339,1.0991904662442484
jpeg_buildings_img227.bmp,1.38513824769879,1.32888670687568
jpeg_buildings_img43.bmp,0.907013593969611,1.205928700405883
jpeg_buildings_img66.bmp,1.38513824769879,1.32888670687568
jpeg_buildings_img84.bmp,0.907013593969611,1.205928700405883
jpeg_buildings_img90.bmp,0.907013593969611,1.205928700405883
jpeg_caps_img105.bmp,0.600879108221899,1.1272009339424611
jpeg_caps_img12.bmp,0.7044812464430747,1.153844011814157
jpeg_caps_img126.bmp,0.6224672802093729,1.132752704950719
jpeg_caps_img136.bmp,0.7044812464430747,1.153844011814157
jpeg_caps_img159.bmp,0.6224672802093729,1.132752704950719
jpeg_caps_img207.bmp,0.5846599969542994,1.1230299095608038
jpeg_caps_img24.bmp,0.5910447339185265,1.124671854862792
jpeg_caps_img63.bmp,0.6063852481503802,1.1286169328533502
jpeg_carnivaldolls_img104.bmp,0.7758961532525129,1.1722095876216925
jpeg_carnivaldolls_img14.bmp,0.9447978635530666,1.2156455774329575
jpeg_carnivaldolls_img153.bmp,1.2399174859850624,1.2915406816935955
jpeg_carnivaldolls_img176.bmp,0.7928298476306455,1.176564379382929
jpeg_carnivaldolls_img216.bmp,0.8421453546619587,1.1892467131327638
jpeg_carnivaldolls_img5.bmp,1.2399174859850624,1.2915406816935955
jpeg_carnivaldolls_img80.bmp,0.7758961532525129,1.1722095876216925
jpeg_cemetry_img117.bmp,1.4919450027048082,1.3563539072608053
jpeg_cemetry_img123.bmp,2.299655265702936,1.5640705413411293
jpeg_cemetry_img128.bmp,1.271408010077146,1.2996390134463123
jpeg_cemetry_img213.bmp,1.0225966930338986,1.2356528891330256
jpeg_cemetry_img46.bmp,1.0243324090436432,1.236099258460964
jpeg_cemetry_img55.bmp,1.3689909888611576,1.3247341605864613
jpeg_cemetry_img78.bmp,1.0243324090436432,1.236099258460964
jpeg_cemetry_img82.bmp,2.299655265702936,1.5640705413411293
jpeg_churchandcapitol_img118.bmp,1.991552114253735,1.4848364985161506
jpeg_churchandcapitol_img132.bmp,1.2549613559655624,1.295409472495253
jpeg_churchandcapitol_img195.bmp,0.7868233487456879,1.1750197045308857
jpeg_churchandcapitol_img2.bmp,1.1675014838445608,1.2729176569441707
jpeg_churchandcapitol_img21.bmp,1.1342756358184851,1.264373056692562
jpeg_churchandcapitol_img22.bmp,1.991552114253735,1.4848364985161506
jpeg_churchandcapitol_img4.bmp,1.0594662275934257,1.2451345262616489
jpeg_coinsinfountain_img101.bmp,2.040360449051124,1.4973884041729477
jpeg_coinsinfountain_img112.bmp,2.908573719907896,1.720664430921484
jpeg_coinsinfountain_img129.bmp,1.452914224483728,1.3463164690245684
jpeg_coinsinfountain_img182.bmp,2.908573719907896,1.720664430921484
jpeg_coinsinfountain_img184.bmp,1.1733322433393,1.2744171373790032
jpeg_coinsinfountain_img230.bmp,1.1733322433393,1.2744171373790032
jpeg_coinsinfountain_img49.bmp,1.8643850451096784,1.4521332919598606
jpeg_coinsinfountain_img73.bmp,1.8420327028288577,1.4463850013721573
jpeg_dancers_img119.bmp,1.7985587668131735,1.435204928426344
jpeg_dancers_img155.bmp,2.659852431617514,1.6567014590557672
jpeg_dancers_img186.bmp,1.12664194214898,1.262409920618564
jpeg_dancers_img187.bmp,1.12664194214898,1.262409920618564
jpeg_dancers_img39.bmp,1.6194483045288963,1.3891435818536717
jpeg_dancers_img41.bmp,1.471052594024702,1.3509810637949395
jpeg_dancers_img61.bmp,1.96162633593364,1.4771405681440262
jpeg_dancers_img68.bmp,2.659852431617514,1.6567014590557672
jpeg_flowersonih35_img115.bmp,2.188644733172484,1.5355222670142705
jpeg_flowersonih35_img125.bmp,2.188644733172484,1.5355222670142705
jpeg_flowersonih35_img134.bmp,1.169864933271567,1.2735254587541593
jpeg_flowersonih35_img198.bmp,1.3767752050602815,1.326736006126759
jpeg_flowersonih35_img229.bmp,1.2119345666131285,1.2843443910310208
jpeg_flowersonih35_img27.bmp,1.2695112042554948,1.299151217093057
jpeg_flowersonih35_img74.bmp,1.530659700770289,1.366310060029928
jpeg_flowersonih35_img79.bmp,1.040903115018483,1.2403607014896214
jpeg_house_img120.bmp,0.6936677193026032,1.1510631266836182
jpeg_house_img140.bmp,0.9171912155839048,1.2085460514555242
jpeg_house_img147.bmp,0.6640658937882082,1.1434505063664522
jpeg_house_img151.bmp,0.7196977435400499,1.1577571966581188
jpeg_house_img160.bmp,0.6640658937882082,1.1434505063664522
jpeg_house_img50.bmp,0.6398747208028056,1.1372293287274176
jpeg_house_img51.bmp,0.6594150062157519,1.1422544503593752
jpeg_house_img54.bmp,0.9171912155839048,1.2085460514555242
jpeg_house_img75.bmp,0.6319179048065777,1.1351830961704632
jpeg_lighthouse2_img133.bmp,0.9339222109186311,1.212848715659447
jpeg_lighthouse2_img141.bmp,0.7314630895845123,1.160782858446883
jpeg_lighthouse2_img181.bmp,0.7177446451535016,1.1572549237002692
jpeg_lighthouse2_img232.bmp,0.6180248989019174,1.1316102699282136
jpeg_lighthouse2_img64.bmp,0.7569611688069227,1.167340129580139
jpeg_lighthouse2_img69.bmp,0.732595733088959,1.1610741372718953
jpeg_lighthouse2_img95.bmp,0.9339222109186311,1.212848715659447
jpeg_lighthouse2_img97.bmp,0.765035277705557,1.169416526031259
jpeg_lighthouse_img131.bmp,0.6663340576530998,1.1440338038496476
jpeg_lighthouse_img161.bmp,0.6596840416009209,1.1423236374518462
jpeg_lighthouse_img202.bmp,0.8835025690565116,1.1998824345820462
jpeg_lighthouse_img231.bmp,0.717120007428645,1.1570942873289483
jpeg_lighthouse_img3.bmp,0.8835025690565116,1.1998824345820462
jpeg_lighthouse_img44.bmp,0.6837183828750711,1.148504483109636
jpeg_lighthouse_img57.bmp,0.739966522657973,1.1629696630190944
jpeg_lighthouse_img86.bmp,0.6874160384436109,1.1494553990554537
jpeg_manfishing_img114.bmp,1.5677434020887178,1.3758467738368219
jpeg_manfishing_img135.bmp,1.0469506457338964,1.2419159283850187
jpeg_manfishing_img148.bmp,0.2811542225298394,1.04497816158204
jpeg_manfishing_img174.bmp,0.9679962795428586,1.2216114504769724
jpeg_manfishing_img193.bmp,1.5677434020887178,1.3758467738368219
jpeg_manfishing_img33.bmp,0.8312196959458534,1.1864369914323165
jpeg_manfishing_img92.bmp,0.7955875527331328,1.17727357084417
jpeg_manfishing_img93.bmp,0.6823712245810141,1.1481580381042498
jpeg_monarch_img170.bmp,1.0499769816603488,1.2426942028988348
jpeg_monarch_img178.bmp,0.8476963120466325,1.1906742376259996
jpeg_monarch_img18.bmp,0.8911268039348613,1.201843138164653
jpeg_monarch_img209.bmp,1.0499769816603488,1.2426942028988348
jpeg_monarch_img211.bmp,0.8926607653312427,1.2022376228117624
jpeg_monarch_img48.bmp,0.8926607653312427,1.2022376228117624
jpeg_monarch_img94.bmp,0.818840116326829,1.1832533688790408
jpeg_monarch_img96.bmp,0.7854943706471853,1.174677934876551
jpeg_ocean_img143.bmp,0.5653430351565685,1.1180622194507523
jpeg_ocean_img156.bmp,0.4508310288964858,1.0886134807237757
jpeg_ocean_img164.bmp,0.3227290888198536,1.055669855972608
jpeg_ocean_img169.bmp,0.6562000301152421,1.1414276637691345
jpeg_ocean_img194.bmp,0.4577111979806532,1.0903828349458726
jpeg_ocean_img28.bmp,0.6562000301152421,1.1414276637691345
jpeg_ocean_img30.bmp,0.5424605098320383,1.1121775831431409
jpeg_ocean_img8.bmp,0.5102395022036968,1.1038913949419504
jpeg_ocean_img98.bmp,0.5066155738039393,1.102959439210013
jpeg_paintedhouse_img152.bmp,0.7498873018907124,1.1655209626175786
jpeg_paintedhouse_img172.bmp,1.0500565484900108,1.2427146648822947
jpeg_paintedhouse_img20.bmp,1.0500565484900108,1.2427146648822947
jpeg_paintedhouse_img215.bmp,0.598213081317395,1.1265153191120694
jpeg_paintedhouse_img228.bmp,0.7927755090244487,1.1765504052725373
jpeg_paintedhouse_img23.bmp,0.7168448035777808,1.1570235139090645
jpeg_paintedhouse_img56.bmp,0.7595532250932544,1.1680067215894385
jpeg_paintedhouse_img91.bmp,0.7168448035777808,1.1570235139090645
jpeg_parrots_img103.bmp,0.596686013873718,1.1261226073638777
jpeg_parrots_img109.bmp,0.6087177948572907,1.1292167874955288
jpeg_parrots_img142.bmp,0.6087177948572907,1.1292167874955288
jpeg_parrots_img149.bmp,0.6228295295993963,1.1328458636332814
jpeg_parrots_img196.bmp,0.6570720133735708,1.1416519093132262
jpeg_parrots_img233.bmp,0.6570720133735708,1.1416519093132262
jpeg_parrots_img32.bmp,0.5712677965849253,1.1195858741051565
jpeg_parrots_img72.bmp,0.5402075958851934,1.1115982074395634
jpeg_plane_img165.bmp,0.5335432154771882,1.1098843469997526
jpeg_plane_img17.bmp,0.6149576952243258,1.130821485566872
jpeg_plane_img191.bmp,0.7709175483567039,1.1709292534489724
jpeg_plane_img201.bmp,0.4430990246075959,1.0866250623772993
jpeg_plane_img25.bmp,0.5401472199676344,1.1115826807303593
jpeg_plane_img40.bmp,0.5706808752612976,1.119434937157344
jpeg_plane_img76.bmp,0.7709175483567039,1.1709292534489724
jpeg_rapids_img110.bmp,1.3319090765544368,1.315197906854804
jpeg_rapids_img139.bmp,1.6657100185624687,1.401040580029938
jpeg_rapids_img146.bmp,1.4066412940219075,1.3344165863501984
jpeg_rapids_img199.bmp,1.164395431008428,1.272118881851228
jpeg_rapids_img31.bmp,1.6657100185624687,1.401040580029938
jpeg_rapids_img35.bmp,1.2396906216899948,1.2914823396247581
jpeg_rapids_img9.bmp,1.2903012910298777,1.3044977467149328
jpeg_sailing1_img102.bmp,0.5614412238565887,1.1170588013351523
jpeg_sailing1_img106.bmp,0.5905411489271186,1.1245423492910782
jpeg_sailing1_img121.bmp,0.5431548176037408,1.1123561363694159
jpeg_sailing1_img122.bmp,0.7273293979923077,1.1597198083122073
jpeg_sailing1_img175.bmp,0.5491067045416453,1.113886766816749
jpeg_sailing1_img210.bmp,0.4658171148583244,1.092467411367763
jpeg_sailing1_img71.bmp,0.557040444151908,1.1159270648827861
jpeg_sailing1_img88.bmp,0.7273293979923077,1.1597198083122073
jpeg_sailing2_img111.bmp,0.4307822559773002,1.083457592753805
jpeg_sailing2_img124.bmp,0.3664381150214543,1.066910386417058
jpeg_sailing2_img144.bmp,0.529658117552413,1.108885227017036
jpeg_sailing2_img177.bmp,0.3608272685866467,1.065467460420979
jpeg_sailing2_img219.bmp,0.6372451212940075,1.1365530818305176
jpeg_sailing2_img52.bmp,0.6372451212940075,1.1365530818305176
jpeg_sailing2_img67.bmp,0.4663402843573904,1.0926019534336224
jpeg_sailing2_img99.bmp,0.4544579815398977,1.089546214192163
jpeg_sailing3_img108.bmp,0.4554863201063773,1.0898106692022198
jpeg_sailing3_img145.bmp,0.1601012824718925,1.0138473088415665
jpeg_sailing3_img19.bmp,0.6566323073880114,1.1415388313303287
jpeg_sailing3_img206.bmp,0.5087163391206329,1.1034996872674743
jpeg_sailing3_img222.bmp,0.6566323073880114,1.1415388313303287
jpeg_sailing3_img223.bmp,0.1601012824718925,1.0138473088415665
jpeg_sailing3_img38.bmp,0.504612413524176,1.102444291972325
jpeg_sailing3_img83.bmp,0.4959633364867453,1.100220032541167
jpeg_sailing4_img15.bmp,1.0978656649922165,1.255009604309374
jpeg_sailing4_img166.bmp,0.7398294640819019,1.1629344160408184
jpeg_sailing4_img173.bmp,1.271996560007286,1.299790369218397
jpeg_sailing4_img197.bmp,0.7398294640819019,1.1629344160408184
jpeg_sailing4_img214.bmp,1.1270776416239214,1.2625219682581093
jpeg_sailing4_img37.bmp,1.0735598981950387,1.2487589568939121
jpeg_sailing4_img47.bmp,1.0831137260097208,1.2512158886021743
jpeg_sailing4_img6.bmp,1.271996560007286,1.299790369218397
jpeg_statue_img11.bmp,0.7350919934522069,1.1617160937062698
jpeg_statue_img13.bmp,1.0553188607081077,1.244067959289333
jpeg_statue_img130.bmp,0.9685070541204898,1.2217428049748658
jpeg_statue_img208.bmp,1.2836862436726924,1.3027965731205597
jpeg_statue_img218.bmp,0.4770167291393602,1.0953475854698222
jpeg_statue_img221.bmp,0.4770167291393602,1.0953475854698222
jpeg_statue_img70.bmp,1.0335628251084616,1.2384730192561137
jpeg_statue_img87.bmp,1.2836862436726924,1.3027965731205597
jpeg_stream_img100.bmp,0.8326629368914268,1.1868081457497925
jpeg_stream_img137.bmp,0.9579810809435724,1.2190358693088346
jpeg_stream_img16.bmp,0.8459567433962762,1.1902268775250366
jpeg_stream_img185.bmp,0.8995669711889389,1.2040136728395305
jpeg_stream_img212.bmp,1.2903672636049606,1.3045147127012098
jpeg_stream_img217.bmp,0.8344509957957919,1.187267975956448
jpeg_stream_img7.bmp,1.2903672636049606,1.3045147127012098
jpeg_stream_img85.bmp,0.8801371297162028,1.199016953772906
jpeg_studentsculpture_img127.bmp,0.2770840315953278,1.043931441737423
jpeg_studentsculpture_img158.bmp,1.7711091800640495,1.4281457934523005
jpeg_studentsculpture_img180.bmp,0.2770840315953278,1.043931441737423
jpeg_studentsculpture_img200.bmp,0.7724136660645995,1.1713140059384584
jpeg_studentsculpture_img34.bmp,1.7711091800640495,1.4281457934523005
jpeg_studentsculpture_img45.bmp,0.9045484574319206,1.2052947480004041
jpeg_studentsculpture_img53.bmp,1.1069244761692816,1.2573392339459772
jpeg_studentsculpture_img59.bmp,0.9322646582226422,1.21242244737663
jpeg_womanhat_img1.bmp,0.7521838661974725,1.1661115637645523
jpeg_womanhat_img107.bmp,0.7933704212374296,1.1767033972154586
jpeg_womanhat_img138.bmp,0.6614542545318459,1.1427788782584347
jpeg_womanhat_img154.bmp,0.6606655388583137,1.1425760464108556
jpeg_womanhat_img168.bmp,0.8269029565935646,1.185326867406987
jpeg_womanhat_img190.bmp,0.96738563923697,1.221454413783515
jpeg_womanhat_img26.bmp,0.96738563923697,1.221454413783515
jpeg_womanhat_img89.bmp,0.7678876274496702,1.170150056995528
jpeg_woman_img10.bmp,1.6627843207744724,1.4002881863502994
jpeg_woman_img116.bmp,1.3811010630367893,1.3278484751636812
jpeg_woman_img150.bmp,1.2820399477180635,1.3023731997030596
jpeg_woman_img167.bmp,1.1083630528126722,1.2577091887576475
jpeg_woman_img189.bmp,1.6627843207744724,1.4002881863502994
jpeg_woman_img220.bmp,0.9710466773612336,1.222395912921571
jpeg_woman_img58.bmp,1.3018426010962942,1.3074657937853944
jpeg_woman_img65.bmp,1.1984570509216452,1.2808784152678698
wn_bikes_img152.bmp,2.025540090792969,1.493577093268191
wn_bikes_img29.bmp,13.257691598625772,4.3821187047453645
wn_bikes_img68.bmp,7.291970516529865,2.847930568475687
wn_bikes_img87.bmp,15.232794611731782,4.890050532083352
wn_bikes_img95.bmp,4.136305320632526,2.036396800979482
wn_bikes_img97.bmp,12.42428566991564,4.167793986755918
wn_building2_img102.bmp,8.969625816141889,3.279368582756848
wn_building2_img118.bmp,2.423329732287445,1.5958755648717924
wn_building2_img121.bmp,14.217121770618736,4.628852731897309
wn_building2_img136.bmp,15.053628707950308,4.843974927772833
wn_building2_img156.bmp,3.4003710398562887,1.847138599480663
wn_building2_img36.bmp,13.329901004550829,4.400688599712425
wn_building2_img48.bmp,6.463908951467055,2.6349802458343974
wn_buildings_img103.bmp,2.783799684479165,1.6885766342855073
wn_buildings_img130.bmp,9.986394509867862,3.5408482003551898
wn_buildings_img159.bmp,1.38513824769879,1.32888670687568
wn_buildings_img4.bmp,14.369600573696877,4.668065287679903
wn_buildings_img46.bmp,4.047829359963643,2.013643680722044
wn_buildings_img61.bmp,11.2315901098085,3.8610717392158054
wn_caps_img110.bmp,3.752085176656893,1.9375879598534151
wn_caps_img132.bmp,2.117068363451991,1.517115168232533
wn_caps_img144.bmp,6.403213353038155,2.6193713251772
wn_caps_img163.bmp,0.7044812464430747,1.153844011814157
wn_caps_img64.bmp,1.310227667531845,1.3096221583338248
wn_caps_img80.bmp,14.184986056163552,4.620588478307637
wn_carnivaldolls_img135.bmp,5.260174053439787,2.3254190420245786
wn_carnivaldolls_img14.bmp,1.6100204648075616,1.3867190501579925
wn_carnivaldolls_img166.bmp,1.2399174859850624,1.2915406816935955
wn_carnivaldolls_img47.bmp,13.345183068424513,4.404618646184609
wn_carnivaldolls_img71.bmp,4.530427094535351,2.1377520171296216
wn_carnivaldolls_img90.bmp,2.297817513045984,1.5635979315283515
wn_cemetry_img169.bmp,2.299655265702936,1.5640705413411293
wn_cemetry_img23.bmp,14.38794609853822,4.672783156010976
wn_cemetry_img45.bmp,3.470431120213754,1.8651557582836626
wn_cemetry_img63.bmp,4.401889422265283,2.104696336324783
wn_cemetry_img65.bmp,9.468693245978768,3.407712385545788
wn_cemetry_img9.bmp,8.087548433873724,3.0525271604836846
wn_churchandcapitol_img13.bmp,2.620240739563967,1.6465146288017503
wn_churchandcapitol_img172.bmp,1.991552114253735,1.4848364985161506
wn_churchandcapitol_img18.bmp,3.3687754575453206,1.8390132501938021
wn_churchandcapitol_img20.bmp,14.226981580974826,4.631388352296925
wn_churchandcapitol_img62.bmp,7.579132570854575,2.921779246761031
wn_churchandcapitol_img93.bmp,9.727909507552178,3.4743743209198077
wn_coinsinfountain_img124.bmp,11.694535833989883,3.9801262219852753
wn_coinsinfountain_img146.bmp,2.908573719907896,1.720664430921484
wn_coinsinfountain_img24.bmp,15.30372506688057,4.908291522785393
wn_coinsinfountain_img31.bmp,5.907775108999092,2.491960830150843
wn_coinsinfountain_img8.bmp,4.541143631583211,2.140507959583932
wn_coinsinfountain_img92.bmp,13.55000286288536,4.457291591233631
wn_dancers_img149.bmp,2.659852431617514,1.6567014590557672
wn_dancers_img15.bmp,12.488463876423976,4.184298520185692
wn_dancers_img27.bmp,6.222573790016808,2.5729167439598486
wn_dancers_img30.bmp,4.378839798974818,2.098768727891354
wn_dancers_img50.bmp,11.583529678858616,3.9515790733821645
wn_dancers_img51.bmp,10.23028118057316,3.603567866870159
wn_flowersonih35_img122.bmp,7.839620299708465,2.9887681618899746
wn_flowersonih35_img133.bmp,2.569124425163268,1.6333691863574598
wn_flowersonih35_img153.bmp,2.188644733172484,1.5355222670142705
wn_flowersonih35_img49.bmp,8.473778901988087,3.151852991157411
wn_flowersonih35_img53.bmp,11.750917906482464,3.9946258450025187
wn_flowersonih35_img72.bmp,4.134890239619553,2.0360328884746757
wn_house_img109.bmp,5.565008391079767,2.4038124529633578
wn_house_img160.bmp,0.9171912155839048,1.2085460514555242
wn_house_img38.bmp,6.960685595471996,2.7627349335108926
wn_house_img54.bmp,1.5120365408624137,1.361520793049904
wn_house_img70.bmp,2.595208244778924,1.6400770907418998
wn_house_img83.bmp,8.829812384804875,3.2434131459041007
wn_lighthouse2_img108.bmp,6.242421909247521,2.5780210303708264
wn_lighthouse2_img125.bmp,1.7663540432003968,1.4269229279407951
wn_lighthouse2_img137.bmp,14.46487673036193,4.692567195699636
wn_lighthouse2_img167.bmp,0.9339222109186311,1.212848715659447
wn_lighthouse2_img32.bmp,7.618738181710685,2.931964513130174
wn_lighthouse2_img6.bmp,2.6513605657909336,1.654517629200725
wn_lighthouse_img114.bmp,2.609022832066536,1.6436297502833797
wn_lighthouse_img164.bmp,0.8835025690565116,1.1998824345820462
wn_lighthouse_img40.bmp,3.61443341744654,1.902188434295479
wn_lighthouse_img43.bmp,1.7085151839890402,1.4120486670767154
wn_lighthouse_img66.bmp,13.70305565622346,4.496651758517842
wn_lighthouse_img96.bmp,7.370398272729048,2.8680996195357746
wn_manfishing_img143.bmp,8.467896217443718,3.150340157299912
wn_manfishing_img170.bmp,1.5677434020887178,1.3758467738368219
wn_manfishing_img37.bmp,3.7618828174314185,1.940107592272172
wn_manfishing_img41.bmp,14.115677090521192,4.602764481616817
wn_manfishing_img59.bmp,2.2359595365552973,1.5476900852915443
wn_manfishing_img73.bmp,9.837575791774542,3.502576898594394
wn_monarch_img1.bmp,2.056271597940547,1.5014802307140567
wn_monarch_img140.bmp,7.433340188387718,2.884286219436904
wn_monarch_img17.bmp,5.447246491628476,2.3735279481136473
wn_monarch_img173.bmp,0.8926607653312427,1.2022376228117624
wn_monarch_img34.bmp,13.866370483553004,4.538650984951319
wn_monarch_img82.bmp,1.7520552678240535,1.4232457510758882
wn_ocean_img120.bmp,8.66505955482669,3.201044112271609
wn_ocean_img147.bmp,0.6562000301152421,1.1414276637691345
wn_ocean_img21.bmp,6.239460407602934,2.5772594291115407
wn_ocean_img42.bmp,14.76181249653146,4.7689293526664835
wn_ocean_img99.bmp,1.1703319036873188,1.2736455482558269
wn_paintedhouse_img111.bmp,3.8275533184679222,1.9569958949947814
wn_paintedhouse_img142.bmp,2.3885396491046262,1.5869286945531145
wn_paintedhouse_img150.bmp,1.0500565484900108,1.2427146648822947
wn_paintedhouse_img26.bmp,6.504299811289389,2.6453674525275046
wn_paintedhouse_img39.bmp,9.73700609403077,3.4767136651271473
wn_paintedhouse_img94.bmp,14.73408633475957,4.761799091652038
wn_parrots_img104.bmp,13.919834654751112,4.552400219291791
wn_parrots_img154.bmp,0.6087177948572907,1.1292167874955288
wn_parrots_img22.bmp,1.7618382477503545,1.4257616132044983
wn_parrots_img67.bmp,3.064045785211451,1.7606467557448662
wn_parrots_img69.bmp,5.626152610243006,2.419536744184957
wn_parrots_img75.bmp,0.9393064263963165,1.2142333595935684
wn_plane_img10.bmp,2.3309735172074757,1.572124570224775
wn_plane_img105.bmp,12.072223664361918,4.077255165929573
wn_plane_img129.bmp,6.198394107624821,2.566698521325222
wn_plane_img139.bmp,4.428964841389452,2.1116592476364593
wn_plane_img157.bmp,0.7709175483567039,1.1709292534489724
wn_plane_img78.bmp,1.4327935205014597,1.3411420827402964
wn_rapids_img101.bmp,2.669008198036801,1.6590560224062196
wn_rapids_img107.bmp,4.334264648202014,2.0873054585653197
wn_rapids_img116.bmp,11.69639784554792,3.9806050703931417
wn_rapids_img161.bmp,1.6657100185624687,1.401040580029938
wn_rapids_img74.bmp,8.256410596582464,3.0959529799491783
wn_rapids_img77.bmp,14.715900221153923,4.75712221867144
wn_sailing1_img141.bmp,6.699177581891029,2.6954836345556927
wn_sailing1_img165.bmp,0.7273293979923077,1.1597198083122073
wn_sailing1_img52.bmp,14.234945479475416,4.63343640624211
wn_sailing1_img56.bmp,2.541379452328243,1.6262340877534758
wn_sailing1_img76.bmp,1.5628807520652075,1.3745962594607324
wn_sailing1_img79.bmp,5.222241429119629,2.3156640130165655
wn_sailing2_img113.bmp,12.787194236932338,4.26112218805896
wn_sailing2_img117.bmp,1.5293263996997395,1.365967178648723
wn_sailing2_img12.bmp,2.830579387431652,1.700606842252037
wn_sailing2_img128.bmp,4.982107570071279,2.253909446787465
wn_sailing2_img168.bmp,0.6372451212940075,1.1365530818305176
wn_sailing2_img81.bmp,1.0738198346808077,1.248825804047368
wn_sailing3_img123.bmp,6.290707100484871,2.5904384006324324
wn_sailing3_img171.bmp,0.6566323073880114,1.1415388313303287
wn_sailing3_img5.bmp,1.2744915301594986,1.3004319938527364
wn_sailing3_img58.bmp,14.362875223123265,4.666335747709747
wn_sailing3_img84.bmp,1.7611802940135342,1.4255924090457128
wn_sailing3_img89.bmp,4.670982272563734,2.1738982069455655
wn_sailing4_img100.bmp,4.460811103871118,2.119849063655604
wn_sailing4_img126.bmp,9.86031530511737,3.508424756902724
wn_sailing4_img127.bmp,2.246563986522041,1.550417202618479
wn_sailing4_img134.bmp,12.737332823630275,4.248299465090023
wn_sailing4_img174.bmp,1.271996560007286,1.299790369218397
wn_sailing4_img86.bmp,8.64647985009803,3.1962660205408957
wn_statue_img145.bmp,15.660335304563914,5.0
wn_statue_img148.bmp,1.2836862436726924,1.3027965731205597
wn_statue_img25.bmp,9.541656616376176,3.426476175489287
wn_statue_img55.bmp,5.318858233248224,2.34051069166925
wn_statue_img85.bmp,2.448927024166736,1.6024583502520375
wn_statue_img91.bmp,13.05624549893972,4.330313363532938
wn_stream_img106.bmp,10.9319317591357,3.784009422655938
wn_stream_img131.bmp,12.701971171815195,4.239205606033083
wn_stream_img138.bmp,2.754983169205883,1.6811659700502006
wn_stream_img151.bmp,1.2903672636049606,1.3045147127012098
wn_stream_img2.bmp,8.516724129863453,3.1628970976801782
wn_stream_img88.bmp,4.218567535621845,2.057551949294854
wn_studentsculpture_img112.bmp,8.078659877757152,3.0502413148742513
wn_studentsculpture_img155.bmp,1.7711091800640495,1.4281457934523005
wn_studentsculpture_img16.bmp,4.330430365587505,2.086319406616639
wn_studentsculpture_img19.bmp,2.368832340978944,1.581860620147998
wn_studentsculpture_img44.bmp,10.420132407417064,3.652391386419925
wn_studentsculpture_img57.bmp,14.03846793363677,4.582908814401841
wn_womanhat_img11.bmp,1.6540566984686065,1.398043727647782
wn_womanhat_img119.bmp,6.33566315912479,2.601999626990433
wn_womanhat_img162.bmp,0.96738563923697,1.221454413783515
wn_womanhat_img28.bmp,4.817761348061605,2.211644979411561
wn_womanhat_img3.bmp,2.565075222241296,1.632327863942491
wn_womanhat_img60.bmp,14.1268339968427,4.605633672630004
wn_woman_img115.bmp,9.911372928862567,3.5215551060320336
wn_woman_img158.bmp,1.6627843207744724,1.4002881863502994
wn_woman_img33.bmp,15.524638389802396,4.965103196429965
wn_woman_img35.bmp,4.428252676448942,2.111476102131035
wn_woman_img7.bmp,11.71729285234973,3.9859785820108438
wn_woman_img98.bmp,2.400034448327311,1.5898847805573983
