image_name,brisque_score,ground_truth,transformed_mos
fastfading_bikes_img152.bmp,5.108816484013886,5.0,4.795647340639444
fastfading_bikes_img32.bmp,52.77338740546574,3.132306187448422,2.8890645037813707
fastfading_bikes_img33.bmp,15.18104448807648,3.576219119983836,4.39275822047694
fastfading_bikes_img34.bmp,14.872318422485108,4.097828371467128,4.405107263100596
fastfading_bikes_img35.bmp,48.708090843900635,3.212622805166936,3.0516763662439748
fastfading_building2_img156.bmp,13.362665072204976,5.0,4.465493397111802
fastfading_building2_img51.bmp,78.84206728360638,2.3818464593181274,1.8463173086557447
fastfading_building2_img52.bmp,36.12797846687076,1.969764361839972,3.5548808613251697
fastfading_building2_img53.bmp,40.23564686602978,3.2063205324502526,3.3905741253588086
fastfading_building2_img54.bmp,19.930707661051628,4.083708494068136,4.202771693557935
fastfading_building2_img55.bmp,19.32598526974388,3.970270032845579,4.226960589210245
fastfading_buildings_img159.bmp,11.332786369069112,5.0,4.546688545237235
fastfading_buildings_img66.bmp,60.12521861910713,2.97526208412663,2.5949912552357146
fastfading_buildings_img67.bmp,76.65862974297622,2.6458635327944884,1.9336548102809514
fastfading_buildings_img68.bmp,69.65696276650132,2.73939684828653,2.213721489339947
fastfading_buildings_img69.bmp,94.25848305407087,2.267632356417428,1.2296606778371655
fastfading_buildings_img70.bmp,16.210156166254222,4.153340885557181,4.351593753349832
fastfading_caps_img163.bmp,7.218184783777673,5.0,4.711272608648893
fastfading_caps_img86.bmp,93.73735501817768,2.239704465890388,1.2505057992728927
fastfading_caps_img87.bmp,81.59522967682025,2.597784560763184,1.73619081292719
fastfading_caps_img88.bmp,65.16867731285149,2.971642608643451,2.3932529074859406
fastfading_caps_img89.bmp,27.98919975922442,3.621890903161109,3.8804320096310234
fastfading_caps_img90.bmp,19.80255791539443,3.3004145886079512,4.207897683384223
fastfading_carnivaldolls_img101.bmp,61.277527085458786,2.936043492569412,2.5488989165816482
fastfading_carnivaldolls_img102.bmp,43.39320446780229,3.4644891763631067,3.2642718212879083
fastfading_carnivaldolls_img103.bmp,68.14168279354428,2.778647907365693,2.274332688258229
fastfading_carnivaldolls_img104.bmp,11.8645605884561,4.120402302870742,4.525417576461756
fastfading_carnivaldolls_img105.bmp,11.86296120965548,4.04318202364266,4.525481551613781
fastfading_carnivaldolls_img166.bmp,1.545826899227535,5.0,4.938166924030899
fastfading_cemetry_img117.bmp,77.71040862360971,2.5370240577728764,1.8915836550556118
fastfading_cemetry_img118.bmp,58.43714655242181,2.939607184003157,2.662514137903128
fastfading_cemetry_img119.bmp,23.22005049455683,4.150179712432697,4.071197980217727
fastfading_cemetry_img120.bmp,95.60840938667215,2.339625243758635,1.175663624533114
fastfading_cemetry_img169.bmp,11.86776075947634,5.0,4.525289569620947
fastfading_churchandcapitol_img133.bmp,28.935739299175765,3.998426293822433,3.8425704280329693
fastfading_churchandcapitol_img134.bmp,28.15584783107758,3.9466187365775296,3.8737660867568966
fastfading_churchandcapitol_img135.bmp,45.269496222278434,3.4402490021866248,3.1892201511088625
fastfading_churchandcapitol_img172.bmp,14.548186301872619,5.0,4.418072547925095
fastfading_coinsinfountain_img1.bmp,77.259040817368,2.5918415078417034,1.90963836730528
fastfading_coinsinfountain_img2.bmp,77.31329436121322,2.6688707869730752,1.907468225551471
fastfading_coinsinfountain_img3.bmp,77.2584467600145,2.7220258574525125,1.9096621295994203
fastfading_coinsinfountain_img4.bmp,39.65423522407295,3.851637476626385,3.413830591037082
fastfading_coinsinfountain_img5.bmp,5.882401966194919,4.040225328700454,4.764703921352203
fastfading_dancers_img149.bmp,16.25633813727947,5.0,4.349746474508821
fastfading_dancers_img16.bmp,56.48573263456328,2.823452526646616,2.740570694617469
fastfading_dancers_img17.bmp,52.44011208987567,3.086001841415713,2.9023955164049733
fastfading_dancers_img18.bmp,76.4057336397785,2.4698198246778222,1.9437706544088598
fastfading_dancers_img19.bmp,52.503192951520276,3.3724386948096123,2.8998722819391887
fastfading_dancers_img20.bmp,18.598791142298722,3.831568914817987,4.256048354308051
fastfading_flowersonih35_img153.bmp,20.16061726189068,5.0,4.193575309524373
fastfading_flowersonih35_img36.bmp,64.17596059802415,3.077624821745478,2.432961576079034
fastfading_flowersonih35_img37.bmp,96.78066159188236,2.130125473096048,1.1287735363247053
fastfading_flowersonih35_img38.bmp,23.141633369080836,3.6331510545445087,4.0743346652367665
fastfading_flowersonih35_img39.bmp,22.270795643103355,3.558999286140337,4.109168174275865
fastfading_flowersonih35_img40.bmp,22.912191361540835,3.963002679544529,4.083512345538367
fastfading_house_img160.bmp,8.527573038778058,5.0,4.658897078448877
fastfading_house_img71.bmp,97.31715705791513,2.0799688343824925,1.107313717683395
fastfading_house_img72.bmp,12.591221085951105,3.817966023807485,4.496351156561955
fastfading_house_img73.bmp,31.909769155791167,3.4914056129166937,3.7236092337683533
fastfading_house_img74.bmp,11.790852670193516,4.084698384560042,4.528365893192259
fastfading_house_img75.bmp,11.669749488076349,4.087928872836895,4.533210020476946
fastfading_lighthouse2_img106.bmp,70.58827506121256,2.8469505018915253,2.1764689975514977
fastfading_lighthouse2_img107.bmp,63.98095955737321,3.0168572742389044,2.4407616177050713
fastfading_lighthouse2_img108.bmp,57.05673539294045,3.0594838020612505,2.717730584282382
fastfading_lighthouse2_img109.bmp,47.9857857406499,3.628983721547983,3.080568570374004
fastfading_lighthouse2_img110.bmp,10.850469200789775,4.125556688792108,4.56598123196841
fastfading_lighthouse2_img167.bmp,5.614555614472891,5.0,4.775417775421085
fastfading_lighthouse_img164.bmp,7.8078181223008585,5.0,4.687687275107965
fastfading_lighthouse_img91.bmp,68.37667647564771,3.0548079917045743,2.2649329409740915
fastfading_lighthouse_img92.bmp,83.05911539968977,2.459225562504459,1.677635384012409
fastfading_lighthouse_img93.bmp,51.64440919068872,3.454734509467132,2.9342236323724515
fastfading_lighthouse_img94.bmp,31.397821447635778,3.265693580540088,3.744087142094569
fastfading_lighthouse_img95.bmp,67.4574361664738,2.9883107127014825,2.3017025533410482
fastfading_manfishing_img121.bmp,61.16206859460485,2.95192741858046,2.553517256215806
fastfading_manfishing_img122.bmp,69.2443340164468,2.769806501897565,2.2302266393421277
fastfading_manfishing_img123.bmp,48.18673546647639,3.3882018834896224,3.0725305813409443
fastfading_manfishing_img124.bmp,17.423508113359134,3.9954574045987954,4.303059675465635
fastfading_manfishing_img125.bmp,15.736704257344257,4.159450324087098,4.37053182970623
fastfading_manfishing_img170.bmp,10.338803435497965,5.0,4.586447862580082
fastfading_monarch_img136.bmp,76.76508102977752,2.8328785455927235,1.9293967588088994
fastfading_monarch_img137.bmp,59.23495749380899,3.215071651916332,2.6306017002476403
fastfading_monarch_img138.bmp,29.856389850278077,3.712290543226658,3.805744405988877
fastfading_monarch_img139.bmp,20.991230947157277,4.179457525468753,4.160350762113708
fastfading_monarch_img140.bmp,20.48392590620412,4.124919045050378,4.1806429637518345
fastfading_monarch_img173.bmp,9.714905543085678,5.0,4.611403778276573
fastfading_ocean_img10.bmp,11.050669221782499,4.204768889068609,4.557973231128701
fastfading_ocean_img147.bmp,3.180764267123976,5.0,4.87276942931504
fastfading_ocean_img6.bmp,70.72715398006275,2.913162728683077,2.17091384079749
fastfading_ocean_img7.bmp,37.404916209311494,3.1554661063184124,3.5038033516275404
fastfading_ocean_img8.bmp,67.23670159460377,2.420794899131254,2.310531936215849
fastfading_ocean_img9.bmp,66.97580743340788,2.886277321776168,2.320967702663685
fastfading_paintedhouse_img150.bmp,10.511665990733349,5.0,4.579533360370666
fastfading_paintedhouse_img21.bmp,78.56482080705084,2.5315138945205398,1.8574071677179664
fastfading_paintedhouse_img22.bmp,24.854704479265564,2.898411857584927,4.005811820829377
fastfading_paintedhouse_img23.bmp,31.822817836472694,3.259088991850428,3.7270872865410922
fastfading_paintedhouse_img24.bmp,56.1577476222603,3.084606824930268,2.753690095109588
fastfading_paintedhouse_img25.bmp,18.272040965410923,4.026658009859406,4.269118361383564
fastfading_parrots_img41.bmp,69.20035611750458,3.237439525056923,2.2319857552998164
fastfading_parrots_img42.bmp,83.56805101991378,2.9961799711613217,1.6572779592034488
fastfading_parrots_img43.bmp,1.1425838447538297,4.173653203416471,4.954296646209847
fastfading_parrots_img44.bmp,32.40644424322758,3.8629379265147774,3.7037422302708967
fastfading_parrots_img45.bmp,7.872566243506498,4.264609887499902,4.68509735025974
fastfading_plane_img56.bmp,34.12967292480775,3.195720661132378,3.63481308300769
fastfading_plane_img57.bmp,44.511731690007736,2.588417092891692,3.2195307323996905
fastfading_plane_img58.bmp,73.2218746557879,2.125154988486606,2.071125013768484
fastfading_plane_img59.bmp,19.183521407060624,4.122554272755916,4.232659143717575
fastfading_plane_img60.bmp,9.24454479327423,4.008607936039077,4.630218208269031
fastfading_rapids_img161.bmp,17.99802858872519,5.0,4.280078856450992
fastfading_rapids_img76.bmp,63.538711985906474,2.079231002559743,2.4584515205637407
fastfading_rapids_img77.bmp,38.48693821373578,3.266242648644033,3.4605224714505685
fastfading_rapids_img78.bmp,45.177637272477426,3.284660687055273,3.192894509100903
fastfading_rapids_img79.bmp,26.436365931528684,3.0287742142729903,3.9425453627388527
fastfading_rapids_img80.bmp,23.42759848183786,4.184932281670822,4.0628960607264855
fastfading_sailing1_img100.bmp,70.5912842730846,2.8458027558716443,2.176348629076616
fastfading_sailing1_img165.bmp,0.08494587180720714,5.0,4.996602165127712
fastfading_sailing1_img96.bmp,23.65363810692699,2.1241105053274043,4.05385447572292
fastfading_sailing1_img97.bmp,73.07043611355206,2.695337261098587,2.0771825554579175
fastfading_sailing1_img98.bmp,7.4183144887705055,3.8573938495248807,4.70326742044918
fastfading_sailing1_img99.bmp,63.65803767899044,2.9467133500979745,2.4536784928403828
fastfading_sailing2_img111.bmp,64.99623910729733,3.085260863064308,2.400150435708107
fastfading_sailing2_img112.bmp,81.16745694975472,2.722777926318329,1.753301722009811
fastfading_sailing2_img113.bmp,65.14455759721133,3.0828307037961764,2.3942176961115464
fastfading_sailing2_img114.bmp,30.427206319449027,3.563233740167897,3.782911747222039
fastfading_sailing2_img115.bmp,18.02144081229548,3.670775846725057,4.2791423675081806
fastfading_sailing2_img168.bmp,11.02373745522354,5.0,4.5590505017910585
fastfading_sailing3_img126.bmp,80.62352115856069,2.6602348359132493,1.7750591536575722
fastfading_sailing3_img127.bmp,20.254722167510607,3.8555865850967104,4.189811113299576
fastfading_sailing3_img128.bmp,23.20749679243201,3.855211653415453,4.071700128302719
fastfading_sailing3_img129.bmp,17.422397868575302,4.1344657257448425,4.303104085256988
fastfading_sailing3_img130.bmp,17.209221357719088,4.125636159824898,4.311631145691237
fastfading_sailing3_img171.bmp,7.04906906607161,5.0,4.7180372373571355
fastfading_sailing4_img141.bmp,68.27876202413628,2.6885496680546748,2.2688495190345486
fastfading_sailing4_img142.bmp,25.03602023082985,3.1211002392818807,3.998559190766806
fastfading_sailing4_img143.bmp,35.58329498802581,3.528029354351068,3.5766682004789674
fastfading_sailing4_img144.bmp,56.52179242201336,3.042257134198059,2.7391283031194655
fastfading_sailing4_img145.bmp,29.46320046800585,3.5573357804788834,3.8214719812797657
fastfading_sailing4_img174.bmp,4.004033214885766,5.0,4.83983867140457
fastfading_statue_img11.bmp,81.05246090039802,2.6736494107669118,1.7579015639840794
fastfading_statue_img12.bmp,49.352503868531784,3.2755615496538857,3.0258998452587287
fastfading_statue_img13.bmp,13.211171331092572,4.095659020188823,4.471553146756297
fastfading_statue_img14.bmp,27.032390935520965,3.885886657228166,3.9187043625791613
fastfading_statue_img148.bmp,2.4402050895765512,5.0,4.9023917964169375
fastfading_statue_img15.bmp,12.370950912185293,4.090086266833553,4.505161963512588
fastfading_stream_img151.bmp,14.752058803388621,5.0,4.4099176478644555
fastfading_stream_img26.bmp,67.67822155495,2.794000892813701,2.292871137802
fastfading_stream_img27.bmp,15.719773996478665,4.09112187641349,4.371209040140853
fastfading_stream_img28.bmp,16.188919701786716,3.9775431060256254,4.352443211928531
fastfading_stream_img29.bmp,14.582580181020688,3.969513920503571,4.416696792759172
fastfading_stream_img30.bmp,14.816222827826294,4.173698110942718,4.407351086886948
fastfading_studentsculpture_img155.bmp,13.676263298643761,5.0,4.45294946805425
fastfading_studentsculpture_img46.bmp,92.67980835616143,2.394220939527644,1.2928076657535428
fastfading_studentsculpture_img47.bmp,77.08072285551023,2.053010870629872,1.9167710857795908
fastfading_studentsculpture_img48.bmp,57.769957333386714,3.0236230121417997,2.6892017066645315
fastfading_studentsculpture_img49.bmp,22.835097320285712,4.03347888827136,4.086596107188571
fastfading_studentsculpture_img50.bmp,22.274097815153794,4.007329272633379,4.109036087393848
fastfading_womanhat_img162.bmp,0.5561143093344469,5.0,4.977755427626622
fastfading_womanhat_img81.bmp,45.40947615638183,3.2130721595985148,3.183620953744727
fastfading_womanhat_img82.bmp,25.731799713651952,3.3820002535927296,3.970728011453922
fastfading_womanhat_img83.bmp,7.724567337684192,3.777934776930776,4.691017306492633
fastfading_womanhat_img84.bmp,14.303701833465624,3.900140589101288,4.427851926661376
fastfading_womanhat_img85.bmp,63.6623176716391,3.080119270392676,2.453507293134436
fastfading_woman_img158.bmp,12.356143018022607,5.0,4.505754279279095
fastfading_woman_img61.bmp,77.45191024620325,2.5924955214805023,1.9019235901518698
fastfading_woman_img62.bmp,77.72192178127383,2.638530930728459,1.8911231287490466
fastfading_woman_img63.bmp,15.023536143046698,3.870689974333312,4.399058554278132
fastfading_woman_img64.bmp,14.72442432461466,4.106109972781434,4.411023027015414
fastfading_woman_img65.bmp,94.93192011094126,2.31054257607694,1.2027231955623494
gblur_bikes_img112.bmp,32.40583736820517,3.7809998035819623,3.703766505271793
gblur_bikes_img129.bmp,34.85778404572906,3.802080648381067,3.6056886381708377
gblur_bikes_img152.bmp,5.108816484013886,5.0,4.795647340639444
gblur_bikes_img26.bmp,46.87135889815099,3.33060310363452,3.1251456440739607
gblur_bikes_img40.bmp,65.97491713716019,2.7649875483887136,2.3610033145135922
gblur_bikes_img60.bmp,18.098452944636705,4.110620901831675,4.276061882214532
gblur_building2_img137.bmp,20.65138591037575,4.202218139321896,4.1739445635849695
gblur_building2_img156.bmp,13.362665072204976,5.0,4.465493397111802
gblur_building2_img25.bmp,58.38575309366692,2.7315831168438045,2.6645698762533234
gblur_building2_img33.bmp,38.809042368309264,3.5370836798373504,3.4476383052676294
gblur_building2_img8.bmp,32.27867318010166,3.8452368727020767,3.7088530727959337
gblur_building2_img80.bmp,42.87247399810346,3.361167972330989,3.285101040075862
gblur_buildings_img134.bmp,53.67851580588021,3.1324292776281104,2.8528593677647915
gblur_buildings_img159.bmp,11.332786369069112,5.0,4.546688545237235
gblur_buildings_img45.bmp,12.793103386211186,4.063958619422433,4.488275864551552
gblur_buildings_img62.bmp,35.09475686062487,3.6665954749964818,3.5962097255750054
gblur_buildings_img7.bmp,31.330651659814833,3.832536352077824,3.7467739336074066
gblur_buildings_img73.bmp,71.29772429051044,2.752983458087022,2.148091028379582
gblur_caps_img1.bmp,33.41323329962924,3.3681021351397016,3.6634706680148303
gblur_caps_img115.bmp,48.234167958086545,2.8340105692954003,3.070633281676538
gblur_caps_img163.bmp,7.218184783777673,5.0,4.711272608648893
gblur_caps_img28.bmp,18.973969818642416,4.014094363281098,4.241041207254304
gblur_caps_img70.bmp,76.39712822987642,2.233800688261476,1.9441148708049434
gblur_caps_img88.bmp,67.18159597966323,2.566672744953725,2.312736160813471
gblur_carnivaldolls_img166.bmp,1.545826899227535,5.0,4.938166924030899
gblur_carnivaldolls_img27.bmp,34.256754897811305,3.7022195528603854,3.629729804087548
gblur_carnivaldolls_img52.bmp,67.97962155751631,2.469094851095129,2.2808151376993475
gblur_carnivaldolls_img59.bmp,45.98860489791852,3.3339445387222826,3.1604558040832593
gblur_carnivaldolls_img6.bmp,57.30562267166815,2.9373001580305096,2.7077750931332742
gblur_carnivaldolls_img95.bmp,10.787185644453729,4.211474150949581,4.568512574221851
gblur_cemetry_img109.bmp,40.7690926218647,3.3209074484009955,3.369236295125412
gblur_cemetry_img13.bmp,28.06025672742416,3.7651785786063936,3.8775897309030336
gblur_cemetry_img135.bmp,46.814581061177904,3.1736168261260502,3.1274167575528837
gblur_cemetry_img143.bmp,35.01316659705387,3.647231624702252,3.5994733361178453
gblur_cemetry_img169.bmp,11.86776075947634,5.0,4.525289569620947
gblur_cemetry_img83.bmp,64.74586658996904,2.5961093565373354,2.4101653364012385
gblur_churchandcapitol_img104.bmp,82.27890532329863,1.708451197309019,1.7088437870680546
gblur_churchandcapitol_img142.bmp,33.96154984812196,3.761858772668851,3.6415380060751215
gblur_churchandcapitol_img172.bmp,14.548186301872619,5.0,4.418072547925095
gblur_churchandcapitol_img2.bmp,40.13613962942654,3.5320427385212527,3.3945544148229385
gblur_churchandcapitol_img66.bmp,55.03542644146043,2.797405490721685,2.798582942341583
gblur_churchandcapitol_img91.bmp,48.51679263764888,3.142076716828634,3.059328294494045
gblur_coinsinfountain_img101.bmp,28.735608089530132,3.911624388164323,3.850575676418795
gblur_coinsinfountain_img123.bmp,67.29028050459462,2.7139022807570767,2.308388779816215
gblur_coinsinfountain_img19.bmp,56.846470431519805,2.9918118731275896,2.726141182739208
gblur_coinsinfountain_img22.bmp,50.138035411511254,3.1864445310709284,2.99447858353955
gblur_coinsinfountain_img32.bmp,11.84258152674849,4.103445182501475,4.526296738930061
gblur_dancers_img128.bmp,53.18493785665598,2.824253124326977,2.872602485733761
gblur_dancers_img149.bmp,16.25633813727947,5.0,4.349746474508821
gblur_dancers_img21.bmp,40.12174765584834,3.464390316718151,3.3951300937660664
gblur_dancers_img41.bmp,65.20891169009187,2.6139501255958044,2.3916435323963254
gblur_dancers_img51.bmp,24.850252405409123,4.054928891014511,4.005989903783635
gblur_dancers_img93.bmp,41.51831349807932,3.2466649523805016,3.3392674600768273
gblur_flowersonih35_img107.bmp,66.353299487327,2.312795783926368,2.34586802050692
gblur_flowersonih35_img153.bmp,20.16061726189068,5.0,4.193575309524373
gblur_flowersonih35_img65.bmp,42.61089139596683,3.388749820322414,3.2955643441613267
gblur_flowersonih35_img85.bmp,45.348015437818134,2.885674625333476,3.1860793824872746
gblur_flowersonih35_img87.bmp,38.84801593202084,3.5124776783989846,3.4460793627191664
gblur_flowersonih35_img90.bmp,20.443252155061344,4.095843939809406,4.182269913797546
gblur_house_img113.bmp,49.269225543578585,3.2689947295306165,3.0292309782568565
gblur_house_img122.bmp,40.4928762127125,3.511002068960047,3.3802849514915
gblur_house_img138.bmp,71.05714903747989,2.3177452411546597,2.1577140385008047
gblur_house_img160.bmp,8.527573038778058,5.0,4.658897078448877
gblur_house_img49.bmp,38.826807280331735,3.5976677218271065,3.4469277087867307
gblur_house_img94.bmp,14.92135494119779,3.975155154681903,4.403145802352088
gblur_lighthouse2_img118.bmp,71.04182660830085,2.411470324004307,2.158326935667966
gblur_lighthouse2_img133.bmp,16.53992181327098,3.9489649041746873,4.338403127469161
gblur_lighthouse2_img167.bmp,5.614555614472891,5.0,4.775417775421085
gblur_lighthouse2_img53.bmp,59.15940829505834,2.771448405645195,2.633623668197666
gblur_lighthouse2_img55.bmp,51.510135866778086,3.091536785584926,2.9395945653288766
gblur_lighthouse2_img75.bmp,45.066701739435615,3.357753269265271,3.1973319304225756
gblur_lighthouse_img102.bmp,34.053941671036654,3.68007370155514,3.6378423331585337
gblur_lighthouse_img15.bmp,44.74683970556927,3.324923368463764,3.210126411777229
gblur_lighthouse_img164.bmp,7.8078181223008585,5.0,4.687687275107965
gblur_lighthouse_img4.bmp,6.072997576869938,4.133904483117756,4.757080096925202
gblur_lighthouse_img97.bmp,48.86993158192885,3.000169696914365,3.045202736722846
gblur_manfishing_img14.bmp,40.24733207582014,3.6742546628369257,3.3901067169671943
gblur_manfishing_img16.bmp,64.39428370131529,2.64698314429153,2.424228651947389
gblur_manfishing_img170.bmp,10.338803435497965,5.0,4.586447862580082
gblur_manfishing_img47.bmp,50.69313906795966,3.158498879075225,2.9722744372816132
gblur_manfishing_img67.bmp,19.646869220072375,4.019452988851784,4.214125231197105
gblur_manfishing_img78.bmp,67.36248501658471,2.503584554392367,2.3055005993366118
gblur_monarch_img103.bmp,55.35323591481912,3.383957410741347,2.785870563407235
gblur_monarch_img11.bmp,95.82980812048797,1.963019936985987,1.1668076751804812
gblur_monarch_img173.bmp,9.714905543085678,5.0,4.611403778276573
gblur_monarch_img3.bmp,57.72923853016616,3.327371272323796,2.6908304587933536
gblur_monarch_img37.bmp,68.66463523401316,2.900926620132158,2.2534145906394736
gblur_monarch_img96.bmp,35.57867098279675,4.070581704819579,3.5768531606881298
gblur_ocean_img106.bmp,36.92416932917931,3.870925910495164,3.523033226832828
gblur_ocean_img117.bmp,77.67990334952637,1.9195254356849565,1.8928038660189452
gblur_ocean_img119.bmp,46.30633607867932,3.430474846069993,3.147746556852827
gblur_ocean_img147.bmp,3.180764267123976,5.0,4.87276942931504
gblur_ocean_img57.bmp,52.59176064944458,2.9765102408979045,2.896329574022217
gblur_ocean_img92.bmp,18.12107389449588,4.024697733863056,4.275157044220165
gblur_paintedhouse_img110.bmp,45.138367453297946,3.31716292756598,3.194465301868082
gblur_paintedhouse_img116.bmp,84.91727789949854,1.8569333898893352,1.6033088840200582
gblur_paintedhouse_img150.bmp,10.511665990733349,5.0,4.579533360370666
gblur_paintedhouse_img23.bmp,19.680972184438673,4.12683632930432,4.212761112622453
gblur_paintedhouse_img39.bmp,37.52600203050983,3.600804257162792,3.4989599187796068
gblur_paintedhouse_img81.bmp,49.44378143783351,3.2153536177188844,3.0222487424866595
gblur_parrots_img105.bmp,73.65705757017938,2.4455001908474068,2.053717697192825
gblur_parrots_img12.bmp,29.762634919616374,3.9973822132645496,3.809494603215345
gblur_parrots_img31.bmp,63.21989104257622,3.032357595930291,2.4712043582969514
gblur_parrots_img56.bmp,50.75908694128245,3.536596751415788,2.969636522348702
gblur_parrots_img69.bmp,85.30919748343669,2.087546842191573,1.5876321006625322
gblur_plane_img139.bmp,86.24649074829571,2.6069944882307503,1.5501403700681715
gblur_plane_img30.bmp,74.17224547948351,3.078456591425986,2.0331101808206595
gblur_plane_img5.bmp,89.37110864657447,2.3263759571072367,1.4251556541370212
gblur_plane_img63.bmp,15.31567039220019,4.16763057707678,4.3873731843119925
gblur_plane_img86.bmp,55.90751885941799,3.533947041870781,2.7636992456232803
gblur_rapids_img141.bmp,50.38674235824848,2.874506622081624,2.9845303056700607
gblur_rapids_img161.bmp,17.99802858872519,5.0,4.280078856450992
gblur_rapids_img17.bmp,87.01957275893434,1.7967259030364215,1.5192170896426263
gblur_rapids_img29.bmp,35.5683574807442,3.7943917675559296,3.577265700770232
gblur_rapids_img34.bmp,41.049338245644066,3.211217568028366,3.3580264701742375
gblur_rapids_img9.bmp,26.882726088010003,3.992827922678054,3.9246909564796
gblur_sailing1_img125.bmp,66.35351936219124,2.48569855112988,2.3458592255123505
gblur_sailing1_img130.bmp,52.328796323789874,3.117533739328472,2.906848147048405
gblur_sailing1_img165.bmp,0.08494587180720714,5.0,4.996602165127712
gblur_sailing1_img35.bmp,32.76874349386512,3.783917915422357,3.6892502602453954
gblur_sailing1_img46.bmp,18.86396292564163,4.075072276122063,4.245441482974335
gblur_sailing1_img74.bmp,48.534674437712255,3.4115536016111307,3.05861302249151
gblur_sailing2_img10.bmp,97.94466876443616,1.7443697592607004,1.0822132494225536
gblur_sailing2_img168.bmp,11.02373745522354,5.0,4.5590505017910585
gblur_sailing2_img43.bmp,44.26880317348295,3.3913270817754184,3.229247873060682
gblur_sailing2_img48.bmp,66.67710813724031,2.860806957553784,2.332915674510388
gblur_sailing2_img72.bmp,54.17643925270906,3.1710314295065025,2.832942429891638
gblur_sailing2_img84.bmp,27.25370547417603,3.913562217498938,3.909851781032959
gblur_sailing3_img111.bmp,18.038919039938577,3.933225200739092,4.278443238402457
gblur_sailing3_img114.bmp,53.78636054432431,3.0241392107685385,2.8485455782270277
gblur_sailing3_img124.bmp,65.83521555268541,2.5961716288326837,2.3665913778925836
gblur_sailing3_img144.bmp,69.84464206909021,2.346712250242984,2.2062143172363915
gblur_sailing3_img171.bmp,7.04906906607161,5.0,4.7180372373571355
gblur_sailing3_img79.bmp,41.22927037706856,3.50253688895962,3.3508291849172576
gblur_sailing4_img121.bmp,71.89930642028557,2.262601102886049,2.1240277431885772
gblur_sailing4_img127.bmp,53.10804140038201,2.994111042403645,2.8756783439847196
gblur_sailing4_img136.bmp,25.907341710783243,3.772074562051217,3.9637063315686705
gblur_sailing4_img174.bmp,4.004033214885766,5.0,4.83983867140457
gblur_sailing4_img76.bmp,42.40642753067695,3.430215942807392,3.303742898772922
gblur_sailing4_img89.bmp,33.126508191749934,3.7597717618709448,3.6749396723300025
gblur_statue_img120.bmp,73.48123839720333,2.3571773988360274,2.060750464111867
gblur_statue_img131.bmp,57.697200839416354,2.9115685221093246,2.692111966423346
gblur_statue_img148.bmp,2.4402050895765512,5.0,4.9023917964169375
gblur_statue_img54.bmp,62.79649082628109,2.7921610750197474,2.4881403669487563
gblur_statue_img77.bmp,46.985296944708665,3.417196594764829,3.1205881222116534
gblur_statue_img98.bmp,33.31326720596448,3.885665526397264,3.6674693117614208
gblur_stream_img126.bmp,34.388413630536746,3.5646496563088963,3.62446345477853
gblur_stream_img151.bmp,14.752058803388621,5.0,4.4099176478644555
gblur_stream_img18.bmp,31.161209543683952,3.7024806700802384,3.753551618252642
gblur_stream_img50.bmp,40.11929556221682,3.2156552983138704,3.3952281775113273
gblur_stream_img58.bmp,69.64929095274894,2.323831630335258,2.2140283618900423
gblur_stream_img71.bmp,11.626746144894327,4.099954989388063,4.534930154204227
gblur_studentsculpture_img100.bmp,55.83059395775305,2.897572348054298,2.766776241689878
gblur_studentsculpture_img108.bmp,23.995355090534048,4.087866684308239,4.040185796378639
gblur_studentsculpture_img155.bmp,13.676263298643761,5.0,4.45294946805425
gblur_studentsculpture_img20.bmp,42.912229934343685,3.394689661659138,3.2835108026262527
gblur_studentsculpture_img38.bmp,49.83247149735129,3.12422365352954,3.0067011401059482
gblur_studentsculpture_img44.bmp,32.75107133252433,3.898693538559289,3.689957146699027
gblur_womanhat_img132.bmp,71.5280269582955,2.6228159158883724,2.13887892166818
gblur_womanhat_img162.bmp,0.5561143093344469,5.0,4.977755427626622
gblur_womanhat_img36.bmp,53.38554417400971,3.124590295530446,2.8645782330396115
gblur_womanhat_img42.bmp,44.15356512126286,3.524107549057824,3.2338573951494856
gblur_womanhat_img61.bmp,34.41401824467184,3.889651217795608,3.6234392702131264
gblur_womanhat_img82.bmp,19.944117871776115,4.074334765137174,4.202235285128955
gblur_woman_img140.bmp,38.58278811540637,3.4530091478896843,3.456688475383745
gblur_woman_img145.bmp,22.52326173895935,4.044997176240256,4.099069530441627
gblur_woman_img158.bmp,12.356143018022607,5.0,4.505754279279095
gblur_woman_img64.bmp,35.9601416003147,3.4861129885322555,3.561594335987412
gblur_woman_img68.bmp,60.48685113743065,2.598961120396768,2.5805259545027743
gblur_woman_img99.bmp,53.79653619693724,2.7796705629293275,2.8481385521225104
jp2k_bikes_img115.bmp,54.03313344541809,2.448101663487769,2.8386746621832764
jp2k_bikes_img129.bmp,18.737074115503873,3.902111123074442,4.250517035379845
jp2k_bikes_img133.bmp,42.617514328557576,3.3135384609560177,3.295299426857697
jp2k_bikes_img15.bmp,13.763918557611731,3.954483456901011,4.449443257695531
jp2k_bikes_img188.bmp,5.108816484013886,5.0,4.795647340639444
jp2k_bikes_img225.bmp,75.37904261063156,2.2778479120506234,1.9848382955747377
jp2k_bikes_img73.bmp,5.108816484013886,5.0,4.795647340639444
jp2k_bikes_img78.bmp,29.158982658651524,3.4612396468268725,3.833640693653939
jp2k_building2_img107.bmp,66.81808062875913,2.096636397364372,2.3272767748496346
jp2k_building2_img119.bmp,13.362665072204976,5.0,4.465493397111802
jp2k_building2_img132.bmp,32.48835482722174,3.737617251563212,3.7004658069111303
jp2k_building2_img163.bmp,60.18669984733717,3.077090176123815,2.5925320061065134
jp2k_building2_img216.bmp,21.249732920657237,3.98090592015216,4.1500106831737105
jp2k_building2_img24.bmp,13.362665072204976,5.0,4.465493397111802
jp2k_building2_img30.bmp,66.81341652498426,2.2280593737598635,2.327463339000629
jp2k_building2_img41.bmp,41.58055959104772,3.098685147663021,3.3367776163580913
jp2k_buildings_img1.bmp,11.332786369069112,5.0,4.546688545237235
jp2k_buildings_img123.bmp,11.332786369069112,5.0,4.546688545237235
jp2k_buildings_img13.bmp,49.298277540903854,3.0167542744275364,3.0280688983638457
jp2k_buildings_img156.bmp,70.23295500172921,2.552713703183807,2.1906817999308315
jp2k_buildings_img199.bmp,20.978437609488395,4.156817926581647,4.160862495620464
jp2k_buildings_img222.bmp,33.67448615761609,3.519147921830286,3.6530205536953564
jp2k_buildings_img29.bmp,63.69853597449534,2.5434513133570515,2.4520585610201864
jp2k_buildings_img33.bmp,51.539294692216544,2.8461480087234987,2.9384282123113383
jp2k_caps_img122.bmp,66.66171696799731,2.861756027115095,2.3335313212801077
jp2k_caps_img153.bmp,7.218184783777673,5.0,4.711272608648893
jp2k_caps_img193.bmp,76.33310784251213,2.7273972643510787,1.9466756862995145
jp2k_caps_img25.bmp,7.218184783777673,5.0,4.711272608648893
jp2k_caps_img49.bmp,30.12127564591796,3.933067900595741,3.7951489741632813
jp2k_caps_img68.bmp,36.00099821312969,3.620108657300517,3.5599600714748125
jp2k_caps_img83.bmp,47.883530457949945,3.136627102089784,3.0846587816820024
jp2k_carnivaldolls_img108.bmp,34.51582728346031,3.1010922315696505,3.6193669086615876
jp2k_carnivaldolls_img124.bmp,50.76950247139493,3.0212939292006062,2.9692199011442026
jp2k_carnivaldolls_img148.bmp,12.134297269740244,4.004041717205428,4.51462810921039
jp2k_carnivaldolls_img161.bmp,1.545826899227535,5.0,4.938166924030899
jp2k_carnivaldolls_img18.bmp,22.73149881323033,3.49604494373244,4.090740047470787
jp2k_carnivaldolls_img181.bmp,71.50350863641538,2.2008669678337727,2.1398596545433852
jp2k_carnivaldolls_img67.bmp,1.545826899227535,5.0,4.938166924030899
jp2k_carnivaldolls_img79.bmp,60.050476141191865,2.1160223055714225,2.5979809543523253
jp2k_cemetry_img118.bmp,11.86776075947634,5.0,4.525289569620947
jp2k_cemetry_img125.bmp,32.83527093139034,3.66107355623428,3.6865891627443865
jp2k_cemetry_img178.bmp,57.56140975338448,2.8953230714266303,2.6975436098646206
jp2k_cemetry_img46.bmp,64.11609063399212,2.281060530830158,2.4353563746403153
jp2k_cemetry_img48.bmp,64.17422197235666,2.161551055812585,2.4330311211057336
jp2k_cemetry_img9.bmp,11.86776075947634,5.0,4.525289569620947
jp2k_cemetry_img98.bmp,44.10305724158488,3.130592324960256,3.235877710336605
jp2k_churchandcapitol_img110.bmp,14.548186301872619,5.0,4.418072547925095
jp2k_churchandcapitol_img128.bmp,14.548186301872619,5.0,4.418072547925095
jp2k_churchandcapitol_img176.bmp,39.066102568152104,3.610105439978241,3.4373558972739158
jp2k_churchandcapitol_img194.bmp,66.08340325567289,2.546708772329357,2.3566638697730844
jp2k_churchandcapitol_img198.bmp,29.136524943845956,4.04245788510196,3.834539002246162
jp2k_churchandcapitol_img45.bmp,64.34188349481335,2.248665652683444,2.426324660207466
jp2k_churchandcapitol_img5.bmp,63.18969602789204,2.243546387860884,2.4724121588843184
jp2k_churchandcapitol_img7.bmp,47.67413054203254,2.8241093582820813,3.093034778318698
jp2k_coinsinfountain_img168.bmp,54.562259479365565,2.991107856169473,2.817509620825377
jp2k_coinsinfountain_img177.bmp,77.55828231138955,2.3487282188538403,1.897668707544418
jp2k_coinsinfountain_img182.bmp,43.93517728875574,3.3015848131778585,3.2425929084497707
jp2k_coinsinfountain_img21.bmp,25.28860635720227,3.69221204647006,3.988455745711909
jp2k_coinsinfountain_img28.bmp,60.67899513476513,2.3415221424236194,2.5728401946093946
jp2k_coinsinfountain_img77.bmp,1.0868551763419134,3.9606389390099928,4.956525792946323
jp2k_dancers_img165.bmp,27.28732009693826,3.527852350098369,3.9085071961224696
jp2k_dancers_img170.bmp,36.21337321821429,3.0678127611912123,3.5514650712714286
jp2k_dancers_img184.bmp,16.25633813727947,5.0,4.349746474508821
jp2k_dancers_img205.bmp,21.234934977520282,3.9763992776208776,4.150602600899189
jp2k_dancers_img4.bmp,54.85763969993829,2.3947436117252114,2.8056944120024685
jp2k_dancers_img6.bmp,58.60387482906535,2.3939958986775465,2.655845006837386
jp2k_dancers_img65.bmp,63.926327648637965,2.011510777857303,2.442946894054481
jp2k_dancers_img84.bmp,16.25633813727947,5.0,4.349746474508821
jp2k_flowersonih35_img111.bmp,25.278802232914444,3.872446297275826,3.9888479106834223
jp2k_flowersonih35_img167.bmp,51.79062907967361,2.994875823906365,2.928374836813056
jp2k_flowersonih35_img192.bmp,34.60737967471343,3.391858606615091,3.615704813011463
jp2k_flowersonih35_img201.bmp,75.45202126215938,2.078942660987116,1.981919149513625
jp2k_flowersonih35_img209.bmp,20.16061726189068,5.0,4.193575309524373
jp2k_flowersonih35_img44.bmp,75.64383311888045,2.3197652755897398,1.9742466752447818
jp2k_flowersonih35_img86.bmp,80.02906289582913,2.1896069927869557,1.7988374841668349
jp2k_flowersonih35_img89.bmp,20.16061726189068,5.0,4.193575309524373
jp2k_house_img131.bmp,8.527573038778058,5.0,4.658897078448877
jp2k_house_img144.bmp,63.98244874750682,2.700901774363446,2.440702050099727
jp2k_house_img179.bmp,78.64125021134961,2.219935752171622,1.8543499915460155
jp2k_house_img187.bmp,47.11530690560059,3.554187597895525,3.115387723775976
jp2k_house_img20.bmp,8.527573038778058,5.0,4.658897078448877
jp2k_house_img212.bmp,16.228307633182425,4.149071122808912,4.3508676946727025
jp2k_house_img27.bmp,60.038969609021905,2.966417183180494,2.5984412156391237
jp2k_house_img47.bmp,60.96781333267731,2.978056914937776,2.5612874666929075
jp2k_house_img80.bmp,35.129413848879125,3.740321243517617,3.594823446044835
jp2k_lighthouse2_img103.bmp,8.126904003213639,4.025915409669178,4.674923839871454
jp2k_lighthouse2_img11.bmp,5.614555614472891,5.0,4.775417775421085
jp2k_lighthouse2_img114.bmp,10.026394948566434,3.955917443435334,4.598944202057343
jp2k_lighthouse2_img137.bmp,69.88326959373248,2.8207070663674507,2.204669216250701
jp2k_lighthouse2_img151.bmp,5.614555614472891,5.0,4.775417775421085
jp2k_lighthouse2_img164.bmp,35.3049635415384,3.627246963185843,3.587801458338464
jp2k_lighthouse2_img211.bmp,17.71040791884306,4.101714746583028,4.2915836832462775
jp2k_lighthouse2_img74.bmp,53.70566079444674,2.866395395545398,2.8517735682221304
jp2k_lighthouse_img106.bmp,53.21120344217874,2.9648930765635115,2.87155186231285
jp2k_lighthouse_img149.bmp,46.519547333614895,3.477214365394813,3.139218106655404
jp2k_lighthouse_img174.bmp,26.423254966801068,4.078185655177939,3.9430698013279573
jp2k_lighthouse_img180.bmp,7.8078181223008585,5.0,4.687687275107965
jp2k_lighthouse_img202.bmp,74.73130728963812,2.4454098251619176,2.010747708414475
jp2k_lighthouse_img51.bmp,37.23920737503633,3.745601352827567,3.5104317049985467
jp2k_lighthouse_img72.bmp,7.8078181223008585,5.0,4.687687275107965
jp2k_lighthouse_img91.bmp,51.89888079754118,2.961318396102804,2.924044768098353
jp2k_manfishing_img121.bmp,75.6017528463926,2.069905351140314,1.975929886144296
jp2k_manfishing_img143.bmp,46.56311292226721,3.196126212041909,3.1374754831093115
jp2k_manfishing_img157.bmp,10.338803435497965,5.0,4.586447862580082
jp2k_manfishing_img200.bmp,68.16675843983464,2.6279130956650154,2.2733296624066144
jp2k_manfishing_img26.bmp,13.462170477014837,3.986359618593053,4.461513180919407
jp2k_manfishing_img36.bmp,10.338803435497965,5.0,4.586447862580082
jp2k_manfishing_img63.bmp,32.61927501062959,3.4810579831683865,3.6952289995748164
jp2k_manfishing_img94.bmp,32.850801660515316,3.469802643825316,3.6859679335793873
jp2k_monarch_img105.bmp,12.280861090829234,4.108537334992662,4.50876555636683
jp2k_monarch_img160.bmp,74.43431768125376,2.8635878057567767,2.0226272927498496
jp2k_monarch_img204.bmp,9.714905543085678,5.0,4.611403778276573
jp2k_monarch_img208.bmp,59.36868204540562,3.111589664938383,2.6252527181837753
jp2k_monarch_img22.bmp,9.714905543085678,5.0,4.611403778276573
jp2k_monarch_img56.bmp,47.73490126971544,3.1667789784606954,3.0906039492113826
jp2k_monarch_img61.bmp,39.62773570261808,3.716176520561724,3.4148905718952767
jp2k_ocean_img120.bmp,54.6014911869639,3.2999612713518776,2.8159403525214444
jp2k_ocean_img140.bmp,3.180764267123976,5.0,4.87276942931504
jp2k_ocean_img16.bmp,3.180764267123976,5.0,4.87276942931504
jp2k_ocean_img219.bmp,78.70259480381023,2.5329446484039035,1.851896207847591
jp2k_ocean_img31.bmp,25.153191300226553,3.668805108980477,3.993872347990938
jp2k_ocean_img37.bmp,36.05983082186228,3.5989273324199558,3.5576067671255087
jp2k_ocean_img69.bmp,9.499252921314422,4.14674264410442,4.6200298831474225
jp2k_paintedhouse_img117.bmp,10.511665990733349,5.0,4.579533360370666
jp2k_paintedhouse_img14.bmp,46.578806866136205,3.046270101819718,3.136847725354552
jp2k_paintedhouse_img196.bmp,52.467715202818084,2.764507197830832,2.901291391887277
jp2k_paintedhouse_img210.bmp,32.9091268478447,3.6335517642235136,3.683634926086212
jp2k_paintedhouse_img215.bmp,58.916232940320896,2.5110707307034743,2.6433506823871644
jp2k_paintedhouse_img35.bmp,10.511665990733349,5.0,4.579533360370666
jp2k_paintedhouse_img40.bmp,53.8696066295723,2.205177673681736,2.845215734817108
jp2k_paintedhouse_img82.bmp,16.198479901206355,3.9961467337595646,4.352060803951746
jp2k_parrots_img101.bmp,32.767573552889615,4.028943647608936,3.6892970578844153
jp2k_parrots_img127.bmp,85.87372668172677,2.46916438078215,1.5650509327309294
jp2k_parrots_img158.bmp,81.66778203202259,2.7689425952613247,1.7332887187190966
jp2k_parrots_img197.bmp,64.40582397273985,3.164319601435565,2.423767041090406
jp2k_parrots_img85.bmp,45.36899319632718,3.79999460081501,3.185240272146913
jp2k_parrots_img96.bmp,55.02208461266693,3.4202243313501213,2.7991166154933227
jp2k_plane_img113.bmp,30.63264061076117,3.963904254220009,3.774694375569553
jp2k_plane_img173.bmp,38.168124417329494,3.797363742661515,3.47327502330682
jp2k_plane_img203.bmp,57.789399053522146,3.287024357461595,2.6884240378591144
jp2k_plane_img220.bmp,80.12025877494202,2.5693048079112515,1.7951896490023194
jp2k_plane_img53.bmp,68.71453300519667,2.5759842702586546,2.251418679792133
jp2k_plane_img58.bmp,1.9685072163092343,4.150210398911339,4.921259711347631
jp2k_rapids_img126.bmp,27.239330695459984,4.015006447156836,3.9104267721816006
jp2k_rapids_img135.bmp,74.85008233480991,2.227204464908776,2.005996706607603
jp2k_rapids_img146.bmp,60.05296896749414,2.922846154686431,2.5978812413002346
jp2k_rapids_img189.bmp,17.99802858872519,5.0,4.280078856450992
jp2k_rapids_img3.bmp,43.92811365129464,3.639570548791145,3.2428754539482143
jp2k_rapids_img32.bmp,64.77148324704078,2.192322742368753,2.4091406701183686
jp2k_rapids_img64.bmp,17.99802858872519,5.0,4.280078856450992
jp2k_rapids_img81.bmp,49.88862785470221,3.066353303268006,3.004454885811912
jp2k_sailing1_img136.bmp,30.34331787824837,3.460024833251301,3.7862672848700654
jp2k_sailing1_img159.bmp,0.08494587180720714,5.0,4.996602165127712
jp2k_sailing1_img19.bmp,6.224697535094123,4.20133510969071,4.7510120985962345
jp2k_sailing1_img213.bmp,78.21884542019367,2.439637120307109,1.871246183192253
jp2k_sailing1_img214.bmp,14.850820696879026,4.089344187522385,4.405967172124839
jp2k_sailing1_img43.bmp,70.48272990712971,2.4333004288944307,2.1806908037148114
jp2k_sailing1_img66.bmp,0.08494587180720714,5.0,4.996602165127712
jp2k_sailing1_img88.bmp,67.55224464069326,2.4793870194853103,2.2979102143722696
jp2k_sailing2_img138.bmp,68.54045734591179,2.920627960834324,2.2583817061635285
jp2k_sailing2_img141.bmp,26.33043418474935,4.128508063294075,3.946782632610026
jp2k_sailing2_img185.bmp,35.74051092094939,3.9119218231194446,3.5703795631620245
jp2k_sailing2_img206.bmp,11.02373745522354,5.0,4.5590505017910585
jp2k_sailing2_img55.bmp,54.395593381616635,3.038150471616789,2.8241762647353346
jp2k_sailing2_img59.bmp,11.881722305200896,4.029434555643078,4.524731107791965
jp2k_sailing2_img62.bmp,20.708450663627417,4.130504303801312,4.171661973454903
jp2k_sailing2_img93.bmp,11.02373745522354,5.0,4.5590505017910585
jp2k_sailing3_img100.bmp,7.04906906607161,5.0,4.7180372373571355
jp2k_sailing3_img109.bmp,47.50719566421887,3.319226343384304,3.099712173431245
jp2k_sailing3_img12.bmp,47.54672479693315,3.3435000630105045,3.098131008122674
jp2k_sailing3_img130.bmp,54.88919624664854,3.251269342759267,2.8044321501340583
jp2k_sailing3_img147.bmp,7.04906906607161,5.0,4.7180372373571355
jp2k_sailing3_img154.bmp,75.18006721846083,2.622321371355484,1.9927973112615667
jp2k_sailing3_img183.bmp,23.612690558725234,4.108807258674881,4.055492377650991
jp2k_sailing3_img38.bmp,63.72200794137822,2.483985646023844,2.451119682344871
jp2k_sailing4_img166.bmp,4.004033214885766,5.0,4.83983867140457
jp2k_sailing4_img172.bmp,81.3970357116659,2.225037821274018,1.7441185715333642
jp2k_sailing4_img221.bmp,57.268963324613054,2.7204624415781096,2.709241467015478
jp2k_sailing4_img39.bmp,43.69411968390372,3.5688405940040098,3.252235212643851
jp2k_sailing4_img52.bmp,48.01067423287711,2.9017840277279583,3.079573030684916
jp2k_sailing4_img70.bmp,4.004033214885766,5.0,4.83983867140457
jp2k_sailing4_img90.bmp,16.88346569897064,3.988166912956342,4.324661372041175
jp2k_statue_img102.bmp,9.749430972654608,4.124695133781257,4.610022761093816
jp2k_statue_img116.bmp,47.833108990163026,3.010854873657788,3.0866756403934787
jp2k_statue_img162.bmp,31.27807493907696,3.978083676211967,3.7488770024369216
jp2k_statue_img169.bmp,66.37153320227603,2.7605908906017023,2.345138671908959
jp2k_statue_img207.bmp,2.4402050895765512,5.0,4.9023917964169375
jp2k_statue_img227.bmp,73.24249790746987,2.5695336856957103,2.0703000837012056
jp2k_statue_img92.bmp,41.48914583774703,3.2959780954376905,3.3404341664901187
jp2k_statue_img95.bmp,2.4402050895765512,5.0,4.9023917964169375
jp2k_stream_img112.bmp,14.752058803388621,5.0,4.4099176478644555
jp2k_stream_img17.bmp,50.94209823543699,2.500851843987584,2.9623160705825207
jp2k_stream_img175.bmp,73.2047581979235,2.214823974063455,2.0718096720830603
jp2k_stream_img217.bmp,24.344108600164503,4.029779258210881,4.026235655993419
jp2k_stream_img223.bmp,14.752058803388621,5.0,4.4099176478644555
jp2k_stream_img71.bmp,60.12212367004585,2.0873186375273427,2.5951150531981657
jp2k_stream_img8.bmp,43.05159058685874,3.2241142039346755,3.2779363765256506
jp2k_studentsculpture_img142.bmp,56.7003200270436,3.2149767427726417,2.731987198918256
jp2k_studentsculpture_img171.bmp,36.098162318317776,3.7445174284682663,3.556073507267289
jp2k_studentsculpture_img190.bmp,13.676263298643761,5.0,4.45294946805425
jp2k_studentsculpture_img2.bmp,23.575737926111145,3.879846185724058,4.056970482955554
jp2k_studentsculpture_img218.bmp,70.91595966649308,2.636660345806305,2.163361613340277
jp2k_studentsculpture_img34.bmp,16.22144440248266,4.068283948157762,4.351142223900693
jp2k_studentsculpture_img60.bmp,70.268148268104,2.55286401343168,2.1892740692758403
jp2k_studentsculpture_img87.bmp,13.676263298643761,5.0,4.45294946805425
jp2k_womanhat_img186.bmp,0.5561143093344469,5.0,4.977755427626622
jp2k_womanhat_img191.bmp,87.21553944873986,2.386584575892562,1.5113784220504054
jp2k_womanhat_img195.bmp,21.964987566367853,4.147795080819677,4.121400497345286
jp2k_womanhat_img226.bmp,69.61846761425508,2.9359712325958105,2.215261295429797
jp2k_womanhat_img42.bmp,52.61201054232171,2.805598846668128,2.8955195783071312
jp2k_womanhat_img75.bmp,13.017067559088758,3.998775180813256,4.47931729763645
jp2k_womanhat_img97.bmp,0.5561143093344469,5.0,4.977755427626622
jp2k_womanhat_img99.bmp,51.07700765461797,2.9198321458012297,2.956919693815281
jp2k_woman_img10.bmp,45.40788094766194,3.102799449544784,3.1836847620935225
jp2k_woman_img104.bmp,45.24545594516209,3.010987477546906,3.1901817621935162
jp2k_woman_img134.bmp,12.356143018022607,5.0,4.505754279279095
jp2k_woman_img150.bmp,18.992645330025965,4.143245386278094,4.240294186798961
jp2k_woman_img152.bmp,56.67666003009694,2.763816034237195,2.732933598796122
jp2k_woman_img155.bmp,75.25283221102288,2.3121326663398496,1.9898867115590848
jp2k_woman_img23.bmp,37.88036483976984,3.323106100238153,3.4847854064092063
jp2k_woman_img76.bmp,12.356143018022607,5.0,4.505754279279095
jpeg_bikes_img179.bmp,5.108816484013886,5.0,4.795647340639444
jpeg_bikes_img183.bmp,93.56527154674743,2.7271640238759423,1.257389138130103
jpeg_bikes_img188.bmp,89.02511069810768,2.76239744334304,1.4389955720756928
jpeg_bikes_img203.bmp,26.636231725022043,3.78415951024054,3.9345507309991183
jpeg_bikes_img226.bmp,18.727164739295944,3.982287003179617,4.250913410428162
jpeg_bikes_img29.bmp,73.80585881569377,2.4708713406732614,2.047765647372249
jpeg_bikes_img42.bmp,5.108816484013886,5.0,4.795647340639444
jpeg_bikes_img77.bmp,57.60339103263752,2.759187352368849,2.6958643586944993
jpeg_bikes_img81.bmp,44.94345506161753,3.0377538037956078,3.2022617975352987
jpeg_building2_img113.bmp,13.362665072204976,5.0,4.465493397111802
jpeg_building2_img171.bmp,19.20741407312036,3.970680729123795,4.231703437075185
jpeg_building2_img192.bmp,87.11898523560146,2.5763111260780813,1.5152405905759418
jpeg_building2_img205.bmp,82.86074646645577,2.65969127468934,1.6855701413417694
jpeg_building2_img224.bmp,13.362665072204976,5.0,4.465493397111802
jpeg_building2_img225.bmp,27.71551698034463,3.700424565559581,3.8913793207862146
jpeg_building2_img36.bmp,65.87052719802736,2.24736690808819,2.3651789120789055
jpeg_building2_img60.bmp,43.07469688049329,2.963416713327755,3.2770121247802684
jpeg_building2_img62.bmp,65.87052719802736,2.357476756441971,2.3651789120789055
jpeg_buildings_img157.bmp,14.437198075115674,4.083371516966968,4.422512076995373
jpeg_buildings_img162.bmp,93.46573764190097,2.6691241364789646,1.2613704943239612
jpeg_buildings_img163.bmp,23.564453982350955,3.7836356600173806,4.0574218407059615
jpeg_buildings_img204.bmp,94.40085904328359,2.639474538837645,1.2239656382686563
jpeg_buildings_img227.bmp,11.332786369069112,5.0,4.546688545237235
jpeg_buildings_img43.bmp,47.60797749581329,3.088138795688037,3.0956809001674683
jpeg_buildings_img66.bmp,11.332786369069112,5.0,4.546688545237235
jpeg_buildings_img84.bmp,47.60797749581329,2.9593856922118755,3.0956809001674683
jpeg_buildings_img90.bmp,47.60797749581329,3.0719472351803843,3.0956809001674683
jpeg_caps_img105.bmp,35.600475071373324,3.285020674199319,3.575980997145067
jpeg_caps_img12.bmp,7.218184783777673,5.0,4.711272608648893
jpeg_caps_img136.bmp,7.218184783777673,5.0,4.711272608648893
jpeg_caps_img207.bmp,84.87689415627071,3.00573347648003,1.6049242337491716
jpeg_caps_img24.bmp,19.937705622628954,3.8676879574911647,4.202491775094842
jpeg_caps_img63.bmp,37.87786966847304,3.391984987376408,3.4848852132610784
jpeg_carnivaldolls_img104.bmp,71.5851013583185,2.3716928298702893,2.13659594566726
jpeg_carnivaldolls_img14.bmp,2.0187961551176556,4.102888099282501,4.919248153795294
jpeg_carnivaldolls_img153.bmp,1.545826899227535,5.0,4.938166924030899
jpeg_carnivaldolls_img176.bmp,93.52123958220383,2.63208510385292,1.2591504167118468
jpeg_carnivaldolls_img216.bmp,15.671698369021072,3.9218364748303136,4.373132065239157
jpeg_carnivaldolls_img5.bmp,1.545826899227535,5.0,4.938166924030899
jpeg_carnivaldolls_img80.bmp,71.5851013583185,2.3630763617065087,2.13659594566726
jpeg_cemetry_img117.bmp,20.217306699013506,3.858988604377191,4.19130773203946
jpeg_cemetry_img123.bmp,11.86776075947634,5.0,4.525289569620947
jpeg_cemetry_img128.bmp,51.96123913009089,3.3400011411286643,2.9215504347963646
jpeg_cemetry_img213.bmp,99.79318647276634,2.7100111209082427,1.0082725410893465
jpeg_cemetry_img46.bmp,85.02297638777574,2.221918295442817,1.5990809444889704
jpeg_cemetry_img55.bmp,34.88160323223528,3.3125258366884607,3.6047358707105888
jpeg_cemetry_img78.bmp,85.02297638777574,2.2325955924400698,1.5990809444889704
jpeg_cemetry_img82.bmp,11.86776075947634,5.0,4.525289569620947
jpeg_churchandcapitol_img118.bmp,14.548186301872619,5.0,4.418072547925095
jpeg_churchandcapitol_img132.bmp,20.810064582396507,4.094190611303361,4.16759741670414
jpeg_churchandcapitol_img195.bmp,95.19459650400935,2.500014232549387,1.1922161398396258
jpeg_churchandcapitol_img2.bmp,33.05608187645939,3.312557964658155,3.6777567249416245
jpeg_churchandcapitol_img21.bmp,50.15373351762898,2.84725343317847,2.993850659294841
jpeg_churchandcapitol_img22.bmp,14.548186301872619,5.0,4.418072547925095
jpeg_churchandcapitol_img4.bmp,84.58555532155012,1.8147199440507853,1.6165777871379952
jpeg_coinsinfountain_img101.bmp,1.4095167102611583,3.9416160381506167,4.943619331589554
jpeg_coinsinfountain_img129.bmp,79.68868866575937,2.886118294026552,1.8124524533696251
jpeg_coinsinfountain_img184.bmp,96.76861859802008,2.588024434045336,1.1292552560791966
jpeg_coinsinfountain_img230.bmp,96.76861859802008,2.6199790904153435,1.1292552560791966
jpeg_coinsinfountain_img49.bmp,31.226016870812117,3.322145069548875,3.7509593251675155
jpeg_coinsinfountain_img73.bmp,43.09492062425156,3.217263405316907,3.276203175029938
jpeg_dancers_img119.bmp,20.161711750767353,3.634380378682087,4.193531529969306
jpeg_dancers_img155.bmp,16.25633813727947,5.0,4.349746474508821
jpeg_dancers_img186.bmp,97.0328133854326,2.648482219617616,1.1186874645826959
jpeg_dancers_img187.bmp,97.0328133854326,2.6056378715618336,1.1186874645826959
jpeg_dancers_img39.bmp,44.18852963094386,2.83801287367205,3.2324588147622455
jpeg_dancers_img41.bmp,61.55263457672126,2.576870942171388,2.5378946169311494
jpeg_dancers_img61.bmp,13.281389872381368,3.9691797655814094,4.468744405104745
jpeg_dancers_img68.bmp,16.25633813727947,5.0,4.349746474508821
jpeg_flowersonih35_img115.bmp,20.16061726189068,5.0,4.193575309524373
jpeg_flowersonih35_img125.bmp,20.16061726189068,5.0,4.193575309524373
jpeg_flowersonih35_img134.bmp,65.14687726194276,2.9584693437380545,2.394124909522289
jpeg_flowersonih35_img198.bmp,21.323263630914965,3.999765862749686,4.147069454763401
jpeg_flowersonih35_img229.bmp,61.05011251932578,2.943952458859976,2.557995499226969
jpeg_flowersonih35_img27.bmp,35.3161836742747,3.279351298621744,3.5873526530290123
jpeg_flowersonih35_img74.bmp,18.58911458020529,4.061078120640835,4.256435416791788
jpeg_flowersonih35_img79.bmp,91.75015695553631,1.7645453111722509,1.3299937217785476
jpeg_house_img120.bmp,14.830418461894368,4.071873966053815,4.406783261524225
jpeg_house_img140.bmp,8.527573038778058,5.0,4.658897078448877
jpeg_house_img151.bmp,10.77866969591716,4.159020465084203,4.568853212163313
jpeg_house_img50.bmp,77.88570182853104,2.653511091373153,1.8845719268587584
jpeg_house_img51.bmp,43.2189105780121,3.419539236301765,3.271243576879516
jpeg_house_img54.bmp,8.527573038778058,5.0,4.658897078448877
jpeg_house_img75.bmp,71.394158765691,2.811960012046648,2.14423364937236
jpeg_lighthouse2_img133.bmp,5.614555614472891,5.0,4.775417775421085
jpeg_lighthouse2_img141.bmp,16.962155166104793,4.049883767234364,4.321513793355808
jpeg_lighthouse2_img181.bmp,87.09289697725191,2.857547283841652,1.5162841209099236
jpeg_lighthouse2_img232.bmp,97.81810199271067,2.577898194151925,1.0872759202915734
jpeg_lighthouse2_img64.bmp,7.727888436118377,4.123398506983863,4.690884462555265
jpeg_lighthouse2_img69.bmp,57.75190225322987,2.884373588116951,2.689923909870805
jpeg_lighthouse2_img95.bmp,5.614555614472891,5.0,4.775417775421085
jpeg_lighthouse2_img97.bmp,6.048920412639831,4.065626713974098,4.758043183494406
jpeg_lighthouse_img131.bmp,97.07364116971937,2.6371172250587422,1.1170543532112254
jpeg_lighthouse_img161.bmp,95.27901248104999,2.6256227503205323,1.1888395007580004
jpeg_lighthouse_img202.bmp,7.8078181223008585,5.0,4.687687275107965
jpeg_lighthouse_img231.bmp,19.68698650344399,4.0842273420727935,4.21252053986224
jpeg_lighthouse_img3.bmp,7.8078181223008585,5.0,4.687687275107965
jpeg_lighthouse_img44.bmp,59.72418568276268,3.172851410436589,2.611032572689493
jpeg_lighthouse_img57.bmp,12.00777874217701,4.283903021651788,4.519688850312919
jpeg_lighthouse_img86.bmp,64.72798392054003,3.05316794392278,2.410880643178399
jpeg_manfishing_img114.bmp,10.338803435497965,5.0,4.586447862580082
jpeg_manfishing_img135.bmp,13.432631744754389,4.145254505343443,4.462694730209824
jpeg_manfishing_img174.bmp,21.90110325112707,3.963064549511187,4.1239558699549175
jpeg_manfishing_img193.bmp,10.338803435497965,5.0,4.586447862580082
jpeg_manfishing_img33.bmp,38.483668279329294,3.0455069492966995,3.460653268826828
jpeg_manfishing_img92.bmp,55.40741272051318,2.891047656694448,2.783703491179473
jpeg_manfishing_img93.bmp,67.69153549840289,2.609246655591418,2.292338580063885
jpeg_monarch_img170.bmp,87.67376113478937,2.749311819935523,1.493049554608425
jpeg_monarch_img178.bmp,31.510116967793095,3.8557286426084745,3.739595321288276
jpeg_monarch_img18.bmp,57.069963546226944,2.9262669279355418,2.7172014581509223
jpeg_monarch_img209.bmp,87.67376113478937,2.6520492425259787,1.493049554608425
jpeg_monarch_img211.bmp,9.714905543085678,5.0,4.611403778276573
jpeg_monarch_img48.bmp,9.714905543085678,5.0,4.611403778276573
jpeg_monarch_img94.bmp,23.628964654630607,3.814888727529569,4.054841413814776
jpeg_monarch_img96.bmp,12.493520517189012,4.111249386006388,4.500259179312439
jpeg_ocean_img143.bmp,12.447105699757088,4.197613365593794,4.5021157720097165
jpeg_ocean_img156.bmp,69.58507799635558,3.1992719431154377,2.2165968801457767
jpeg_ocean_img169.bmp,3.180764267123976,5.0,4.87276942931504
jpeg_ocean_img194.bmp,40.5462931738268,3.67352563903968,3.378148273046928
jpeg_ocean_img28.bmp,3.180764267123976,5.0,4.87276942931504
jpeg_ocean_img30.bmp,5.5867762811442105,4.047228551194356,4.7765289487542315
jpeg_ocean_img8.bmp,19.350514348001724,3.827096432868612,4.225979426079931
jpeg_ocean_img98.bmp,21.338020129278192,3.6730050188137806,4.146479194828872
jpeg_paintedhouse_img152.bmp,58.60099592605965,3.289585588147238,2.655960162957614
jpeg_paintedhouse_img172.bmp,10.511665990733349,5.0,4.579533360370666
jpeg_paintedhouse_img20.bmp,10.511665990733349,5.0,4.579533360370666
jpeg_paintedhouse_img228.bmp,16.252826397137227,4.019466897200971,4.349886944114511
jpeg_paintedhouse_img23.bmp,78.87410775091959,2.029915195249761,1.8450356899632163
jpeg_paintedhouse_img56.bmp,38.75832476643686,3.3426462798426035,3.4496670093425257
jpeg_paintedhouse_img91.bmp,78.87410775091959,2.0564350794441704,1.8450356899632163
jpeg_parrots_img103.bmp,47.924303995515146,3.184098044595127,3.083027840179394
jpeg_parrots_img149.bmp,77.77563735226985,3.1255757568672395,1.8889745059092058
jpeg_parrots_img196.bmp,95.50588714125954,2.600075342243491,1.1797645143496185
jpeg_parrots_img233.bmp,95.50588714125954,2.6709278783971824,1.1797645143496185
jpeg_parrots_img32.bmp,43.829809982393584,3.2991525569269142,3.2468076007042566
jpeg_parrots_img72.bmp,8.183977357835118,3.8878075082222554,4.672640905686595
jpeg_plane_img165.bmp,72.75708677929387,3.22077681027259,2.0897165288282453
jpeg_plane_img17.bmp,7.014410893614212,4.098003483934872,4.719423564255432
jpeg_plane_img25.bmp,45.50072097813265,3.252514836632657,3.179971160874694
jpeg_plane_img40.bmp,20.590688845392464,3.866868842090933,4.176372446184301
jpeg_rapids_img110.bmp,35.57638377416865,3.120551351535055,3.576944649033254
jpeg_rapids_img139.bmp,17.99802858872519,5.0,4.280078856450992
jpeg_rapids_img146.bmp,24.78094172350299,3.830043405462094,4.008762331059881
jpeg_rapids_img31.bmp,17.99802858872519,5.0,4.280078856450992
jpeg_rapids_img35.bmp,82.23925215039716,2.161661824107562,1.7104299139841135
jpeg_rapids_img9.bmp,61.72398909884302,2.587543595888553,2.531040436046279
jpeg_sailing1_img102.bmp,20.11384432883594,3.817728912034125,4.195446226846562
jpeg_sailing1_img106.bmp,2.6417752512714685,4.1353232322794415,4.894328989949141
jpeg_sailing1_img121.bmp,40.12265675453145,3.4445562394579827,3.395093729818742
jpeg_sailing1_img122.bmp,0.08494587180720714,5.0,4.996602165127712
jpeg_sailing1_img175.bmp,80.00965325548358,3.000514355883987,1.7996138697806567
jpeg_sailing1_img71.bmp,20.42021088481758,3.757037146594522,4.183191564607297
jpeg_sailing1_img88.bmp,0.08494587180720714,5.0,4.996602165127712
jpeg_sailing2_img111.bmp,50.00736863727295,3.207768221196704,2.999705254509082
jpeg_sailing2_img124.bmp,99.76308606164852,2.596698753120846,1.0094765575340592
jpeg_sailing2_img144.bmp,18.11767060537474,4.142985901345604,4.275293175785011
jpeg_sailing2_img177.bmp,98.4483967780312,2.6315568490858543,1.0620641288787522
jpeg_sailing2_img219.bmp,11.02373745522354,5.0,4.5590505017910585
jpeg_sailing2_img52.bmp,11.02373745522354,5.0,4.5590505017910585
jpeg_sailing2_img67.bmp,35.00592342390743,3.625299160544106,3.5997630630437025
jpeg_sailing2_img99.bmp,60.08942909978995,3.062325027379041,2.5964228360084016
jpeg_sailing3_img108.bmp,68.99624940544615,2.7519778493135765,2.240150023782154
jpeg_sailing3_img19.bmp,7.04906906607161,5.0,4.7180372373571355
jpeg_sailing3_img206.bmp,10.932128456788718,4.105569198801668,4.562714861728452
jpeg_sailing3_img222.bmp,7.04906906607161,5.0,4.7180372373571355
jpeg_sailing3_img38.bmp,24.093732202237646,3.7223967697051465,4.036250711910494
jpeg_sailing3_img83.bmp,38.0398655419244,3.434938097811361,3.478405378323024
jpeg_sailing4_img15.bmp,46.263555986786145,3.086299704113193,3.1494577605285543
jpeg_sailing4_img173.bmp,4.004033214885766,5.0,4.83983867140457
jpeg_sailing4_img214.bmp,20.391592232563738,4.049430882743751,4.18433631069745
jpeg_sailing4_img37.bmp,73.767300132852,2.448879674479255,2.04930799468592
jpeg_sailing4_img47.bmp,58.664780159383525,2.8926964442119143,2.653408793624659
jpeg_sailing4_img6.bmp,4.004033214885766,5.0,4.83983867140457
jpeg_statue_img11.bmp,68.76755843729038,2.742105983037004,2.249297662508385
jpeg_statue_img13.bmp,4.808170838358677,4.218502937098385,4.807673166465653
jpeg_statue_img130.bmp,15.106231058448742,4.102555441334976,4.39575075766205
jpeg_statue_img208.bmp,2.4402050895765512,5.0,4.9023917964169375
jpeg_statue_img70.bmp,7.123508031643013,4.217300651208662,4.71505967873428
jpeg_statue_img87.bmp,2.4402050895765512,5.0,4.9023917964169375
jpeg_stream_img100.bmp,86.10542444399968,1.988840158291859,1.5557830222400129
jpeg_stream_img137.bmp,18.290558790417293,4.146166951115184,4.268377648383309
jpeg_stream_img16.bmp,45.95542789422868,2.8976982188488334,3.161782884230853
jpeg_stream_img185.bmp,27.47286903339588,3.810449083847226,3.9010852386641646
jpeg_stream_img212.bmp,14.752058803388621,5.0,4.4099176478644555
jpeg_stream_img7.bmp,14.752058803388621,5.0,4.4099176478644555
jpeg_stream_img85.bmp,63.63771681553939,2.4540397208063576,2.4544913273784243
jpeg_studentsculpture_img158.bmp,13.676263298643761,5.0,4.45294946805425
jpeg_studentsculpture_img200.bmp,61.46606881535783,3.132313686366048,2.5413572473856867
jpeg_studentsculpture_img34.bmp,13.676263298643761,5.0,4.45294946805425
jpeg_studentsculpture_img45.bmp,36.95159659180612,3.269266994572157,3.521936136327755
jpeg_studentsculpture_img53.bmp,15.489590359111475,3.9387743456164666,4.380416385635542
jpeg_studentsculpture_img59.bmp,34.29331728327051,3.300040109844528,3.6282673086691797
jpeg_womanhat_img1.bmp,55.25809179732593,2.773019467592525,2.789676328106963
jpeg_womanhat_img107.bmp,25.678511910785545,3.512507251948388,3.9728595235685784
jpeg_womanhat_img154.bmp,98.235859749495,2.493006288437381,1.0705656100201997
jpeg_womanhat_img168.bmp,6.313660153902646,4.118027914143449,4.747453593843894
jpeg_womanhat_img190.bmp,0.5561143093344469,5.0,4.977755427626622
jpeg_womanhat_img26.bmp,0.5561143093344469,5.0,4.977755427626622
jpeg_womanhat_img89.bmp,36.87682177749909,3.227251338895198,3.5249271289000363
jpeg_woman_img10.bmp,12.356143018022607,5.0,4.505754279279095
jpeg_woman_img116.bmp,11.59442079980758,3.988121215530275,4.536223168007696
jpeg_woman_img150.bmp,21.12856124616266,3.79720739219456,4.154857550153494
jpeg_woman_img167.bmp,93.66428508751139,2.888287489806697,1.2534285964995444
jpeg_woman_img189.bmp,12.356143018022607,5.0,4.505754279279095
jpeg_woman_img58.bmp,11.413278581755634,3.927182704168736,4.543468856729774
jpeg_woman_img65.bmp,66.8981026620364,2.753296923002357,2.324075893518544
wn_bikes_img152.bmp,5.108816484013886,5.0,4.795647340639444
wn_bikes_img29.bmp,79.19179045108123,2.8214870559695777,1.8323283819567506
wn_bikes_img68.bmp,50.03446151089585,3.480169458528237,2.9986215395641658
wn_bikes_img95.bmp,22.971692938339373,3.9882420934231897,4.081132282466426
wn_bikes_img97.bmp,74.0514713147418,3.025698789544548,2.037941147410328
wn_building2_img102.bmp,54.461296938424624,3.377486321763309,2.821548122463015
wn_building2_img118.bmp,38.20151179820206,3.65993224007207,3.4719395280719176
wn_building2_img121.bmp,87.24137080326105,2.788520664846105,1.510345167869558
wn_building2_img156.bmp,13.362665072204976,5.0,4.465493397111802
wn_building2_img36.bmp,76.33881138405332,2.8970450329942223,1.9464475446378673
wn_building2_img48.bmp,36.9990067155579,3.7371702930783135,3.5200397313776843
wn_buildings_img103.bmp,25.411848764473092,3.9997807332944433,3.9835260494210765
wn_buildings_img130.bmp,77.7429455346759,2.913552160701227,1.890282178612964
wn_buildings_img159.bmp,11.332786369069112,5.0,4.546688545237235
wn_buildings_img46.bmp,40.63576322066851,3.6708524121772745,3.3745694711732597
wn_buildings_img61.bmp,87.79405243659318,2.732744299923952,1.4882379025362729
wn_caps_img110.bmp,53.33869237896536,3.346424085492638,2.8664523048413857
wn_caps_img132.bmp,38.1970140023661,3.658329260709001,3.472119439905356
wn_caps_img144.bmp,65.83819865485046,3.078427067532786,2.366472053805982
wn_caps_img163.bmp,7.218184783777673,5.0,4.711272608648893
wn_caps_img64.bmp,20.79836370286452,4.099865014922334,4.168065451885419
wn_carnivaldolls_img135.bmp,67.55150817614768,2.981165123798287,2.297939672954093
wn_carnivaldolls_img14.bmp,18.62025812995998,4.187703729684764,4.255189674801601
wn_carnivaldolls_img166.bmp,1.545826899227535,5.0,4.938166924030899
wn_carnivaldolls_img71.bmp,61.86373768870922,3.0751283517184254,2.5254504924516312
wn_carnivaldolls_img90.bmp,39.42522769065985,3.6201174212762433,3.422990892373606
wn_cemetry_img169.bmp,11.86776075947634,5.0,4.525289569620947
wn_cemetry_img45.bmp,29.267548436493456,3.908074241942408,3.829298062540262
wn_cemetry_img63.bmp,42.74424240519372,3.5875792376296776,3.290230303792251
wn_cemetry_img65.bmp,70.15579035569615,2.907739270567172,2.1937683857721537
wn_cemetry_img9.bmp,63.08765711613435,3.087911307560528,2.476493715354626
wn_churchandcapitol_img13.bmp,23.912740912869225,4.024969919051414,4.0434903634852315
wn_churchandcapitol_img172.bmp,14.548186301872619,5.0,4.418072547925095
wn_churchandcapitol_img18.bmp,35.234811861002385,3.718832312295589,3.590607525559905
wn_churchandcapitol_img62.bmp,62.39478895816197,3.087385421197977,2.504208441673521
wn_churchandcapitol_img93.bmp,71.92850317280667,2.8461435362465086,2.122859873087733
wn_coinsinfountain_img124.bmp,64.32949736273255,3.1235861069824225,2.426820105490698
wn_coinsinfountain_img31.bmp,32.317222661436034,3.900337061405023,3.707311093542559
wn_coinsinfountain_img8.bmp,15.84536535495485,4.171543359955523,4.366185385801806
wn_coinsinfountain_img92.bmp,71.40420838357221,2.9472631035213963,2.1438316646571116
wn_dancers_img149.bmp,16.25633813727947,5.0,4.349746474508821
wn_dancers_img27.bmp,48.09291108333761,3.4348220865557724,3.0762835566664957
wn_dancers_img30.bmp,30.607643221939355,3.76821710430796,3.775694271122426
wn_dancers_img50.bmp,83.93060737512937,2.712191040981539,1.642775704994825
wn_dancers_img51.bmp,71.92656210590283,2.8387319021130257,2.122937515763887
wn_flowersonih35_img122.bmp,71.48974755799307,2.9131866905866546,2.1404100976802773
wn_flowersonih35_img133.bmp,25.656138736855922,4.20744892974783,3.973754450525763
wn_flowersonih35_img153.bmp,20.16061726189068,5.0,4.193575309524373
wn_flowersonih35_img49.bmp,76.5110058508279,2.8078884052537987,1.9395597659668842
wn_flowersonih35_img72.bmp,48.626073892442236,3.4933054317476637,3.0549570443023106
wn_house_img109.bmp,62.0395671175165,3.1871800002553545,2.51841731529934
wn_house_img160.bmp,8.527573038778058,5.0,4.658897078448877
wn_house_img38.bmp,68.39713669910631,3.005117288265736,2.264114532035747
wn_house_img54.bmp,22.779788664137158,4.060407437576746,4.088808453434513
wn_house_img70.bmp,43.85591699075175,3.579683012031864,3.24576332036993
wn_house_img83.bmp,75.10084847097801,2.892683943124013,1.9959660611608796
wn_lighthouse2_img108.bmp,58.86264156500394,3.2577982668144805,2.6454943373998425
wn_lighthouse2_img125.bmp,23.970674113384206,4.159078293957762,4.041173035464632
wn_lighthouse2_img167.bmp,5.614555614472891,5.0,4.775417775421085
wn_lighthouse2_img32.bmp,64.42644961886893,3.1486282293427514,2.4229420152452428
wn_lighthouse2_img6.bmp,36.11851828148505,3.8668117447280737,3.5552592687405977
wn_lighthouse_img114.bmp,45.213340209605434,3.7118801126879566,3.1914663916157826
wn_lighthouse_img164.bmp,7.8078181223008585,5.0,4.687687275107965
wn_lighthouse_img40.bmp,54.45674107217437,3.428698642707053,2.821730357113025
wn_lighthouse_img43.bmp,27.458247273941396,4.062990927899842,3.9016701090423442
wn_lighthouse_img96.bmp,70.67816006345484,2.945991099886748,2.1728735974618063
wn_manfishing_img143.bmp,64.48021279788892,3.110402319163705,2.420791488084443
wn_manfishing_img170.bmp,10.338803435497965,5.0,4.586447862580082
wn_manfishing_img37.bmp,32.491917958009,3.874077944685756,3.70032328167964
wn_manfishing_img59.bmp,15.081408872144351,4.273138367261346,4.396743645114226
wn_manfishing_img73.bmp,71.91472423904028,2.948818855655378,2.1234110304383886
wn_monarch_img1.bmp,28.317628207510637,3.862037975459829,3.8672948716995745
wn_monarch_img140.bmp,66.81377032727286,3.036529905813559,2.327449186909085
wn_monarch_img17.bmp,58.10513135141022,3.3532162183036505,2.675794745943591
wn_monarch_img173.bmp,9.714905543085678,5.0,4.611403778276573
wn_monarch_img82.bmp,24.142253606071193,4.042289639493152,4.034309855757153
wn_ocean_img120.bmp,71.76490695857052,2.941016088949564,2.1294037216571793
wn_ocean_img147.bmp,3.180764267123976,5.0,4.87276942931504
wn_ocean_img21.bmp,62.30988565810625,3.116918718312054,2.50760457367575
wn_ocean_img99.bmp,14.6007746164465,4.244849918362896,4.4159690153421405
wn_paintedhouse_img111.bmp,45.21982595779534,3.539110106056177,3.1912069616881866
wn_paintedhouse_img142.bmp,27.51050584261972,3.992723747901043,3.899579766295211
wn_paintedhouse_img150.bmp,10.511665990733349,5.0,4.579533360370666
wn_paintedhouse_img26.bmp,60.87918356286795,3.120959688902728,2.564832657485282
wn_paintedhouse_img39.bmp,73.94869631747909,2.8879587927422072,2.0420521473008364
wn_parrots_img22.bmp,33.35527907998036,3.859767697619515,3.6657888368007856
wn_parrots_img67.bmp,53.59785016656426,3.4427773777127406,2.8560859933374294
wn_parrots_img69.bmp,66.56679925115296,3.118456180918346,2.3373280299538814
wn_plane_img10.bmp,37.209018544024815,3.7635848238032574,3.5116392582390072
wn_plane_img129.bmp,64.84562589989375,3.052167159698137,2.40617496400425
wn_plane_img139.bmp,55.80083291236136,3.323128260455424,2.767966683505546
wn_plane_img78.bmp,12.974009306445026,4.173652636174301,4.481039627742199
wn_rapids_img101.bmp,22.87556029335346,4.270990970389209,4.084977588265861
wn_rapids_img107.bmp,38.36238691861999,3.76052643476637,3.4655045232552
wn_rapids_img116.bmp,75.81291178764593,2.9849783787537763,1.9674835284941627
wn_rapids_img161.bmp,17.99802858872519,5.0,4.280078856450992
wn_rapids_img74.bmp,60.48074942675433,3.278960870896328,2.580770022929827
wn_sailing1_img141.bmp,67.7023179587604,3.04578299329593,2.291907281649584
wn_sailing1_img165.bmp,0.08494587180720714,5.0,4.996602165127712
wn_sailing1_img56.bmp,38.762453935078696,3.713632165171388,3.449501842596852
wn_sailing1_img76.bmp,21.64218954051759,4.071606582365356,4.134312418379297
wn_sailing1_img79.bmp,59.69607463060274,3.26862139670269,2.6121570147758906
wn_sailing2_img117.bmp,34.913937123524505,3.87107427104052,3.6034425150590197
wn_sailing2_img12.bmp,49.62988667159149,3.4704555211075743,3.0148045331363402
wn_sailing2_img128.bmp,62.932533725339596,3.0874300702613686,2.482698650986416
wn_sailing2_img168.bmp,11.02373745522354,5.0,4.5590505017910585
wn_sailing2_img81.bmp,24.739240462760307,4.033412252936827,4.010430381489588
wn_sailing3_img123.bmp,65.35128460928698,3.0786533213045777,2.3859486156285206
wn_sailing3_img171.bmp,7.04906906607161,5.0,4.7180372373571355
wn_sailing3_img5.bmp,21.208465819766246,4.1099268035632095,4.15166136720935
wn_sailing3_img84.bmp,33.3866974483461,3.812000565849736,3.664532102066156
wn_sailing3_img89.bmp,59.32644651451929,3.209865752614933,2.6269421394192287
wn_sailing4_img100.bmp,40.68976930409494,3.646101132712543,3.3724092278362026
wn_sailing4_img126.bmp,65.62422476391637,3.0706671863348007,2.375031009443345
wn_sailing4_img127.bmp,14.929355815767138,4.178525356402113,4.402825767369315
wn_sailing4_img134.bmp,75.37818499036752,2.9130695032507177,1.9848726003852994
wn_sailing4_img174.bmp,4.004033214885766,5.0,4.83983867140457
wn_sailing4_img86.bmp,61.71101755062361,3.2152758843405493,2.531559297975056
wn_statue_img148.bmp,2.4402050895765512,5.0,4.9023917964169375
wn_statue_img25.bmp,60.25513750129804,3.3883707185369465,2.5897944999480784
wn_statue_img55.bmp,41.08195033441402,3.688364487540132,3.3567219866234392
wn_statue_img85.bmp,11.602352928135105,4.212545960570663,4.535905882874596
wn_statue_img91.bmp,69.39162998451502,2.992266245130632,2.224334800619399
wn_stream_img106.bmp,81.04984675933818,2.751701883887867,1.7580061296264726
wn_stream_img138.bmp,23.987905608438467,4.016376128707565,4.040483775662461
wn_stream_img151.bmp,14.752058803388621,5.0,4.4099176478644555
wn_stream_img2.bmp,66.92691957115798,3.0455092879874965,2.3229232171536807
wn_stream_img88.bmp,40.308872859559045,3.630788205394772,3.3876450856176383
wn_studentsculpture_img112.bmp,69.4726544334844,3.0942445154274063,2.2210938226606243
wn_studentsculpture_img155.bmp,13.676263298643761,5.0,4.45294946805425
wn_studentsculpture_img16.bmp,44.81677848179626,3.593816323526526,3.2073288607281496
wn_studentsculpture_img19.bmp,19.27318539014479,4.215703014720862,4.229072584394208
wn_studentsculpture_img44.bmp,90.33888010966112,2.864630452306153,1.3864447956135553
wn_womanhat_img11.bmp,15.098480629385534,3.999491316327515,4.396060774824578
wn_womanhat_img119.bmp,67.20597182108438,3.041815042368889,2.311761127156625
wn_womanhat_img162.bmp,0.5561143093344469,5.0,4.977755427626622
wn_womanhat_img28.bmp,59.04578064898678,3.193427349722195,2.638168774040529
wn_womanhat_img3.bmp,36.72284681483265,3.505693410163297,3.531086127406694
wn_woman_img115.bmp,66.16300594931582,3.2021892078022915,2.3534797620273675
wn_woman_img158.bmp,12.356143018022607,5.0,4.505754279279095
wn_woman_img35.bmp,41.019010335537445,3.658265299356823,3.3592395865785023
wn_woman_img7.bmp,73.20178289411427,2.9819133935053754,2.071928684235429
wn_woman_img98.bmp,19.705456528654935,4.219308548767144,4.211781738853803
