image_name,brisque_score,DMOS_score
jp2k_buildings_img1.bmp,11.332786369069112,0.0
jp2k_studentsculpture_img2.bmp,23.575737926111145,28.00384535689855
jp2k_rapids_img3.bmp,43.92811365129464,34.01073628022137
jp2k_dancers_img4.bmp,54.85763969993829,65.13140970686972
jp2k_churchandcapitol_img5.bmp,63.18969602789204,68.9113403034779
jp2k_dancers_img6.bmp,58.60387482906535,65.15010253306134
jp2k_churchandcapitol_img7.bmp,47.67413054203254,54.39726604294797
jp2k_stream_img8.bmp,43.05159058685874,44.39714490163311
jp2k_cemetry_img9.bmp,11.86776075947634,0.0
jp2k_woman_img10.bmp,45.40788094766194,47.430013761380415
jp2k_lighthouse2_img11.bmp,5.614555614472891,0.0
jp2k_sailing3_img12.bmp,47.54672479693315,41.412498424737386
jp2k_buildings_img13.bmp,49.298277540903854,49.58114313931159
jp2k_paintedhouse_img14.bmp,46.578806866136205,48.84324745450706
jp2k_bikes_img15.bmp,13.763918557611731,26.13791357747473
jp2k_ocean_img16.bmp,3.180764267123976,0.0
jp2k_stream_img17.bmp,50.94209823543699,62.47870390031039
jp2k_carnivaldolls_img18.bmp,22.73149881323033,37.598876406688994
jp2k_sailing1_img19.bmp,6.224697535094123,19.96662225773225
jp2k_house_img20.bmp,8.527573038778058,0.0
jp2k_coinsinfountain_img21.bmp,25.28860635720227,32.69469883824849
jp2k_monarch_img22.bmp,9.714905543085678,0.0
jp2k_woman_img23.bmp,37.88036483976984,41.92234749404617
jp2k_building2_img24.bmp,13.362665072204976,0.0
jp2k_caps_img25.bmp,7.218184783777673,0.0
jp2k_manfishing_img26.bmp,13.462170477014837,25.34100953517368
jp2k_house_img27.bmp,60.038969609021905,50.83957042048765
jp2k_coinsinfountain_img28.bmp,60.67899513476513,66.46194643940952
jp2k_buildings_img29.bmp,63.69853597449534,61.41371716607372
jp2k_building2_img30.bmp,66.81341652498426,69.29851565600342
jp2k_ocean_img31.bmp,25.153191300226553,33.27987227548807
jp2k_rapids_img32.bmp,64.77148324704078,70.19193144078119
jp2k_buildings_img33.bmp,51.539294692216544,53.846299781912535
jp2k_studentsculpture_img34.bmp,16.22144440248266,23.29290129605595
jp2k_paintedhouse_img35.bmp,10.511665990733349,0.0
jp2k_manfishing_img36.bmp,10.338803435497965,0.0
jp2k_ocean_img37.bmp,36.05983082186228,35.026816689501125
jp2k_sailing3_img38.bmp,63.72200794137822,62.9003588494039
jp2k_sailing4_img39.bmp,43.69411968390372,35.77898514989975
jp2k_paintedhouse_img40.bmp,53.8696066295723,69.8705581579566
jp2k_building2_img41.bmp,41.58055959104772,47.53287130842447
jp2k_womanhat_img42.bmp,52.61201054232171,54.8600288332968
jp2k_sailing1_img43.bmp,70.48272990712971,64.16748927763923
jp2k_flowersonih35_img44.bmp,75.64383311888045,67.00586811025651
jp2k_churchandcapitol_img45.bmp,64.34188349481335,68.7833586829139
jp2k_cemetry_img46.bmp,64.11609063399212,67.97348672924605
jp2k_house_img47.bmp,60.96781333267731,50.5485771265556
jp2k_cemetry_img48.bmp,64.17422197235666,70.96122360468537
jp2k_caps_img49.bmp,30.12127564591796,26.67330248510648
jp2k_lighthouse_img51.bmp,37.23920737503633,31.359966179310835
jp2k_sailing4_img52.bmp,48.01067423287711,52.45539930680104
jp2k_plane_img53.bmp,68.71453300519667,60.60039324353364
jp2k_sailing2_img55.bmp,54.395593381616635,49.04623820958027
jp2k_monarch_img56.bmp,47.73490126971544,45.83052553848261
jp2k_plane_img58.bmp,1.9685072163092343,21.24474002721652
jp2k_sailing2_img59.bmp,11.881722305200896,24.26413610892305
jp2k_studentsculpture_img60.bmp,70.268148268104,61.178399664208015
jp2k_monarch_img61.bmp,39.62773570261808,32.095586985956885
jp2k_sailing2_img62.bmp,20.708450663627417,21.7373924049672
jp2k_manfishing_img63.bmp,32.61927501062959,37.97355042079033
jp2k_rapids_img64.bmp,17.99802858872519,0.0
jp2k_dancers_img65.bmp,63.926327648637965,74.71223055356742
jp2k_sailing1_img66.bmp,0.08494587180720714,0.0
jp2k_carnivaldolls_img67.bmp,1.545826899227535,0.0
jp2k_caps_img68.bmp,36.00099821312969,34.49728356748708
jp2k_ocean_img69.bmp,9.499252921314422,21.33143389738949
jp2k_sailing4_img70.bmp,4.004033214885766,0.0
jp2k_stream_img71.bmp,60.12212367004585,72.81703406181643
jp2k_lighthouse_img72.bmp,7.8078181223008585,0.0
jp2k_bikes_img73.bmp,5.108816484013886,0.0
jp2k_lighthouse2_img74.bmp,53.70566079444674,53.34011511136505
jp2k_womanhat_img75.bmp,13.017067559088758,25.03062047966861
jp2k_woman_img76.bmp,12.356143018022607,0.0
jp2k_coinsinfountain_img77.bmp,1.0868551763419134,25.984026524750178
jp2k_bikes_img78.bmp,29.158982658651524,38.46900882932819
jp2k_carnivaldolls_img79.bmp,60.050476141191865,72.09944236071443
jp2k_house_img80.bmp,35.129413848879125,31.491968912059583
jp2k_rapids_img81.bmp,49.88862785470221,48.34116741829985
jp2k_paintedhouse_img82.bmp,16.198479901206355,25.09633165601088
jp2k_caps_img83.bmp,47.883530457949945,46.584322447755405
jp2k_dancers_img84.bmp,16.25633813727947,0.0
jp2k_parrots_img85.bmp,45.36899319632718,30.00013497962475
jp2k_flowersonih35_img86.bmp,80.02906289582913,70.25982518032612
jp2k_studentsculpture_img87.bmp,13.676263298643761,0.0
jp2k_sailing1_img88.bmp,67.55224464069326,63.015324512867245
jp2k_flowersonih35_img89.bmp,20.16061726189068,0.0
jp2k_sailing4_img90.bmp,16.88346569897064,25.29582717609144
jp2k_lighthouse_img91.bmp,51.89888079754118,50.96704009742991
jp2k_statue_img92.bmp,41.48914583774703,42.60054761405774
jp2k_sailing2_img93.bmp,11.02373745522354,0.0
jp2k_manfishing_img94.bmp,32.850801660515316,38.2549339043671
jp2k_statue_img95.bmp,2.4402050895765512,0.0
jp2k_parrots_img96.bmp,55.02208461266693,39.494391716246966
jp2k_womanhat_img97.bmp,0.5561143093344469,0.0
jp2k_cemetry_img98.bmp,44.10305724158488,46.73519187599359
jp2k_womanhat_img99.bmp,51.07700765461797,52.00419635496926
jp2k_sailing3_img100.bmp,7.04906906607161,0.0
jp2k_parrots_img101.bmp,32.767573552889615,24.2764088097766
jp2k_statue_img102.bmp,9.749430972654608,21.88262165546857
jp2k_lighthouse2_img103.bmp,8.126904003213639,24.35211475827056
jp2k_woman_img104.bmp,45.24545594516209,49.72531306132735
jp2k_monarch_img105.bmp,12.280861090829234,22.28656662518345
jp2k_lighthouse_img106.bmp,53.21120344217874,50.87767308591221
jp2k_building2_img107.bmp,66.81808062875913,72.58409006589069
jp2k_carnivaldolls_img108.bmp,34.51582728346031,47.47269421075874
jp2k_sailing3_img109.bmp,47.50719566421887,42.0193414153924
jp2k_churchandcapitol_img110.bmp,14.548186301872619,0.0
jp2k_flowersonih35_img111.bmp,25.278802232914444,28.188842568104352
jp2k_stream_img112.bmp,14.752058803388621,0.0
jp2k_plane_img113.bmp,30.63264061076117,25.90239364449977
jp2k_lighthouse2_img114.bmp,10.026394948566434,26.102063914116645
jp2k_bikes_img115.bmp,54.03313344541809,63.79745841280577
jp2k_statue_img116.bmp,47.833108990163026,49.7286281585553
jp2k_paintedhouse_img117.bmp,10.511665990733349,0.0
jp2k_cemetry_img118.bmp,11.86776075947634,0.0
jp2k_building2_img119.bmp,13.362665072204976,0.0
jp2k_ocean_img120.bmp,54.6014911869639,42.50096821620306
jp2k_manfishing_img121.bmp,75.6017528463926,73.25236622149215
jp2k_caps_img122.bmp,66.66171696799731,53.45609932212263
jp2k_buildings_img123.bmp,11.332786369069112,0.0
jp2k_carnivaldolls_img124.bmp,50.76950247139493,49.46765176998484
jp2k_cemetry_img125.bmp,32.83527093139034,33.473161094142995
jp2k_rapids_img126.bmp,27.239330695459984,24.6248388210791
jp2k_parrots_img127.bmp,85.87372668172677,63.270890480446255
jp2k_churchandcapitol_img128.bmp,14.548186301872619,0.0
jp2k_bikes_img129.bmp,18.737074115503873,27.447221923138954
jp2k_sailing3_img130.bmp,54.88919624664854,43.71826643101832
jp2k_house_img131.bmp,8.527573038778058,0.0
jp2k_building2_img132.bmp,32.48835482722174,31.5595687109197
jp2k_bikes_img133.bmp,42.617514328557576,42.16153847609955
jp2k_woman_img134.bmp,12.356143018022607,0.0
jp2k_rapids_img135.bmp,74.85008233480991,69.3198883772806
jp2k_sailing1_img136.bmp,30.34331787824837,38.49937916871746
jp2k_lighthouse2_img137.bmp,69.88326959373248,54.482323340813736
jp2k_sailing2_img138.bmp,68.54045734591179,51.98430097914189
jp2k_ocean_img140.bmp,3.180764267123976,0.0
jp2k_sailing2_img141.bmp,26.33043418474935,21.78729841764812
jp2k_studentsculpture_img142.bmp,56.7003200270436,44.62558143068395
jp2k_manfishing_img143.bmp,46.56311292226721,45.09684469895228
jp2k_house_img144.bmp,63.98244874750682,57.47745564091386
jp2k_rapids_img146.bmp,60.05296896749414,51.928846132839226
jp2k_sailing3_img147.bmp,7.04906906607161,0.0
jp2k_carnivaldolls_img148.bmp,12.134297269740244,24.89895706986431
jp2k_lighthouse_img149.bmp,46.519547333614895,38.06964086512967
jp2k_woman_img150.bmp,18.992645330025965,21.41886534304765
jp2k_lighthouse2_img151.bmp,5.614555614472891,0.0
jp2k_woman_img152.bmp,56.67666003009694,55.90459914407012
jp2k_caps_img153.bmp,7.218184783777673,0.0
jp2k_sailing3_img154.bmp,75.18006721846083,59.44196571611291
jp2k_woman_img155.bmp,75.25283221102288,67.19668334150376
jp2k_buildings_img156.bmp,70.23295500172921,61.18215742040482
jp2k_manfishing_img157.bmp,10.338803435497965,0.0
jp2k_parrots_img158.bmp,81.66778203202259,55.776435118466885
jp2k_sailing1_img159.bmp,0.08494587180720714,0.0
jp2k_monarch_img160.bmp,74.43431768125376,53.41030485608058
jp2k_carnivaldolls_img161.bmp,1.545826899227535,0.0
jp2k_statue_img162.bmp,31.27807493907696,25.547908094700823
jp2k_building2_img163.bmp,60.18669984733717,48.07274559690462
jp2k_lighthouse2_img164.bmp,35.3049635415384,34.31882592035392
jp2k_dancers_img165.bmp,27.28732009693826,36.803691247540776
jp2k_sailing4_img166.bmp,4.004033214885766,0.0
jp2k_flowersonih35_img167.bmp,51.79062907967361,50.12810440234088
jp2k_coinsinfountain_img168.bmp,54.562259479365565,50.22230359576317
jp2k_statue_img169.bmp,66.37153320227603,55.98522773495745
jp2k_dancers_img170.bmp,36.21337321821429,48.3046809702197
jp2k_studentsculpture_img171.bmp,36.098162318317776,31.38706428829333
jp2k_sailing4_img172.bmp,81.3970357116659,69.37405446814955
jp2k_plane_img173.bmp,38.168124417329494,30.06590643346212
jp2k_lighthouse_img174.bmp,26.423254966801068,23.04535862055152
jp2k_stream_img175.bmp,73.2047581979235,69.62940064841362
jp2k_churchandcapitol_img176.bmp,39.066102568152104,34.74736400054396
jp2k_coinsinfountain_img177.bmp,77.55828231138955,66.28179452865399
jp2k_cemetry_img178.bmp,57.56140975338448,52.61692321433424
jp2k_house_img179.bmp,78.64125021134961,69.50160619570946
jp2k_lighthouse_img180.bmp,7.8078181223008585,0.0
jp2k_carnivaldolls_img181.bmp,71.50350863641538,69.97832580415569
jp2k_coinsinfountain_img182.bmp,43.93517728875574,42.460379670553536
jp2k_sailing3_img183.bmp,23.612690558725234,22.27981853312796
jp2k_dancers_img184.bmp,16.25633813727947,0.0
jp2k_sailing2_img185.bmp,35.74051092094939,27.201954422013888
jp2k_womanhat_img186.bmp,0.5561143093344469,0.0
jp2k_house_img187.bmp,47.11530690560059,36.14531005261188
jp2k_bikes_img188.bmp,5.108816484013886,0.0
jp2k_rapids_img189.bmp,17.99802858872519,0.0
jp2k_studentsculpture_img190.bmp,13.676263298643761,0.0
jp2k_womanhat_img191.bmp,87.21553944873986,65.33538560268595
jp2k_flowersonih35_img192.bmp,34.60737967471343,40.20353483462272
jp2k_caps_img193.bmp,76.33310784251213,56.81506839122303
jp2k_churchandcapitol_img194.bmp,66.08340325567289,61.33228069176607
jp2k_womanhat_img195.bmp,21.964987566367853,21.30512297950809
jp2k_paintedhouse_img196.bmp,52.467715202818084,55.88732005422921
jp2k_parrots_img197.bmp,64.40582397273985,45.89200996411086
jp2k_churchandcapitol_img198.bmp,29.136524943845956,23.93855287245099
jp2k_buildings_img199.bmp,20.978437609488395,21.07955183545881
jp2k_manfishing_img200.bmp,68.16675843983464,59.30217260837462
jp2k_flowersonih35_img201.bmp,75.45202126215938,73.02643347532211
jp2k_lighthouse_img202.bmp,74.73130728963812,63.86475437095206
jp2k_plane_img203.bmp,57.789399053522146,42.82439106346012
jp2k_monarch_img204.bmp,9.714905543085678,0.0
jp2k_dancers_img205.bmp,21.234934977520282,25.59001805947806
jp2k_sailing2_img206.bmp,11.02373745522354,0.0
jp2k_statue_img207.bmp,2.4402050895765512,0.0
jp2k_monarch_img208.bmp,59.36868204540562,47.21025837654042
jp2k_flowersonih35_img209.bmp,20.16061726189068,0.0
jp2k_paintedhouse_img210.bmp,32.9091268478447,34.16120589441216
jp2k_lighthouse2_img211.bmp,17.71040791884306,22.457131335424307
jp2k_house_img212.bmp,16.228307633182425,21.27322192977721
jp2k_sailing1_img213.bmp,78.21884542019367,64.00907199232228
jp2k_sailing1_img214.bmp,14.850820696879026,22.76639531194038
jp2k_paintedhouse_img215.bmp,58.916232940320896,62.22323173241315
jp2k_building2_img216.bmp,21.249732920657237,25.477351996196013
jp2k_stream_img217.bmp,24.344108600164503,24.255518544727988
jp2k_studentsculpture_img218.bmp,70.91595966649308,59.08349135484238
jp2k_ocean_img219.bmp,78.70259480381023,61.67638378990241
jp2k_plane_img220.bmp,80.12025877494202,60.76737980221871
jp2k_sailing4_img221.bmp,57.268963324613054,56.988438960547256
jp2k_buildings_img222.bmp,33.67448615761609,37.02130195424285
jp2k_stream_img223.bmp,14.752058803388621,0.0
jp2k_bikes_img225.bmp,75.37904261063156,68.05380219873442
jp2k_womanhat_img226.bmp,69.61846761425508,51.60071918510474
jp2k_statue_img227.bmp,73.24249790746987,60.76165785760725
jpeg_womanhat_img1.bmp,55.25809179732593,55.67451331018688
jpeg_churchandcapitol_img2.bmp,33.05608187645939,42.18605088354612
jpeg_lighthouse_img3.bmp,7.8078181223008585,0.0
jpeg_churchandcapitol_img4.bmp,84.58555532155012,79.63200139873037
jpeg_carnivaldolls_img5.bmp,1.545826899227535,0.0
jpeg_sailing4_img6.bmp,4.004033214885766,0.0
jpeg_stream_img7.bmp,14.752058803388621,0.0
jpeg_ocean_img8.bmp,19.350514348001724,29.32258917828471
jpeg_rapids_img9.bmp,61.72398909884302,60.311410102786176
jpeg_woman_img10.bmp,12.356143018022607,0.0
jpeg_statue_img11.bmp,68.76755843729038,56.44735042407491
jpeg_caps_img12.bmp,7.218184783777673,0.0
jpeg_statue_img13.bmp,4.808170838358677,19.53742657254039
jpeg_carnivaldolls_img14.bmp,2.0187961551176556,22.427797517937464
jpeg_sailing4_img15.bmp,46.263555986786145,47.84250739717017
jpeg_stream_img16.bmp,45.95542789422868,52.55754452877917
jpeg_plane_img17.bmp,7.014410893614212,22.5499129016282
jpeg_monarch_img18.bmp,57.069963546226944,51.843326801611454
jpeg_sailing3_img19.bmp,7.04906906607161,0.0
jpeg_paintedhouse_img20.bmp,10.511665990733349,0.0
jpeg_churchandcapitol_img21.bmp,50.15373351762898,53.818664170538256
jpeg_churchandcapitol_img22.bmp,14.548186301872619,0.0
jpeg_paintedhouse_img23.bmp,78.87410775091959,74.25212011875597
jpeg_caps_img24.bmp,19.937705622628954,28.30780106272088
jpeg_plane_img25.bmp,45.50072097813265,43.68712908418356
jpeg_womanhat_img26.bmp,0.5561143093344469,0.0
jpeg_flowersonih35_img27.bmp,35.3161836742747,43.0162175344564
jpeg_ocean_img28.bmp,3.180764267123976,0.0
jpeg_bikes_img29.bmp,73.80585881569377,63.22821648316846
jpeg_ocean_img30.bmp,5.5867762811442105,23.81928622014108
jpeg_rapids_img31.bmp,17.99802858872519,0.0
jpeg_parrots_img32.bmp,43.829809982393584,42.52118607682714
jpeg_manfishing_img33.bmp,38.483668279329294,48.86232626758251
jpeg_studentsculpture_img34.bmp,13.676263298643761,0.0
jpeg_rapids_img35.bmp,82.23925215039716,70.95845439731096
jpeg_building2_img36.bmp,65.87052719802736,68.81582729779525
jpeg_sailing4_img37.bmp,73.767300132852,63.77800813801863
jpeg_sailing3_img38.bmp,24.093732202237646,31.940080757371334
jpeg_dancers_img39.bmp,44.18852963094386,54.04967815819876
jpeg_plane_img40.bmp,20.590688845392464,28.328278947726663
jpeg_dancers_img41.bmp,61.55263457672126,60.57822644571531
jpeg_bikes_img42.bmp,5.108816484013886,0.0
jpeg_buildings_img43.bmp,47.60797749581329,47.79653010779907
jpeg_lighthouse_img44.bmp,59.72418568276268,45.67871473908527
jpeg_studentsculpture_img45.bmp,36.95159659180612,43.26832513569606
jpeg_cemetry_img46.bmp,85.02297638777574,69.45204261392958
jpeg_sailing4_img47.bmp,58.664780159383525,52.68258889470214
jpeg_monarch_img48.bmp,9.714905543085678,0.0
jpeg_coinsinfountain_img49.bmp,31.226016870812117,41.94637326127812
jpeg_house_img50.bmp,77.88570182853104,58.66222271567119
jpeg_house_img51.bmp,43.2189105780121,39.51151909245588
jpeg_sailing2_img52.bmp,11.02373745522354,0.0
jpeg_studentsculpture_img53.bmp,15.489590359111475,26.530641359588333
jpeg_house_img54.bmp,8.527573038778058,0.0
jpeg_cemetry_img55.bmp,34.88160323223528,42.18685408278848
jpeg_paintedhouse_img56.bmp,38.75832476643686,41.43384300393491
jpeg_lighthouse_img57.bmp,12.00777874217701,17.90242445870529
jpeg_woman_img58.bmp,11.413278581755634,26.8204323957816
jpeg_studentsculpture_img59.bmp,34.29331728327051,42.49899725388679
jpeg_building2_img60.bmp,43.07469688049329,50.91458216680612
jpeg_dancers_img61.bmp,13.281389872381368,25.77050586046477
jpeg_building2_img62.bmp,65.87052719802736,66.06308108895072
jpeg_caps_img63.bmp,37.87786966847304,40.20037531558981
jpeg_lighthouse2_img64.bmp,7.727888436118377,21.91503732540344
jpeg_woman_img65.bmp,66.8981026620364,56.16757692494108
jpeg_buildings_img66.bmp,11.332786369069112,0.0
jpeg_sailing2_img67.bmp,35.00592342390743,34.36752098639735
jpeg_dancers_img68.bmp,16.25633813727947,0.0
jpeg_lighthouse2_img69.bmp,57.75190225322987,52.89066029707622
jpeg_statue_img70.bmp,7.123508031643013,19.56748371978346
jpeg_sailing1_img71.bmp,20.42021088481758,31.07407133513696
jpeg_parrots_img72.bmp,8.183977357835118,27.80481229444364
jpeg_coinsinfountain_img73.bmp,43.09492062425156,44.56841486707733
jpeg_flowersonih35_img74.bmp,18.58911458020529,23.47304698397912
jpeg_house_img75.bmp,71.394158765691,54.700999698833805
jpeg_bikes_img77.bmp,57.60339103263752,56.02031619077877
jpeg_cemetry_img78.bmp,85.02297638777574,69.18511018899825
jpeg_flowersonih35_img79.bmp,91.75015695553631,80.88636722069373
jpeg_carnivaldolls_img80.bmp,71.5851013583185,65.92309095733728
jpeg_bikes_img81.bmp,44.94345506161753,49.05615490510982
jpeg_cemetry_img82.bmp,11.86776075947634,0.0
jpeg_sailing3_img83.bmp,38.0398655419244,39.12654755471596
jpeg_buildings_img84.bmp,47.60797749581329,51.01535769470311
jpeg_stream_img85.bmp,63.63771681553939,63.64900697984106
jpeg_lighthouse_img86.bmp,64.72798392054003,48.6708014019305
jpeg_statue_img87.bmp,2.4402050895765512,0.0
jpeg_sailing1_img88.bmp,0.08494587180720714,0.0
jpeg_womanhat_img89.bmp,36.87682177749909,44.31871652762005
jpeg_buildings_img90.bmp,47.60797749581329,48.20131912049039
jpeg_paintedhouse_img91.bmp,78.87410775091959,73.58912301389574
jpeg_manfishing_img92.bmp,55.40741272051318,52.7238085826388
jpeg_manfishing_img93.bmp,67.69153549840289,59.76883361021454
jpeg_monarch_img94.bmp,23.628964654630607,29.62778181176077
jpeg_lighthouse2_img95.bmp,5.614555614472891,0.0
jpeg_monarch_img96.bmp,12.493520517189012,22.21876534984031
jpeg_lighthouse2_img97.bmp,6.048920412639831,23.35933215064756
jpeg_ocean_img98.bmp,21.338020129278192,33.17487452965549
jpeg_sailing2_img99.bmp,60.08942909978995,48.44187431552397
jpeg_stream_img100.bmp,86.10542444399968,75.27899604270353
jpeg_coinsinfountain_img101.bmp,1.4095167102611583,26.45959904623459
jpeg_sailing1_img102.bmp,20.11384432883594,29.55677719914686
jpeg_parrots_img103.bmp,47.924303995515146,45.39754888512183
jpeg_carnivaldolls_img104.bmp,71.5851013583185,65.70767925324277
jpeg_caps_img105.bmp,35.600475071373324,42.874483145017024
jpeg_sailing1_img106.bmp,2.6417752512714685,21.61691919301396
jpeg_womanhat_img107.bmp,25.678511910785545,37.18731870129031
jpeg_sailing3_img108.bmp,68.99624940544615,56.20055376716059
jpeg_rapids_img110.bmp,35.57638377416865,46.98621621162363
jpeg_sailing2_img111.bmp,50.00736863727295,44.80579447008242
jpeg_building2_img113.bmp,13.362665072204976,0.0
jpeg_manfishing_img114.bmp,10.338803435497965,0.0
jpeg_flowersonih35_img115.bmp,20.16061726189068,0.0
jpeg_woman_img116.bmp,11.59442079980758,25.296969611743133
jpeg_cemetry_img117.bmp,20.217306699013506,28.52528489057023
jpeg_churchandcapitol_img118.bmp,14.548186301872619,0.0
jpeg_dancers_img119.bmp,20.161711750767353,34.14049053294782
jpeg_house_img120.bmp,14.830418461894368,23.20315084865464
jpeg_sailing1_img121.bmp,40.12265675453145,38.88609401355043
jpeg_sailing1_img122.bmp,0.08494587180720714,0.0
jpeg_cemetry_img123.bmp,11.86776075947634,0.0
jpeg_sailing2_img124.bmp,99.76308606164852,60.08253117197884
jpeg_flowersonih35_img125.bmp,20.16061726189068,0.0
jpeg_cemetry_img128.bmp,51.96123913009089,41.49997147178339
jpeg_coinsinfountain_img129.bmp,79.68868866575937,52.84704264933621
jpeg_statue_img130.bmp,15.106231058448742,22.436113966625584
jpeg_lighthouse_img131.bmp,97.07364116971937,59.07206937353145
jpeg_churchandcapitol_img132.bmp,20.810064582396507,22.645234717415967
jpeg_lighthouse2_img133.bmp,5.614555614472891,0.0
jpeg_flowersonih35_img134.bmp,65.14687726194276,51.03826640654864
jpeg_manfishing_img135.bmp,13.432631744754389,21.368637366413928
jpeg_caps_img136.bmp,7.218184783777673,0.0
jpeg_stream_img137.bmp,18.290558790417293,21.3458262221204
jpeg_rapids_img139.bmp,17.99802858872519,0.0
jpeg_house_img140.bmp,8.527573038778058,0.0
jpeg_lighthouse2_img141.bmp,16.962155166104793,23.75290581914092
jpeg_ocean_img143.bmp,12.447105699757088,20.05966586015515
jpeg_sailing2_img144.bmp,18.11767060537474,21.425352466359897
jpeg_rapids_img146.bmp,24.78094172350299,29.24891486344765
jpeg_parrots_img149.bmp,77.77563735226985,46.86060607831901
jpeg_woman_img150.bmp,21.12856124616266,30.069815195136
jpeg_house_img151.bmp,10.77866969591716,21.024488372894925
jpeg_paintedhouse_img152.bmp,58.60099592605965,42.76036029631906
jpeg_carnivaldolls_img153.bmp,1.545826899227535,0.0
jpeg_womanhat_img154.bmp,98.235859749495,62.67484278906548
jpeg_dancers_img155.bmp,16.25633813727947,0.0
jpeg_ocean_img156.bmp,69.58507799635558,45.01820142211406
jpeg_buildings_img157.bmp,14.437198075115674,22.915712075825788
jpeg_studentsculpture_img158.bmp,13.676263298643761,0.0
jpeg_lighthouse_img161.bmp,95.27901248104999,59.3594312419867
jpeg_buildings_img162.bmp,93.46573764190097,58.27189658802589
jpeg_buildings_img163.bmp,23.564453982350955,30.40910849956548
jpeg_plane_img165.bmp,72.75708677929387,44.48057974318524
jpeg_woman_img167.bmp,93.66428508751139,52.792812754832575
jpeg_womanhat_img168.bmp,6.313660153902646,22.04930214641378
jpeg_ocean_img169.bmp,3.180764267123976,0.0
jpeg_monarch_img170.bmp,87.67376113478937,56.26720450161192
jpeg_building2_img171.bmp,19.20741407312036,25.73298177190513
jpeg_paintedhouse_img172.bmp,10.511665990733349,0.0
jpeg_sailing4_img173.bmp,4.004033214885766,0.0
jpeg_manfishing_img174.bmp,21.90110325112707,25.92338626222032
jpeg_sailing1_img175.bmp,80.00965325548358,49.98714110290032
jpeg_carnivaldolls_img176.bmp,93.52123958220383,59.197872403677
jpeg_sailing2_img177.bmp,98.4483967780312,59.21107877285364
jpeg_monarch_img178.bmp,31.510116967793095,28.60678393478814
jpeg_bikes_img179.bmp,5.108816484013886,0.0
jpeg_lighthouse2_img181.bmp,87.09289697725191,53.56131790395872
jpeg_bikes_img183.bmp,93.56527154674743,56.82089940310144
jpeg_coinsinfountain_img184.bmp,96.76861859802008,60.2993891488666
jpeg_stream_img185.bmp,27.47286903339588,29.73877290381936
jpeg_dancers_img186.bmp,97.0328133854326,58.7879445095596
jpeg_dancers_img187.bmp,97.0328133854326,59.859053210954166
jpeg_bikes_img188.bmp,89.02511069810768,55.940063916424
jpeg_woman_img189.bmp,12.356143018022607,0.0
jpeg_womanhat_img190.bmp,0.5561143093344469,0.0
jpeg_building2_img192.bmp,87.11898523560146,60.59222184804797
jpeg_manfishing_img193.bmp,10.338803435497965,0.0
jpeg_ocean_img194.bmp,40.5462931738268,33.161859024007995
jpeg_churchandcapitol_img195.bmp,95.19459650400935,62.49964418626532
jpeg_parrots_img196.bmp,95.50588714125954,59.998116443912735
jpeg_flowersonih35_img198.bmp,21.323263630914965,25.005853431257847
jpeg_studentsculpture_img200.bmp,61.46606881535783,46.6921578408488
jpeg_lighthouse_img202.bmp,7.8078181223008585,0.0
jpeg_bikes_img203.bmp,26.636231725022043,30.3960122439865
jpeg_buildings_img204.bmp,94.40085904328359,59.01313652905887
jpeg_building2_img205.bmp,82.86074646645577,58.5077181327665
jpeg_sailing3_img206.bmp,10.932128456788718,22.36077002995832
jpeg_caps_img207.bmp,84.87689415627071,49.85666308799925
jpeg_statue_img208.bmp,2.4402050895765512,0.0
jpeg_monarch_img209.bmp,87.67376113478937,58.69876893685053
jpeg_monarch_img211.bmp,9.714905543085678,0.0
jpeg_stream_img212.bmp,14.752058803388621,0.0
jpeg_cemetry_img213.bmp,99.79318647276634,57.24972197729394
jpeg_sailing4_img214.bmp,20.391592232563738,23.764227931406232
jpeg_carnivaldolls_img216.bmp,15.671698369021072,26.954088129242155
jpeg_sailing2_img219.bmp,11.02373745522354,0.0
jpeg_sailing3_img222.bmp,7.04906906607161,0.0
jpeg_building2_img224.bmp,13.362665072204976,0.0
jpeg_building2_img225.bmp,27.71551698034463,32.4893858610105
jpeg_bikes_img226.bmp,18.727164739295944,25.44282492050957
jpeg_buildings_img227.bmp,11.332786369069112,0.0
jpeg_paintedhouse_img228.bmp,16.252826397137227,24.51332756997572
jpeg_flowersonih35_img229.bmp,61.05011251932578,51.40118852850061
jpeg_coinsinfountain_img230.bmp,96.76861859802008,59.50052273961641
jpeg_lighthouse_img231.bmp,19.68698650344399,22.89431644818016
jpeg_lighthouse2_img232.bmp,97.81810199271067,60.55254514620187
jpeg_parrots_img233.bmp,95.50588714125954,58.22680304007044
wn_monarch_img1.bmp,28.317628207510637,28.449050613504284
wn_stream_img2.bmp,66.92691957115798,48.86226780031259
wn_womanhat_img3.bmp,36.72284681483265,37.35766474591758
wn_sailing3_img5.bmp,21.208465819766246,22.25182991091977
wn_lighthouse2_img6.bmp,36.11851828148505,28.32970638179816
wn_woman_img7.bmp,73.20178289411427,50.45216516236562
wn_coinsinfountain_img8.bmp,15.84536535495485,20.711416001111928
wn_cemetry_img9.bmp,63.08765711613435,47.8022173109868
wn_plane_img10.bmp,37.209018544024815,30.910379404918537
wn_womanhat_img11.bmp,15.098480629385534,25.01271709181212
wn_sailing2_img12.bmp,49.62988667159149,38.23861197231064
wn_churchandcapitol_img13.bmp,23.912740912869225,24.37575202371464
wn_carnivaldolls_img14.bmp,18.62025812995998,20.307406757880905
wn_studentsculpture_img16.bmp,44.81677848179626,35.154591911836846
wn_monarch_img17.bmp,58.10513135141022,41.16959454240873
wn_churchandcapitol_img18.bmp,35.234811861002385,32.029192192610275
wn_studentsculpture_img19.bmp,19.27318539014479,19.60742463197844
wn_ocean_img21.bmp,62.30988565810625,47.07703204219865
wn_parrots_img22.bmp,33.35527907998036,28.50580755951212
wn_statue_img25.bmp,60.25513750129804,40.29073203657634
wn_paintedhouse_img26.bmp,60.87918356286795,46.9760077774318
wn_dancers_img27.bmp,48.09291108333761,39.12944783610569
wn_womanhat_img28.bmp,59.04578064898678,45.16431625694513
wn_bikes_img29.bmp,79.19179045108123,54.46282360076056
wn_dancers_img30.bmp,30.607643221939355,30.794572392300985
wn_coinsinfountain_img31.bmp,32.317222661436034,27.49157346487443
wn_lighthouse2_img32.bmp,64.42644961886893,46.28429426643121
wn_woman_img35.bmp,41.019010335537445,33.543367516079435
wn_building2_img36.bmp,76.33881138405332,52.57387417514444
wn_manfishing_img37.bmp,32.491917958009,28.1480513828561
wn_house_img38.bmp,68.39713669910631,49.87206779335661
wn_paintedhouse_img39.bmp,73.94869631747909,52.80103018144482
wn_lighthouse_img40.bmp,54.45674107217437,39.28253393232367
wn_lighthouse_img43.bmp,27.458247273941396,23.425226802503936
wn_studentsculpture_img44.bmp,90.33888010966112,53.384238692346166
wn_cemetry_img45.bmp,29.267548436493456,27.2981439514398
wn_buildings_img46.bmp,40.63576322066851,33.22868969556813
wn_building2_img48.bmp,36.9990067155579,31.570742673042144
wn_flowersonih35_img49.bmp,76.5110058508279,54.80278986865503
wn_dancers_img50.bmp,83.93060737512937,57.19522397546152
wn_dancers_img51.bmp,71.92656210590283,54.031702447174354
wn_house_img54.bmp,22.779788664137158,23.48981406058134
wn_statue_img55.bmp,41.08195033441402,32.790887811496695
wn_sailing1_img56.bmp,38.762453935078696,32.15919587071531
wn_manfishing_img59.bmp,15.081408872144351,18.171540818466337
wn_buildings_img61.bmp,87.79405243659318,56.6813925019012
wn_churchandcapitol_img62.bmp,62.39478895816197,47.815364470050575
wn_cemetry_img63.bmp,42.74424240519372,35.310519059258056
wn_caps_img64.bmp,20.79836370286452,22.503374626941653
wn_cemetry_img65.bmp,70.15579035569615,52.30651823582071
wn_parrots_img67.bmp,53.59785016656426,38.93056555718149
wn_bikes_img68.bmp,50.03446151089585,37.99576353679407
wn_parrots_img69.bmp,66.56679925115296,47.03859547704133
wn_house_img70.bmp,43.85591699075175,35.507924699203414
wn_carnivaldolls_img71.bmp,61.86373768870922,48.12179120703937
wn_flowersonih35_img72.bmp,48.626073892442236,37.66736420630842
wn_manfishing_img73.bmp,71.91472423904028,51.27952860861556
wn_rapids_img74.bmp,60.48074942675433,43.02597822759181
wn_sailing1_img76.bmp,21.64218954051759,23.2098354408661
wn_plane_img78.bmp,12.974009306445026,20.658684095642474
wn_sailing1_img79.bmp,59.69607463060274,43.28446508243275
wn_sailing2_img81.bmp,24.739240462760307,24.16469367657933
wn_monarch_img82.bmp,24.142253606071193,23.942759012671203
wn_house_img83.bmp,75.10084847097801,52.68290142189967
wn_sailing3_img84.bmp,33.3866974483461,29.699985853756605
wn_statue_img85.bmp,11.602352928135105,19.68635098573341
wn_sailing4_img86.bmp,61.71101755062361,44.61810289148627
wn_stream_img88.bmp,40.308872859559045,34.23029486513069
wn_sailing3_img89.bmp,59.32644651451929,44.75335618462668
wn_carnivaldolls_img90.bmp,39.42522769065985,34.49706446809392
wn_statue_img91.bmp,69.39162998451502,50.19334387173421
wn_coinsinfountain_img92.bmp,71.40420838357221,51.318422411965095
wn_churchandcapitol_img93.bmp,71.92850317280667,53.84641159383728
wn_bikes_img95.bmp,22.971692938339373,25.293947664420266
wn_lighthouse_img96.bmp,70.67816006345484,51.3502225028313
wn_bikes_img97.bmp,74.0514713147418,49.3575302613863
wn_woman_img98.bmp,19.705456528654935,19.51728628082142
wn_ocean_img99.bmp,14.6007746164465,18.878752040927587
wn_sailing4_img100.bmp,40.68976930409494,33.84747168218642
wn_rapids_img101.bmp,22.87556029335346,18.225225740269767
wn_building2_img102.bmp,54.461296938424624,40.56284195591726
wn_buildings_img103.bmp,25.411848764473092,25.00548166763891
wn_stream_img106.bmp,81.04984675933818,56.207452902803325
wn_rapids_img107.bmp,38.36238691861999,30.986839130840742
wn_lighthouse2_img108.bmp,58.86264156500394,43.55504332963799
wn_house_img109.bmp,62.0395671175165,45.32049999361613
wn_caps_img110.bmp,53.33869237896536,41.339397862684045
wn_paintedhouse_img111.bmp,45.21982595779534,36.52224734859556
wn_studentsculpture_img112.bmp,69.4726544334844,47.64388711431484
wn_lighthouse_img114.bmp,45.213340209605434,32.20299718280108
wn_woman_img115.bmp,66.16300594931582,44.94526980494271
wn_rapids_img116.bmp,75.81291178764593,50.37554053115559
wn_sailing2_img117.bmp,34.913937123524505,28.22314322398699
wn_building2_img118.bmp,38.20151179820206,33.50169399819825
wn_womanhat_img119.bmp,67.20597182108438,48.95462394077779
wn_ocean_img120.bmp,71.76490695857052,51.474597776260914
wn_building2_img121.bmp,87.24137080326105,55.286983378847374
wn_flowersonih35_img122.bmp,71.48974755799307,52.17033273533363
wn_sailing3_img123.bmp,65.35128460928698,48.03366696738555
wn_coinsinfountain_img124.bmp,64.32949736273255,46.91034732543944
wn_lighthouse2_img125.bmp,23.970674113384206,21.02304265105594
wn_sailing4_img126.bmp,65.62422476391637,48.233320341629984
wn_sailing4_img127.bmp,14.929355815767138,20.53686608994719
wn_sailing2_img128.bmp,62.932533725339596,47.81424824346578
wn_plane_img129.bmp,64.84562589989375,48.69582100754658
wn_buildings_img130.bmp,77.7429455346759,52.16119598246932
wn_caps_img132.bmp,38.1970140023661,33.54176848227497
wn_flowersonih35_img133.bmp,25.656138736855922,19.813776756304243
wn_sailing4_img134.bmp,75.37818499036752,52.17326241873206
wn_carnivaldolls_img135.bmp,67.55150817614768,50.47087190504282
wn_stream_img138.bmp,23.987905608438467,24.590596782310868
wn_plane_img139.bmp,55.80083291236136,41.9217934886144
wn_monarch_img140.bmp,66.81377032727286,49.08675235466103
wn_sailing1_img141.bmp,67.7023179587604,48.85542516760175
wn_paintedhouse_img142.bmp,27.51050584261972,25.18190630247393
wn_manfishing_img143.bmp,64.48021279788892,47.23994202090737
wn_caps_img144.bmp,65.83819865485046,48.03932331168035
wn_ocean_img147.bmp,3.180764267123976,0.0
wn_statue_img148.bmp,2.4402050895765512,0.0
wn_dancers_img149.bmp,16.25633813727947,0.0
wn_paintedhouse_img150.bmp,10.511665990733349,0.0
wn_stream_img151.bmp,14.752058803388621,0.0
wn_bikes_img152.bmp,5.108816484013886,0.0
wn_flowersonih35_img153.bmp,20.16061726189068,0.0
wn_studentsculpture_img155.bmp,13.676263298643761,0.0
wn_building2_img156.bmp,13.362665072204976,0.0
wn_woman_img158.bmp,12.356143018022607,0.0
wn_buildings_img159.bmp,11.332786369069112,0.0
wn_house_img160.bmp,8.527573038778058,0.0
wn_rapids_img161.bmp,17.99802858872519,0.0
wn_womanhat_img162.bmp,0.5561143093344469,0.0
wn_caps_img163.bmp,7.218184783777673,0.0
wn_lighthouse_img164.bmp,7.8078181223008585,0.0
wn_sailing1_img165.bmp,0.08494587180720714,0.0
wn_carnivaldolls_img166.bmp,1.545826899227535,0.0
wn_lighthouse2_img167.bmp,5.614555614472891,0.0
wn_sailing2_img168.bmp,11.02373745522354,0.0
wn_cemetry_img169.bmp,11.86776075947634,0.0
wn_manfishing_img170.bmp,10.338803435497965,0.0
wn_sailing3_img171.bmp,7.04906906607161,0.0
wn_churchandcapitol_img172.bmp,14.548186301872619,0.0
wn_monarch_img173.bmp,9.714905543085678,0.0
wn_sailing4_img174.bmp,4.004033214885766,0.0
gblur_caps_img1.bmp,33.41323329962924,40.79744662150747
gblur_churchandcapitol_img2.bmp,40.13613962942654,36.69893153696868
gblur_monarch_img3.bmp,57.72923853016616,41.81571819190511
gblur_lighthouse_img4.bmp,6.072997576869938,21.652387922056107
gblur_plane_img5.bmp,89.37110864657447,66.84060107231909
gblur_carnivaldolls_img6.bmp,57.30562267166815,51.567496049237256
gblur_buildings_img7.bmp,31.330651659814833,29.18659119805441
gblur_building2_img8.bmp,32.27867318010166,28.869078182448074
gblur_rapids_img9.bmp,26.882726088010003,25.17930193304865
gblur_sailing2_img10.bmp,97.94466876443616,81.39075601848249
gblur_monarch_img11.bmp,95.82980812048797,75.92450157535032
gblur_parrots_img12.bmp,29.762634919616374,25.06544466838626
gblur_cemetry_img13.bmp,28.06025672742416,30.87053553484016
gblur_manfishing_img14.bmp,40.24733207582014,33.14363342907686
gblur_lighthouse_img15.bmp,44.74683970556927,41.87691578840591
gblur_manfishing_img16.bmp,64.39428370131529,58.82542139271175
gblur_rapids_img17.bmp,87.01957275893434,80.08185242408946
gblur_stream_img18.bmp,31.161209543683952,32.43798324799404
gblur_coinsinfountain_img19.bmp,56.846470431519805,50.20470317181026
gblur_studentsculpture_img20.bmp,42.912229934343685,40.13275845852154
gblur_dancers_img21.bmp,40.12174765584834,38.39024208204622
gblur_coinsinfountain_img22.bmp,50.138035411511254,45.33888672322679
gblur_paintedhouse_img23.bmp,19.680972184438673,21.829091767392
gblur_building2_img25.bmp,58.38575309366692,56.71042207890489
gblur_bikes_img26.bmp,46.87135889815099,41.73492240913701
gblur_carnivaldolls_img27.bmp,34.256754897811305,32.44451117849036
gblur_caps_img28.bmp,18.973969818642416,24.647640917972566
gblur_rapids_img29.bmp,35.5683574807442,30.14020581110176
gblur_plane_img30.bmp,74.17224547948351,48.03858521435035
gblur_parrots_img31.bmp,63.21989104257622,49.19106010174272
gblur_coinsinfountain_img32.bmp,11.84258152674849,22.41387043746313
gblur_building2_img33.bmp,38.809042368309264,36.57290800406624
gblur_rapids_img34.bmp,41.049338245644066,44.71956079929084
gblur_sailing1_img35.bmp,32.76874349386512,30.402052114441062
gblur_womanhat_img36.bmp,53.38554417400971,46.88524261173885
gblur_monarch_img37.bmp,68.66463523401316,52.47683449669604
gblur_studentsculpture_img38.bmp,49.83247149735129,46.89440866176151
gblur_paintedhouse_img39.bmp,37.52600203050983,34.979893570930216
gblur_bikes_img40.bmp,65.97491713716019,55.87531129028216
gblur_dancers_img41.bmp,65.20891169009187,59.65124686010489
gblur_womanhat_img42.bmp,44.15356512126286,36.8973112735544
gblur_sailing2_img43.bmp,44.26880317348295,40.21682295561454
gblur_studentsculpture_img44.bmp,32.75107133252433,27.532661536017788
gblur_buildings_img45.bmp,12.793103386211186,23.40103451443918
gblur_sailing1_img46.bmp,18.86396292564163,23.12319309694844
gblur_manfishing_img47.bmp,50.69313906795966,46.037528023119386
gblur_sailing2_img48.bmp,66.67710813724031,53.4798260611554
gblur_house_img49.bmp,38.826807280331735,35.05830695432234
gblur_stream_img50.bmp,40.11929556221682,44.60861754215323
gblur_dancers_img51.bmp,24.850252405409123,23.62677772463725
gblur_carnivaldolls_img52.bmp,67.97962155751631,63.27262872262177
gblur_lighthouse2_img53.bmp,59.15940829505834,55.71378985887012
gblur_statue_img54.bmp,62.79649082628109,55.19597312450631
gblur_lighthouse2_img55.bmp,51.510135866778086,47.71158036037685
gblur_parrots_img56.bmp,50.75908694128245,36.5850812146053
gblur_ocean_img57.bmp,52.59176064944458,50.58724397755238
gblur_stream_img58.bmp,69.64929095274894,66.90420924161855
gblur_carnivaldolls_img59.bmp,45.98860489791852,41.65138653194293
gblur_bikes_img60.bmp,18.098452944636705,22.234477454208136
gblur_womanhat_img61.bmp,34.41401824467184,27.75871955510981
gblur_buildings_img62.bmp,35.09475686062487,33.33511312508796
gblur_plane_img63.bmp,15.31567039220019,20.809235573080496
gblur_woman_img64.bmp,35.9601416003147,37.84717528669362
gblur_flowersonih35_img65.bmp,42.61089139596683,40.281254491939656
gblur_churchandcapitol_img66.bmp,55.03542644146043,55.06486273195787
gblur_manfishing_img67.bmp,19.646869220072375,24.513675278705417
gblur_woman_img68.bmp,60.48685113743065,60.0259719900808
gblur_parrots_img69.bmp,85.30919748343669,72.81132894521068
gblur_caps_img70.bmp,76.39712822987642,69.15498279346312
gblur_stream_img71.bmp,11.626746144894327,22.501125265298416
gblur_sailing2_img72.bmp,54.17643925270906,45.72421426233743
gblur_buildings_img73.bmp,71.29772429051044,56.17541354782445
gblur_sailing1_img74.bmp,48.534674437712255,39.71115995972173
gblur_lighthouse2_img75.bmp,45.066701739435615,41.05616826836822
gblur_sailing4_img76.bmp,42.40642753067695,39.24460142981521
gblur_statue_img77.bmp,46.985296944708665,39.57008513087928
gblur_manfishing_img78.bmp,67.36248501658471,62.410386140190816
gblur_sailing3_img79.bmp,41.22927037706856,37.43657777600951
gblur_building2_img80.bmp,42.87247399810346,40.97080069172527
gblur_paintedhouse_img81.bmp,49.44378143783351,44.616159557027885
gblur_womanhat_img82.bmp,19.944117871776115,23.14163087157064
gblur_cemetry_img83.bmp,64.74586658996904,60.09726608656661
gblur_sailing2_img84.bmp,27.25370547417603,27.16094456252653
gblur_flowersonih35_img85.bmp,45.348015437818134,52.8581343666631
gblur_plane_img86.bmp,55.90751885941799,36.65132395323048
gblur_flowersonih35_img87.bmp,38.84801593202084,37.18805804002539
gblur_caps_img88.bmp,67.18159597966323,60.83318137615688
gblur_sailing4_img89.bmp,33.126508191749934,31.005705953226386
gblur_flowersonih35_img90.bmp,20.443252155061344,22.60390150476486
gblur_churchandcapitol_img91.bmp,48.51679263764888,46.44808207928415
gblur_ocean_img92.bmp,18.12107389449588,24.38255665342359
gblur_dancers_img93.bmp,41.51831349807932,43.83337619048746
gblur_house_img94.bmp,14.92135494119779,25.621121132952435
gblur_carnivaldolls_img95.bmp,10.787185644453729,19.71314622626049
gblur_monarch_img96.bmp,35.57867098279675,23.23545737951052
gblur_lighthouse_img97.bmp,48.86993158192885,49.99575757714087
gblur_statue_img98.bmp,33.31326720596448,27.85836184006841
gblur_woman_img99.bmp,53.79653619693724,55.50823592676681
gblur_studentsculpture_img100.bmp,55.83059395775305,52.56069129864255
gblur_coinsinfountain_img101.bmp,28.735608089530132,27.20939029589192
gblur_lighthouse_img102.bmp,34.053941671036654,32.998157461121515
gblur_monarch_img103.bmp,55.35323591481912,40.40106473146633
gblur_churchandcapitol_img104.bmp,82.27890532329863,82.28872006727453
gblur_parrots_img105.bmp,73.65705757017938,63.86249522881483
gblur_ocean_img106.bmp,36.92416932917931,28.226852237620903
gblur_flowersonih35_img107.bmp,66.353299487327,67.1801054018408
gblur_studentsculpture_img108.bmp,23.995355090534048,22.80333289229401
gblur_cemetry_img109.bmp,40.7690926218647,41.97731378997512
gblur_paintedhouse_img110.bmp,45.138367453297946,42.07092681085049
gblur_sailing3_img111.bmp,18.038919039938577,26.669369981522703
gblur_bikes_img112.bmp,32.40583736820517,30.47500491045093
gblur_house_img113.bmp,49.269225543578585,43.275131761734585
gblur_sailing3_img114.bmp,53.78636054432431,49.396519730786544
gblur_caps_img115.bmp,48.234167958086545,54.14973576761499
gblur_paintedhouse_img116.bmp,84.91727789949854,78.57666525276662
gblur_ocean_img117.bmp,77.67990334952637,77.0118641078761
gblur_lighthouse2_img118.bmp,71.04182660830085,64.71324189989232
gblur_ocean_img119.bmp,46.30633607867932,39.23812884825018
gblur_statue_img120.bmp,73.48123839720333,66.07056502909931
gblur_sailing4_img121.bmp,71.89930642028557,68.43497242784876
gblur_house_img122.bmp,40.4928762127125,37.224948275998834
gblur_coinsinfountain_img123.bmp,67.29028050459462,57.15244298107309
gblur_sailing3_img124.bmp,65.83521555268541,60.09570927918292
gblur_sailing1_img125.bmp,66.35351936219124,62.85753622175301
gblur_stream_img126.bmp,34.388413630536746,35.883758592277594
gblur_sailing4_img127.bmp,53.10804140038201,50.14722393990888
gblur_dancers_img128.bmp,53.18493785665598,54.393671891825576
gblur_bikes_img129.bmp,34.85778404572906,29.947983790473323
gblur_sailing1_img130.bmp,52.328796323789874,47.06165651678819
gblur_statue_img131.bmp,57.697200839416354,52.21078694726688
gblur_womanhat_img132.bmp,71.5280269582955,59.42960210279069
gblur_lighthouse2_img133.bmp,16.53992181327098,26.27587739563282
gblur_buildings_img134.bmp,53.67851580588021,46.68926805929724
gblur_cemetry_img135.bmp,46.814581061177904,45.65957934684874
gblur_sailing4_img136.bmp,25.907341710783243,30.69813594871957
gblur_building2_img137.bmp,20.65138591037575,19.944546516952613
gblur_house_img138.bmp,71.05714903747989,67.05636897113352
gblur_plane_img139.bmp,86.24649074829571,59.82513779423124
gblur_woman_img140.bmp,38.58278811540637,38.6747713027579
gblur_rapids_img141.bmp,50.38674235824848,53.13733444795941
gblur_churchandcapitol_img142.bmp,33.96154984812196,30.953530683278736
gblur_cemetry_img143.bmp,35.01316659705387,33.81920938244369
gblur_sailing3_img144.bmp,69.84464206909021,66.3321937439254
gblur_woman_img145.bmp,22.52326173895935,23.87507059399361
gblur_ocean_img147.bmp,3.180764267123976,0.0
gblur_statue_img148.bmp,2.4402050895765512,0.0
gblur_dancers_img149.bmp,16.25633813727947,0.0
gblur_paintedhouse_img150.bmp,10.511665990733349,0.0
gblur_stream_img151.bmp,14.752058803388621,0.0
gblur_bikes_img152.bmp,5.108816484013886,0.0
gblur_flowersonih35_img153.bmp,20.16061726189068,0.0
gblur_studentsculpture_img155.bmp,13.676263298643761,0.0
gblur_building2_img156.bmp,13.362665072204976,0.0
gblur_woman_img158.bmp,12.356143018022607,0.0
gblur_buildings_img159.bmp,11.332786369069112,0.0
gblur_house_img160.bmp,8.527573038778058,0.0
gblur_rapids_img161.bmp,17.99802858872519,0.0
gblur_womanhat_img162.bmp,0.5561143093344469,0.0
gblur_caps_img163.bmp,7.218184783777673,0.0
gblur_lighthouse_img164.bmp,7.8078181223008585,0.0
gblur_sailing1_img165.bmp,0.08494587180720714,0.0
gblur_carnivaldolls_img166.bmp,1.545826899227535,0.0
gblur_lighthouse2_img167.bmp,5.614555614472891,0.0
gblur_sailing2_img168.bmp,11.02373745522354,0.0
gblur_cemetry_img169.bmp,11.86776075947634,0.0
gblur_manfishing_img170.bmp,10.338803435497965,0.0
gblur_sailing3_img171.bmp,7.04906906607161,0.0
gblur_churchandcapitol_img172.bmp,14.548186301872619,0.0
gblur_monarch_img173.bmp,9.714905543085678,0.0
gblur_sailing4_img174.bmp,4.004033214885766,0.0
fastfading_coinsinfountain_img1.bmp,77.259040817368,60.20396230395742
fastfading_coinsinfountain_img2.bmp,77.31329436121322,58.27823032567312
fastfading_coinsinfountain_img3.bmp,77.2584467600145,56.94935356368719
fastfading_coinsinfountain_img4.bmp,39.65423522407295,28.709063084340382
fastfading_coinsinfountain_img5.bmp,5.882401966194919,23.994366782488648
fastfading_ocean_img6.bmp,70.72715398006275,52.17093178292307
fastfading_ocean_img7.bmp,37.404916209311494,46.11334734203969
fastfading_ocean_img8.bmp,67.23670159460377,64.48012752171866
fastfading_ocean_img9.bmp,66.97580743340788,52.8430669555958
fastfading_ocean_img10.bmp,11.050669221782499,19.880777773284784
fastfading_statue_img11.bmp,81.05246090039802,58.158764730827215
fastfading_statue_img12.bmp,49.352503868531784,43.11096125865286
fastfading_statue_img13.bmp,13.211171331092572,22.608524495279426
fastfading_statue_img14.bmp,27.032390935520965,27.852833569295854
fastfading_statue_img15.bmp,12.370950912185293,22.74784332916117
fastfading_dancers_img16.bmp,56.48573263456328,54.4136868338346
fastfading_dancers_img17.bmp,52.44011208987567,47.84995396460717
fastfading_dancers_img18.bmp,76.4057336397785,63.25450438305444
fastfading_dancers_img19.bmp,52.503192951520276,40.68903262975969
fastfading_dancers_img20.bmp,18.598791142298722,29.21077712955032
fastfading_paintedhouse_img21.bmp,78.56482080705084,61.71215263698652
fastfading_paintedhouse_img22.bmp,24.854704479265564,52.53970356037682
fastfading_paintedhouse_img23.bmp,31.822817836472694,43.52277520373929
fastfading_paintedhouse_img24.bmp,56.1577476222603,47.884829376743305
fastfading_paintedhouse_img25.bmp,18.272040965410923,24.33354975351484
fastfading_stream_img26.bmp,67.67822155495,55.14997767965747
fastfading_stream_img27.bmp,15.719773996478665,22.721953089662765
fastfading_stream_img28.bmp,16.188919701786716,25.561422349359365
fastfading_stream_img29.bmp,14.582580181020688,25.76215198741072
fastfading_stream_img30.bmp,14.816222827826294,20.65754722643205
fastfading_bikes_img32.bmp,52.77338740546574,46.69234531378946
fastfading_bikes_img33.bmp,15.18104448807648,35.59452200040411
fastfading_bikes_img34.bmp,14.872318422485108,22.5542907133218
fastfading_bikes_img35.bmp,48.708090843900635,44.684429870826605
fastfading_flowersonih35_img36.bmp,64.17596059802415,48.059379456363054
fastfading_flowersonih35_img37.bmp,96.78066159188236,71.74686317259881
fastfading_flowersonih35_img38.bmp,23.141633369080836,34.17122363638728
fastfading_flowersonih35_img39.bmp,22.270795643103355,36.02501784649157
fastfading_flowersonih35_img40.bmp,22.912191361540835,25.924933011386777
fastfading_parrots_img41.bmp,69.20035611750458,44.06401187357692
fastfading_parrots_img42.bmp,83.56805101991378,50.09550072096695
fastfading_parrots_img43.bmp,1.1425838447538297,20.658669914588216
fastfading_parrots_img44.bmp,32.40644424322758,28.426551837130564
fastfading_parrots_img45.bmp,7.872566243506498,18.384752812502445
fastfading_studentsculpture_img46.bmp,92.67980835616143,65.1444765118089
fastfading_studentsculpture_img47.bmp,77.08072285551023,73.67472823425321
fastfading_studentsculpture_img48.bmp,57.769957333386714,49.40942469645501
fastfading_studentsculpture_img49.bmp,22.835097320285712,24.163027793216003
fastfading_studentsculpture_img50.bmp,22.274097815153794,24.81676818416552
fastfading_building2_img51.bmp,78.84206728360638,65.45383851704682
fastfading_building2_img52.bmp,36.12797846687076,75.7558909540007
fastfading_building2_img53.bmp,40.23564686602978,44.84198668874369
fastfading_building2_img54.bmp,19.930707661051628,22.907287648296585
fastfading_building2_img55.bmp,19.32598526974388,25.74324917886052
fastfading_plane_img56.bmp,34.12967292480775,45.10698347169056
fastfading_plane_img57.bmp,44.511731690007736,60.2895726777077
fastfading_plane_img58.bmp,73.2218746557879,71.87112528783484
fastfading_plane_img59.bmp,19.183521407060624,21.936143181102107
fastfading_plane_img60.bmp,9.24454479327423,24.78480159902308
fastfading_woman_img61.bmp,77.45191024620325,60.18761196298745
fastfading_woman_img62.bmp,77.72192178127383,59.03672673178852
fastfading_woman_img63.bmp,15.023536143046698,28.232750641667195
fastfading_woman_img64.bmp,14.72442432461466,22.34725068046415
fastfading_woman_img65.bmp,94.93192011094126,67.23643559807651
fastfading_buildings_img66.bmp,60.12521861910713,50.61844789683425
fastfading_buildings_img67.bmp,76.65862974297622,58.85341168013779
fastfading_buildings_img68.bmp,69.65696276650132,56.51507879283675
fastfading_buildings_img69.bmp,94.25848305407087,68.30919108956431
fastfading_buildings_img70.bmp,16.210156166254222,21.16647786107046
fastfading_house_img71.bmp,97.31715705791513,73.00077914043769
fastfading_house_img72.bmp,12.591221085951105,29.550849404812872
fastfading_house_img73.bmp,31.909769155791167,37.71485967708266
fastfading_house_img74.bmp,11.790852670193516,22.88254038599896
fastfading_house_img75.bmp,11.669749488076349,22.801778179077623
fastfading_rapids_img76.bmp,63.538711985906474,73.01922493600642
fastfading_rapids_img77.bmp,38.48693821373578,43.343933783899175
fastfading_rapids_img78.bmp,45.177637272477426,42.88348282361818
fastfading_rapids_img79.bmp,26.436365931528684,49.28064464317524
fastfading_rapids_img80.bmp,23.42759848183786,20.37669295822947
fastfading_womanhat_img81.bmp,45.40947615638183,44.67319601003713
fastfading_womanhat_img82.bmp,25.731799713651952,40.44999366018176
fastfading_womanhat_img83.bmp,7.724567337684192,30.5516305767306
fastfading_womanhat_img84.bmp,14.303701833465624,27.4964852724678
fastfading_womanhat_img85.bmp,63.6623176716391,47.9970182401831
fastfading_caps_img86.bmp,93.73735501817768,69.00738835274029
fastfading_caps_img87.bmp,81.59522967682025,60.05538598092039
fastfading_caps_img88.bmp,65.16867731285149,50.70893478391373
fastfading_caps_img89.bmp,27.98919975922442,34.452727420972266
fastfading_caps_img90.bmp,19.80255791539443,42.48963528480122
fastfading_lighthouse_img91.bmp,68.37667647564771,48.62980020738564
fastfading_lighthouse_img92.bmp,83.05911539968977,63.51936093738853
fastfading_lighthouse_img93.bmp,51.64440919068872,38.631637263321714
fastfading_lighthouse_img94.bmp,31.397821447635778,43.35766048649781
fastfading_lighthouse_img95.bmp,67.4574361664738,50.29223218246293
fastfading_sailing1_img96.bmp,23.65363810692699,71.89723736681489
fastfading_sailing1_img97.bmp,73.07043611355206,57.61656847253532
fastfading_sailing1_img98.bmp,7.4183144887705055,28.56515376187798
fastfading_sailing1_img99.bmp,63.65803767899044,51.33216624755064
fastfading_sailing1_img100.bmp,70.5912842730846,53.85493110320889
fastfading_carnivaldolls_img101.bmp,61.277527085458786,51.598912685764695
fastfading_carnivaldolls_img102.bmp,43.39320446780229,38.38777059092234
fastfading_carnivaldolls_img103.bmp,68.14168279354428,55.53380231585767
fastfading_carnivaldolls_img104.bmp,11.8645605884561,21.989942428231444
fastfading_carnivaldolls_img105.bmp,11.86296120965548,23.9204494089335
fastfading_lighthouse2_img106.bmp,70.58827506121256,53.82623745271187
fastfading_lighthouse2_img107.bmp,63.98095955737321,49.57856814402739
fastfading_lighthouse2_img108.bmp,57.05673539294045,48.51290494846874
fastfading_lighthouse2_img109.bmp,47.9857857406499,34.275406961300426
fastfading_lighthouse2_img110.bmp,10.850469200789775,21.86108278019729
fastfading_sailing2_img111.bmp,64.99623910729733,47.868478423392304
fastfading_sailing2_img112.bmp,81.16745694975472,56.93055184204178
fastfading_sailing2_img113.bmp,65.14455759721133,47.92923240509558
fastfading_sailing2_img114.bmp,30.427206319449027,35.91915649580256
fastfading_sailing2_img115.bmp,18.02144081229548,33.230603831873566
fastfading_cemetry_img117.bmp,77.71040862360971,61.57439855567809
fastfading_cemetry_img118.bmp,58.43714655242181,51.50982039992107
fastfading_cemetry_img119.bmp,23.22005049455683,21.24550718918256
fastfading_cemetry_img120.bmp,95.60840938667215,66.50936890603413
fastfading_manfishing_img121.bmp,61.16206859460485,51.201814535488495
fastfading_manfishing_img122.bmp,69.2443340164468,55.75483745256088
fastfading_manfishing_img123.bmp,48.18673546647639,40.29495291275945
fastfading_manfishing_img124.bmp,17.423508113359134,25.113564885030108
fastfading_manfishing_img125.bmp,15.736704257344257,21.01374189782256
fastfading_sailing3_img126.bmp,80.62352115856069,58.49412910216877
fastfading_sailing3_img127.bmp,20.254722167510607,28.610335372582234
fastfading_sailing3_img128.bmp,23.20749679243201,28.619708664613675
fastfading_sailing3_img129.bmp,17.422397868575302,21.63835685637893
fastfading_sailing3_img130.bmp,17.209221357719088,21.85909600437753
fastfading_churchandcapitol_img133.bmp,28.935739299175765,25.039342654439164
fastfading_churchandcapitol_img134.bmp,28.15584783107758,26.334531585561763
fastfading_churchandcapitol_img135.bmp,45.269496222278434,38.99377494533439
fastfading_monarch_img136.bmp,76.76508102977752,54.17803636018191
fastfading_monarch_img137.bmp,59.23495749380899,44.6232087020917
fastfading_monarch_img138.bmp,29.856389850278077,32.19273641933354
fastfading_monarch_img139.bmp,20.991230947157277,20.51356186328117
fastfading_monarch_img140.bmp,20.48392590620412,21.877023873740548
fastfading_sailing4_img141.bmp,68.27876202413628,57.78625829863313
fastfading_sailing4_img142.bmp,25.03602023082985,46.972494017952975
fastfading_sailing4_img143.bmp,35.58329498802581,36.7992661412233
fastfading_sailing4_img144.bmp,56.52179242201336,48.94357164504853
fastfading_sailing4_img145.bmp,29.46320046800585,36.06660548802792
fastfading_ocean_img147.bmp,3.180764267123976,0.0
fastfading_statue_img148.bmp,2.4402050895765512,0.0
fastfading_dancers_img149.bmp,16.25633813727947,0.0
fastfading_paintedhouse_img150.bmp,10.511665990733349,0.0
fastfading_stream_img151.bmp,14.752058803388621,0.0
fastfading_bikes_img152.bmp,5.108816484013886,0.0
fastfading_flowersonih35_img153.bmp,20.16061726189068,0.0
fastfading_studentsculpture_img155.bmp,13.676263298643761,0.0
fastfading_building2_img156.bmp,13.362665072204976,0.0
fastfading_woman_img158.bmp,12.356143018022607,0.0
fastfading_buildings_img159.bmp,11.332786369069112,0.0
fastfading_house_img160.bmp,8.527573038778058,0.0
fastfading_rapids_img161.bmp,17.99802858872519,0.0
fastfading_womanhat_img162.bmp,0.5561143093344469,0.0
fastfading_caps_img163.bmp,7.218184783777673,0.0
fastfading_lighthouse_img164.bmp,7.8078181223008585,0.0
fastfading_sailing1_img165.bmp,0.08494587180720714,0.0
fastfading_carnivaldolls_img166.bmp,1.545826899227535,0.0
fastfading_lighthouse2_img167.bmp,5.614555614472891,0.0
fastfading_sailing2_img168.bmp,11.02373745522354,0.0
fastfading_cemetry_img169.bmp,11.86776075947634,0.0
fastfading_manfishing_img170.bmp,10.338803435497965,0.0
fastfading_sailing3_img171.bmp,7.04906906607161,0.0
fastfading_churchandcapitol_img172.bmp,14.548186301872619,0.0
fastfading_monarch_img173.bmp,9.714905543085678,0.0
fastfading_sailing4_img174.bmp,4.004033214885766,0.0
